T5_lag60,hour_of_day_cos,T6,T14,T13,T1_lag30,L,T1_lag60,T5_lag1,T5_lag5,T1_lag240,T4_lag30,T4_lag60,T4,T4_lag5,T4_lag240,T4_lag10,T1_lag5,B,T4_lag1,T5_lag30,T1_lag10,T5_lag240,T5_lag10,D,F,T7,hour_of_day_sin,T5,T1
350.99,1.0,351.06,362.92,354.75,350.82,780.0,350.82,350.99,350.99,350.89,350.94,350.94,350.94,350.94,351.08,350.94,350.82,340,350.94,350.99,350.82,351.16,350.99,260,600,351.14,0.0,350.99,350.82
350.99,0.9996573249755573,351.06,362.92,354.75,350.82,780.0,350.82,350.99,350.99,350.86,350.94,350.94,350.94,350.94,351.02,350.94,350.82,340,350.94,350.99,350.82,351.09,350.99,260,600,351.14,0.02617694830787352,350.99,350.82
350.99,0.9986295347545738,351.06,362.92,354.75,350.82,780.0,350.82,350.99,350.99,350.85,350.94,350.94,350.94,350.94,350.99,350.94,350.82,340,350.94,350.99,350.82,351.05,350.99,260,600,351.14,0.05233595624294457,350.99,350.82
350.99,0.996917333733128,351.06,362.92,354.75,350.82,780.0,350.82,350.99,350.99,350.84,350.94,350.94,350.94,350.94,350.97,350.94,350.82,340,350.94,350.99,350.82,351.03,350.99,260,600,351.14,0.07845909572784512,350.99,350.82
350.99,0.9945218953682733,351.06,362.92,354.75,350.82,780.0,350.82,350.99,350.99,350.83,350.94,350.94,350.94,350.94,350.96,350.94,350.82,340,350.94,350.99,350.82,351.02,350.99,260,600,351.14,0.10452846326765401,350.99,350.82
350.99,0.9914448613738104,351.06,362.92,354.75,350.82,780.0,350.82,350.99,350.99,350.83,350.94,350.94,350.94,350.94,350.95,350.94,350.82,340,350.94,350.99,350.82,351.01,350.99,260,600,351.14,0.13052619222005157,350.99,350.82
350.99,0.9876883405951377,351.06,362.92,354.75,350.82,780.0,350.82,350.99,350.99,350.83,350.94,350.94,350.94,350.94,350.95,350.94,350.82,340,350.94,350.99,350.82,351.01,350.99,260,600,351.14,0.15643446504023123,350.99,350.82
350.99,0.9832549075639545,351.06,362.92,354.75,350.82,780.0,350.82,350.99,350.99,350.83,350.94,350.94,350.94,350.94,350.95,350.94,350.82,340,350.94,350.99,350.82,351.0,350.99,260,600,351.14,0.18223552549214816,350.99,350.82
350.99,0.9781476007338056,351.06,362.92,354.75,350.82,780.0,350.82,350.99,350.99,350.82,350.94,350.94,350.94,350.94,350.94,350.94,350.82,340,350.94,350.99,350.82,351.0,350.99,260,600,351.14,0.2079116908177595,350.99,350.82
350.99,0.9723699203976764,351.06,362.92,354.75,350.82,780.0,350.82,350.99,350.99,350.82,350.94,350.94,350.94,350.94,350.94,350.94,350.82,340,350.94,350.99,350.82,351.0,350.99,260,600,351.14,0.23344536385590595,350.99,350.82
350.99,0.9659258262890683,351.06,362.92,354.75,350.82,780.0,350.82,350.99,350.99,350.82,350.94,350.94,350.94,350.94,350.94,350.94,350.82,340,350.94,350.99,350.82,351.0,350.99,260,600,351.14,0.25881904510252074,350.99,350.82
350.99,0.9588197348681929,351.06,362.92,354.75,350.82,780.0,350.82,350.99,350.99,350.82,350.94,350.94,350.94,350.94,350.94,350.94,350.82,340,350.94,350.99,350.82,350.99,350.99,260,600,351.14,0.2840153447039229,350.99,350.82
350.99,0.9510565162951533,351.06,362.92,354.75,350.82,780.0,350.82,350.99,350.99,350.82,350.94,350.94,350.94,350.94,350.94,350.94,350.82,340,350.94,350.99,350.82,350.99,350.99,260,600,351.14,0.3090169943749481,350.99,350.82
350.99,0.9426414910921783,351.06,362.92,354.75,350.82,780.0,350.82,350.99,350.99,350.82,350.94,350.94,350.94,350.94,350.94,350.94,350.82,340,350.94,350.99,350.82,350.99,350.99,260,600,351.14,0.3338068592337711,350.99,350.82
350.99,0.9335804264972015,351.06,362.92,354.75,350.82,780.0,350.82,350.99,350.99,350.82,350.94,350.94,350.94,350.94,350.94,350.94,350.82,340,350.94,350.99,350.82,350.99,350.99,260,600,351.14,0.3583679495453008,350.99,350.82
350.99,0.9238795325112867,351.06,362.92,354.75,350.82,780.0,350.82,350.99,350.99,350.82,350.94,350.94,350.94,350.94,350.94,350.94,350.82,340,350.94,350.99,350.82,350.99,350.99,260,600,351.14,0.3826834323650898,350.99,350.82
350.99,0.9135454576426008,351.06,362.92,354.75,350.82,780.0,350.82,350.99,350.99,350.82,350.94,350.94,350.94,350.94,350.94,350.94,350.82,340,350.94,350.99,350.82,350.99,350.99,260,600,351.14,0.40673664307580054,350.99,350.82
350.99,0.9025852843498603,351.06,362.92,354.75,350.82,780.0,350.82,350.99,350.99,350.82,350.94,350.94,350.94,350.94,350.94,350.94,350.82,340,350.94,350.99,350.82,350.99,350.99,260,600,351.14,0.4305110968082958,350.99,350.82
350.99,0.8910065241883678,351.06,362.92,354.75,350.82,780.0,350.82,350.99,350.99,350.82,350.94,350.94,350.94,350.94,350.94,350.94,350.82,340,350.94,350.99,350.82,350.99,350.99,260,600,351.14,0.45399049973954697,350.99,350.82
350.99,0.878817112661965,351.06,362.92,354.75,350.82,780.0,350.82,350.99,350.99,350.82,350.94,350.94,350.94,350.94,350.94,350.94,350.82,340,350.94,350.99,350.82,350.99,350.99,260,600,351.14,0.4771587602596089,350.99,350.82
350.99,0.8660254037844387,351.06,362.92,354.75,350.82,780.0,350.82,350.99,350.99,350.82,350.94,350.94,350.94,350.94,350.94,350.94,350.82,340,350.94,350.99,350.82,350.99,350.99,260,600,351.14,0.49999999999999994,350.99,350.82
350.99,0.8526401643540921,351.06,362.92,354.75,350.82,780.0,350.82,350.99,350.99,350.82,350.94,350.94,350.94,350.94,350.94,350.94,350.82,340,350.94,350.99,350.82,350.99,350.99,260,600,351.14,0.5224985647159491,350.99,350.82
350.99,0.8386705679454236,351.06,362.92,354.75,350.82,780.0,350.82,350.99,350.99,350.82,350.94,350.94,350.94,350.94,350.94,350.94,350.82,340,350.94,350.99,350.82,350.99,350.99,260,600,351.14,0.5446390350150276,350.99,350.82
350.99,0.8241261886220156,351.06,362.92,354.75,350.82,780.0,350.82,350.99,350.99,350.82,350.94,350.94,350.94,350.94,350.94,350.94,350.82,340,350.94,350.99,350.82,350.99,350.99,260,600,351.14,0.5664062369248329,350.99,350.82
350.99,0.8090169943749471,351.06,362.92,354.75,350.82,780.0,350.82,350.99,350.99,350.82,350.94,350.94,350.94,350.94,350.94,350.94,350.82,340,350.94,350.99,350.82,350.99,350.99,260,600,351.14,0.5877852522924736,350.99,350.82
350.99,0.7933533402912352,351.06,362.92,354.75,350.82,780.0,350.82,350.99,350.99,350.82,350.94,350.94,350.94,350.94,350.94,350.94,350.82,340,350.94,350.99,350.82,350.99,350.99,260,600,351.14,0.6087614290087207,350.99,350.82
350.99,0.7771459614569707,351.06,362.92,354.75,350.82,780.0,350.82,350.99,350.99,350.82,350.94,350.94,350.94,350.94,350.94,350.94,350.82,340,350.94,350.99,350.82,350.99,350.99,260,600,351.14,0.6293203910498377,350.99,350.82
350.99,0.7604059656000305,351.06,362.92,354.75,350.82,780.0,350.82,350.99,350.99,350.82,350.94,350.94,350.94,350.94,350.94,350.94,350.82,340,350.94,350.99,350.82,350.99,350.99,260,600,351.14,0.6494480483301842,350.99,350.82
350.99,0.7431448254773941,351.06,362.92,354.75,350.82,780.0,350.82,350.99,350.99,350.82,350.94,350.94,350.94,350.94,350.94,350.94,350.82,340,350.94,350.99,350.82,350.99,350.99,260,600,351.14,0.6691306063588583,350.99,350.82
350.99,0.7253743710122872,351.06,362.92,354.75,350.82,780.0,350.82,350.99,350.99,350.82,350.94,350.94,350.94,350.94,350.94,350.94,350.82,340,350.94,350.99,350.82,350.99,350.99,260,600,351.14,0.6883545756937545,350.99,350.82
350.99,0.7071067811865476,351.06,362.92,354.75,350.82,780.0,350.82,350.99,350.99,350.82,350.94,350.94,350.94,350.94,350.94,350.94,350.82,340,350.94,350.99,350.82,350.99,350.99,260,600,351.14,0.7071067811865475,350.99,350.82
350.99,0.6883545756937537,351.06,362.92,354.75,350.82,780.0,350.82,350.99,350.99,350.82,350.94,350.94,350.94,350.94,350.94,350.94,350.82,340,350.94,350.99,350.82,350.99,350.99,260,600,351.14,0.725374371012288,350.99,350.82
350.99,0.6691306063588577,351.06,362.92,354.75,350.82,780.0,350.82,350.99,350.99,350.82,350.94,350.94,350.94,350.94,350.94,350.94,350.82,340,350.94,350.99,350.82,350.99,350.99,260,600,351.14,0.7431448254773947,350.99,350.82
350.99,0.6494480483301835,351.06,362.92,354.75,350.82,780.0,350.82,350.99,350.99,350.82,350.94,350.94,350.94,350.94,350.94,350.94,350.82,340,350.94,350.99,350.82,350.99,350.99,260,600,351.14,0.760405965600031,350.99,350.82
350.99,0.6293203910498371,351.06,362.92,354.75,350.82,780.0,350.82,350.99,350.99,350.82,350.94,350.94,350.94,350.94,350.94,350.94,350.82,340,350.94,350.99,350.82,350.99,350.99,260,600,351.14,0.7771459614569712,350.99,350.82
350.99,0.6087614290087207,351.06,362.92,354.75,350.82,780.0,350.82,350.99,350.99,350.82,350.94,350.94,350.94,350.94,350.94,350.94,350.82,340,350.94,350.99,350.82,350.99,350.99,260,600,351.14,0.7933533402912352,350.99,350.82
350.99,0.5877852522924728,351.06,362.92,354.75,350.82,780.0,350.82,350.99,350.99,350.82,350.94,350.94,350.94,350.94,350.94,350.94,350.82,340,350.94,350.99,350.82,350.99,350.99,260,600,351.14,0.8090169943749477,350.99,350.82
350.99,0.5664062369248323,351.06,362.92,354.75,350.82,780.0,350.82,350.99,350.99,350.82,350.94,350.94,350.94,350.94,350.94,350.94,350.82,340,350.94,350.99,350.82,350.99,350.99,260,600,351.14,0.824126188622016,350.99,350.82
350.99,0.544639035015027,351.06,362.92,354.75,350.82,780.0,350.82,350.99,350.99,350.82,350.94,350.94,350.94,350.94,350.94,350.94,350.82,340,350.94,350.99,350.82,350.99,350.99,260,600,351.14,0.8386705679454242,350.99,350.82
350.99,0.5224985647159484,351.06,362.92,354.75,350.82,780.0,350.82,350.99,350.99,350.82,350.94,350.94,350.94,350.94,350.94,350.94,350.82,340,350.94,350.99,350.82,350.99,350.99,260,600,351.14,0.8526401643540925,350.99,350.82
350.99,0.5000000000000001,351.06,362.92,354.75,350.82,780.0,350.82,350.99,350.99,350.82,350.94,350.94,350.94,350.94,350.94,350.94,350.82,340,350.94,350.99,350.82,350.99,350.99,260,600,351.14,0.8660254037844386,350.99,350.82
350.99,0.477158760259608,351.06,362.92,354.75,350.82,780.0,350.82,350.99,350.99,350.82,350.94,350.94,350.94,350.94,350.94,350.94,350.82,340,350.94,350.99,350.82,350.99,350.99,260,600,351.14,0.8788171126619656,350.99,350.82
350.99,0.45399049973954625,351.06,362.92,354.75,350.82,780.0,350.82,350.99,350.99,350.82,350.94,350.94,350.94,350.94,350.94,350.94,350.82,340,350.94,350.99,350.82,350.99,350.99,260,600,351.14,0.8910065241883681,350.99,350.82
350.99,0.430511096808295,351.06,362.92,354.75,350.82,780.0,350.82,350.99,350.99,350.82,350.94,350.94,350.94,350.94,350.94,350.94,350.82,340,350.94,350.99,350.82,350.99,350.99,260,600,351.14,0.9025852843498606,350.99,350.82
350.99,0.40673664307579976,351.06,362.92,354.75,350.82,780.0,350.82,350.99,350.99,350.82,350.94,350.94,350.94,350.94,350.94,350.94,350.82,340,350.94,350.99,350.82,350.99,350.99,260,600,351.14,0.9135454576426011,350.99,350.82
350.99,0.38268343236508984,351.06,362.92,354.75,350.82,780.0,350.82,350.99,350.99,350.82,350.94,350.94,350.94,350.94,350.94,350.94,350.82,340,350.94,350.99,350.82,350.99,350.99,260,600,351.14,0.9238795325112867,350.99,350.82
350.99,0.3583679495453,351.06,362.92,354.75,350.82,780.0,350.82,350.99,350.99,350.82,350.94,350.94,350.94,350.94,350.94,350.94,350.82,340,350.94,350.99,350.82,350.99,350.99,260,600,351.14,0.9335804264972019,350.99,350.82
350.99,0.3338068592337703,351.06,362.92,354.75,350.82,780.0,350.82,350.99,350.99,350.82,350.94,350.94,350.94,350.94,350.94,350.94,350.82,340,350.94,350.99,350.82,350.99,350.99,260,600,351.14,0.9426414910921787,350.99,350.82
350.99,0.3090169943749473,351.06,362.92,354.75,350.82,780.0,350.82,350.99,350.99,350.82,350.94,350.94,350.94,350.94,350.94,350.94,350.82,340,350.94,350.99,350.82,350.99,350.99,260,600,351.14,0.9510565162951536,350.99,350.82
350.99,0.2840153447039221,351.06,362.92,354.75,350.82,780.0,350.82,350.99,350.99,350.82,350.94,350.94,350.94,350.94,350.94,350.94,350.82,340,350.94,350.99,350.82,350.99,350.99,260,600,351.14,0.9588197348681932,350.99,350.82
350.99,0.25881904510252074,351.06,362.92,354.75,350.82,780.0,350.82,350.99,350.99,350.82,350.94,350.94,350.94,350.94,350.94,350.94,350.82,340,350.94,350.99,350.82,350.99,350.99,260,600,351.14,0.9659258262890683,350.99,350.82
350.99,0.23344536385590503,351.06,362.92,354.75,350.82,780.0,350.82,350.99,350.99,350.82,350.94,350.94,350.94,350.94,350.94,350.94,350.82,340,350.94,350.99,350.82,350.99,350.99,260,600,351.14,0.9723699203976767,350.99,350.82
350.99,0.2079116908177586,351.06,362.92,354.75,350.82,780.0,350.82,350.99,350.99,350.82,350.94,350.94,350.94,350.94,350.94,350.94,350.82,340,350.94,350.99,350.82,350.99,350.99,260,600,351.14,0.9781476007338058,350.99,350.82
350.99,0.18223552549214744,351.06,362.92,354.75,350.82,780.0,350.82,350.99,350.99,350.82,350.94,350.94,350.94,350.94,350.94,350.94,350.82,340,350.94,350.99,350.82,350.99,350.99,260,600,351.14,0.9832549075639546,350.99,350.82
350.99,0.15643446504023026,351.06,362.92,354.75,350.82,780.0,350.82,350.99,350.99,350.82,350.94,350.94,350.94,350.94,350.94,350.94,350.82,340,350.94,350.99,350.82,350.99,350.99,260,600,351.14,0.9876883405951378,350.99,350.82
350.99,0.1305261922200517,351.06,362.92,354.75,350.82,780.0,350.82,350.99,350.99,350.82,350.94,350.94,350.94,350.94,350.94,350.94,350.82,340,350.94,350.99,350.82,350.99,350.99,260,600,351.14,0.9914448613738104,350.99,350.82
350.99,0.10452846326765323,351.06,362.92,354.75,350.82,780.0,350.82,350.99,350.99,350.82,350.94,350.94,350.94,350.94,350.94,350.94,350.82,340,350.94,350.99,350.82,350.99,350.99,260,600,351.14,0.9945218953682734,350.99,350.82
350.99,0.07845909572784433,351.06,362.92,354.75,350.82,780.0,350.82,350.99,350.99,350.82,350.94,350.94,350.94,350.94,350.94,350.94,350.82,340,350.94,350.99,350.82,350.99,350.99,260,600,351.14,0.9969173337331281,350.99,350.82
350.99,0.05233595624294352,351.06,362.92,354.75,350.82,780.0,350.82,350.99,350.99,350.82,350.94,350.94,350.94,350.94,350.94,350.94,350.82,340,350.94,350.99,350.82,350.99,350.99,260,600,351.14,0.9986295347545739,350.99,350.82
350.99,0.026176948307872695,351.06,362.92,354.75,350.82,780.0,350.82,350.99,350.99,350.82,350.94,350.94,350.94,350.94,350.94,350.94,350.82,340,350.94,350.99,350.82,350.99,350.99,260,600,351.14,0.9996573249755573,350.99,350.82
350.99,6.123233995736766e-17,351.06,362.92,354.75,350.82,780.0,350.82,350.99,350.99,350.82,350.94,350.94,350.94,350.94,350.94,350.94,350.82,340,350.94,350.99,350.82,350.99,350.99,260,600,351.14,1.0,350.99,350.82
350.99,-0.02617694830787346,351.06,362.92,354.75,350.82,780.0,350.82,350.99,350.99,350.82,350.94,350.94,350.94,350.94,350.94,350.94,350.82,340,350.94,350.99,350.82,350.99,350.99,260,600,351.14,0.9996573249755573,350.99,350.82
350.99,-0.05233595624294473,351.06,362.92,354.75,350.82,780.0,350.82,350.99,350.99,350.82,350.94,350.94,350.94,350.94,350.94,350.94,350.82,340,350.94,350.99,350.82,350.99,350.99,260,600,351.14,0.9986295347545738,350.99,350.82
350.99,-0.0784590957278451,351.06,362.92,354.75,350.82,780.0,350.82,350.99,350.99,350.82,350.94,350.94,350.94,350.94,350.94,350.94,350.82,340,350.94,350.99,350.82,350.99,350.99,260,600,351.14,0.996917333733128,350.99,350.82
350.99,-0.104528463267654,351.06,362.92,354.75,350.82,780.0,350.82,350.99,350.99,350.82,350.94,350.94,350.94,350.94,350.94,350.94,350.82,340,350.94,350.99,350.82,350.99,350.99,260,600,351.14,0.9945218953682733,350.99,350.82
350.99,-0.1305261922200516,351.06,362.92,354.75,350.82,780.0,350.82,350.99,350.99,350.82,350.94,350.94,350.94,350.94,350.94,350.94,350.82,340,350.94,350.99,350.82,350.99,350.99,260,600,351.14,0.9914448613738104,350.99,350.82
350.99,-0.15643446504023104,351.06,362.92,354.75,350.82,780.0,350.82,350.99,350.99,350.82,350.94,350.94,350.94,350.94,350.94,350.94,350.82,340,350.94,350.99,350.82,350.99,350.99,260,600,351.14,0.9876883405951377,350.99,350.82
350.99,-0.1822355254921482,351.06,362.92,354.75,350.82,780.0,350.82,350.99,350.99,350.82,350.94,350.94,350.94,350.94,350.94,350.94,350.82,340,350.94,350.99,350.82,350.99,350.99,260,600,351.14,0.9832549075639544,350.99,350.82
350.99,-0.20791169081775956,351.06,362.92,354.75,350.82,780.0,350.82,350.99,350.99,350.82,350.94,350.94,350.94,350.94,350.94,350.94,350.82,340,350.94,350.99,350.82,350.99,350.99,260,600,351.14,0.9781476007338056,350.99,350.82
350.99,-0.23344536385590578,351.06,362.92,354.75,350.82,780.0,350.82,350.99,350.99,350.82,350.94,350.94,350.94,350.94,350.94,350.94,350.82,340,350.94,350.99,350.82,350.99,350.99,260,600,351.14,0.9723699203976766,350.99,350.82
350.99,-0.25881904510252063,351.06,362.92,354.75,350.82,780.0,350.82,350.99,350.99,350.82,350.94,350.94,350.94,350.94,350.94,350.94,350.82,340,350.94,350.99,350.82,350.99,350.99,260,600,351.14,0.9659258262890683,350.99,350.82
350.99,-0.28401534470392303,351.06,362.92,354.75,350.82,780.0,350.82,350.99,350.99,350.82,350.94,350.94,350.94,350.94,350.94,350.94,350.82,340,350.94,350.99,350.82,350.99,350.99,260,600,351.14,0.9588197348681929,350.99,350.82
350.99,-0.3090169943749482,351.06,362.92,354.75,350.82,780.0,350.82,350.99,350.99,350.82,350.94,350.94,350.94,350.94,350.94,350.94,350.82,340,350.94,350.99,350.82,350.99,350.99,260,600,351.14,0.9510565162951533,350.99,350.82
350.99,-0.333806859233771,351.06,362.92,354.75,350.82,780.0,350.82,350.99,350.99,350.82,350.94,350.94,350.94,350.94,350.94,350.94,350.82,340,350.94,350.99,350.82,350.99,350.99,260,600,351.14,0.9426414910921783,350.99,350.82
350.99,-0.3583679495453007,351.06,362.92,354.75,350.82,780.0,350.82,350.99,350.99,350.82,350.94,350.94,350.94,350.94,350.94,350.94,350.82,340,350.94,350.99,350.82,350.99,350.99,260,600,351.14,0.9335804264972016,350.99,350.82
350.99,-0.3826834323650895,351.06,362.92,354.75,350.82,780.0,350.82,350.99,350.99,350.82,350.94,350.94,350.94,350.94,350.94,350.94,350.82,340,350.94,350.99,350.82,350.99,350.99,260,600,351.14,0.9238795325112868,350.99,350.82
350.99,-0.4067366430758005,351.06,362.92,354.75,350.82,780.0,350.82,350.99,350.99,350.82,350.94,350.94,350.94,350.94,350.94,350.94,350.82,340,350.94,350.99,350.82,350.99,350.99,260,600,351.14,0.9135454576426008,350.99,350.82
350.99,-0.43051109680829575,351.06,362.92,354.75,350.82,780.0,350.82,350.99,350.99,350.82,350.94,350.94,350.94,350.94,350.94,350.94,350.82,340,350.94,350.99,350.82,350.99,350.99,260,600,351.14,0.9025852843498603,350.99,350.82
350.99,-0.45399049973954714,351.06,362.92,354.75,350.82,780.0,350.82,350.99,350.99,350.82,350.94,350.94,350.94,350.94,350.94,350.94,350.82,340,350.94,350.99,350.82,350.99,350.99,260,600,351.14,0.8910065241883677,350.99,350.82
350.99,-0.47715876025960885,351.06,362.92,354.75,350.82,780.0,350.82,350.99,350.99,350.82,350.94,350.94,350.94,350.94,350.94,350.94,350.82,340,350.94,350.99,350.82,350.99,350.99,260,600,351.14,0.8788171126619652,350.99,350.82
350.99,-0.4999999999999998,351.06,362.92,354.75,350.82,780.0,350.82,350.99,350.99,350.82,350.94,350.94,350.94,350.94,350.94,350.94,350.82,340,350.94,350.99,350.82,350.99,350.99,260,600,351.14,0.8660254037844387,350.99,350.82
350.99,-0.5224985647159491,351.06,362.92,354.75,350.82,780.0,350.82,350.99,350.99,350.82,350.94,350.94,350.94,350.94,350.94,350.94,350.82,340,350.94,350.99,350.82,350.99,350.99,260,600,351.14,0.8526401643540921,350.99,350.82
350.99,-0.5446390350150279,351.06,362.92,354.75,350.82,780.0,350.82,350.99,350.99,350.82,350.94,350.94,350.94,350.94,350.94,350.94,350.82,340,350.94,350.99,350.82,350.99,350.99,260,600,351.14,0.8386705679454235,350.99,350.82
350.99,-0.5664062369248337,351.06,362.92,354.75,350.82,780.0,350.82,350.99,350.99,350.82,350.94,350.94,350.94,350.94,350.94,350.94,350.82,340,350.94,350.99,350.82,350.99,350.99,260,600,351.14,0.824126188622015,350.99,350.82
350.99,-0.5877852522924727,351.06,362.92,354.75,350.82,780.0,350.82,350.99,350.99,350.82,350.94,350.94,350.94,350.94,350.94,350.94,350.82,340,350.94,350.99,350.82,350.99,350.99,260,600,351.14,0.8090169943749478,350.99,350.82
350.99,-0.6087614290087207,351.06,362.92,354.75,350.82,780.0,350.82,350.99,350.99,350.82,350.94,350.94,350.94,350.94,350.94,350.94,350.82,340,350.94,350.99,350.82,350.99,350.99,260,600,351.14,0.7933533402912352,350.99,350.82
350.99,-0.6293203910498376,351.06,362.92,354.75,350.82,780.0,350.82,350.99,350.99,350.82,350.94,350.94,350.94,350.94,350.94,350.94,350.82,340,350.94,350.99,350.82,350.99,350.99,260,600,351.14,0.7771459614569708,350.99,350.82
350.99,-0.6494480483301842,351.06,362.92,354.75,350.82,780.0,350.82,350.99,350.99,350.82,350.94,350.94,350.94,350.94,350.94,350.94,350.82,340,350.94,350.99,350.82,350.99,350.99,260,600,351.14,0.7604059656000304,350.99,350.82
350.99,-0.6691306063588589,351.06,362.92,354.75,350.82,780.0,350.82,350.99,350.99,350.82,350.94,350.94,350.94,350.94,350.94,350.94,350.82,340,350.94,350.99,350.82,350.99,350.99,260,600,351.14,0.7431448254773936,350.99,350.82
350.99,-0.6883545756937535,351.06,362.92,354.75,350.82,780.0,350.82,350.99,350.99,350.82,350.94,350.94,350.94,350.94,350.94,350.94,350.82,340,350.94,350.99,350.82,350.99,350.99,260,600,351.14,0.7253743710122881,350.99,350.82
350.99,-0.7071067811865475,351.06,362.92,354.75,350.82,780.0,350.82,350.99,350.99,350.82,350.94,350.94,350.94,350.94,350.94,350.94,350.82,340,350.94,350.99,350.82,350.99,350.99,260,600,351.14,0.7071067811865476,350.99,350.82
350.99,-0.725374371012288,351.06,362.92,354.75,350.82,780.0,350.82,350.99,350.99,350.82,350.94,350.94,350.94,350.94,350.94,350.94,350.82,340,350.94,350.99,350.82,350.99,350.99,260,600,351.14,0.6883545756937536,350.99,350.82
350.99,-0.7431448254773947,351.06,362.92,354.75,350.82,780.0,350.82,350.99,350.99,350.82,350.94,350.94,350.94,350.94,350.94,350.94,350.82,340,350.94,350.99,350.82,350.99,350.99,260,600,351.14,0.6691306063588577,350.99,350.82
350.99,-0.7604059656000315,351.06,362.92,354.75,350.82,780.0,350.82,350.99,350.99,350.82,350.94,350.94,350.94,350.94,350.94,350.94,350.82,340,350.94,350.99,350.82,350.99,350.99,260,600,351.14,0.6494480483301831,350.99,350.82
350.99,-0.7771459614569707,351.06,362.92,354.75,350.82,780.0,350.82,350.99,350.99,350.82,350.94,350.94,350.94,350.94,350.94,350.94,350.82,340,350.94,350.99,350.82,350.99,350.99,260,600,351.14,0.6293203910498377,350.99,350.82
350.99,-0.793353340291235,351.06,362.92,354.75,350.82,780.0,350.82,350.99,350.99,350.82,350.94,350.94,350.94,350.94,350.94,350.94,350.82,340,350.94,350.99,350.82,350.99,350.99,260,600,351.14,0.6087614290087209,350.99,350.82
350.99,-0.8090169943749477,351.06,362.92,354.75,350.82,780.0,350.82,350.99,350.99,350.82,350.94,350.94,350.94,350.94,350.94,350.94,350.82,340,350.94,350.99,350.82,350.99,350.99,260,600,351.14,0.5877852522924728,350.99,350.82
350.99,-0.8241261886220159,351.06,362.92,354.75,350.82,780.0,350.82,350.99,350.99,350.82,350.94,350.94,350.94,350.94,350.94,350.94,350.82,340,350.94,350.99,350.82,350.99,350.99,260,600,351.14,0.5664062369248324,350.99,350.82
350.99,-0.8386705679454246,351.06,362.92,354.75,350.82,780.0,350.82,350.99,350.99,350.82,350.94,350.94,350.94,350.94,350.94,350.94,350.82,340,350.94,350.99,350.82,350.99,350.99,260,600,351.14,0.5446390350150262,350.99,350.82
350.99,-0.852640164354092,351.06,362.92,354.75,350.82,780.0,350.82,350.99,350.99,350.82,350.94,350.94,350.94,350.94,350.94,350.94,350.82,340,350.94,350.99,350.82,350.99,350.99,260,600,351.14,0.5224985647159494,350.99,350.82
350.99,-0.8660254037844387,351.06,362.92,354.75,350.82,780.0,350.82,350.99,350.99,350.82,350.94,350.94,350.94,350.94,350.94,350.94,350.82,340,350.94,350.99,350.82,350.99,350.99,260,600,351.14,0.49999999999999994,350.99,350.82
350.99,-0.8788171126619655,351.06,362.92,354.75,350.82,780.0,350.82,350.99,350.99,350.82,350.94,350.94,350.94,350.94,350.94,350.94,350.82,340,350.94,350.99,350.82,350.99,350.99,260,600,351.14,0.47715876025960824,350.99,350.82
350.99,-0.8910065241883682,351.06,362.92,354.75,350.82,780.0,350.82,350.99,350.99,350.82,350.94,350.94,350.94,350.94,350.94,350.94,350.82,340,350.94,350.99,350.82,350.99,350.99,260,600,351.14,0.4539904997395461,350.99,350.82
350.99,-0.902585284349861,351.06,362.92,354.75,350.82,780.0,350.82,350.99,350.99,350.82,350.94,350.94,350.94,350.94,350.94,350.94,350.82,340,350.94,350.99,350.82,350.99,350.99,260,600,351.14,0.4305110968082943,350.99,350.82
350.99,-0.9135454576426006,351.06,362.92,354.75,350.82,780.0,350.82,350.99,350.99,350.82,350.94,350.94,350.94,350.94,350.94,350.94,350.82,340,350.94,350.99,350.82,350.99,350.99,260,600,351.14,0.4067366430758008,350.99,350.82
350.99,-0.9238795325112867,351.06,362.92,354.75,350.82,780.0,350.82,350.99,350.99,350.82,350.94,350.94,350.94,350.94,350.94,350.94,350.82,340,350.94,350.99,350.82,350.99,350.99,260,600,351.14,0.3826834323650899,350.99,350.82
350.99,-0.9335804264972017,351.06,362.92,354.75,350.82,780.0,350.82,350.99,350.99,350.82,350.94,350.94,350.94,350.94,350.94,350.94,350.82,340,350.94,350.99,350.82,350.99,350.99,260,600,351.14,0.3583679495453002,350.99,350.82
350.99,-0.9426414910921788,351.06,362.92,354.75,350.82,780.0,350.82,350.99,350.99,350.82,350.94,350.94,350.94,350.94,350.94,350.94,350.82,340,350.94,350.99,350.82,350.99,350.99,260,600,351.14,0.3338068592337699,350.99,350.82
350.99,-0.951056516295154,351.06,362.92,354.75,350.82,780.0,350.82,350.99,350.99,350.82,350.94,350.94,350.94,350.94,350.94,350.94,350.82,340,350.94,350.99,350.82,350.99,350.99,260,600,351.14,0.3090169943749463,350.99,350.82
350.99,-0.9588197348681929,351.06,362.92,354.75,350.82,780.0,350.82,350.99,350.99,350.82,350.94,350.94,350.94,350.94,350.94,350.94,350.82,340,350.94,350.99,350.82,350.99,350.99,260,600,351.14,0.28401534470392303,350.99,350.82
350.99,-0.9659258262890682,351.06,362.92,354.75,350.82,780.0,350.82,350.99,350.99,350.82,350.94,350.94,350.94,350.94,350.94,350.94,350.82,340,350.94,350.99,350.82,350.99,350.99,260,600,351.14,0.258819045102521,350.99,350.82
350.99,-0.9723699203976767,351.06,362.92,354.75,350.82,780.0,350.82,350.99,350.99,350.82,350.94,350.94,350.94,350.94,350.94,350.94,350.82,340,350.94,350.99,350.82,350.99,350.99,260,600,351.14,0.23344536385590509,350.99,350.82
350.99,-0.9781476007338057,351.06,362.92,354.75,350.82,780.0,350.82,350.99,350.99,350.82,350.94,350.94,350.94,350.94,350.94,350.94,350.82,340,350.94,350.99,350.82,350.99,350.99,260,600,351.14,0.20791169081775887,350.99,350.82
350.99,-0.9832549075639547,351.06,362.92,354.75,350.82,780.0,350.82,350.99,350.99,350.82,350.94,350.94,350.94,350.94,350.94,350.94,350.82,340,350.94,350.99,350.82,350.99,350.99,260,600,351.14,0.18223552549214642,350.99,350.82
350.99,-0.9876883405951377,351.06,362.92,354.75,350.82,780.0,350.82,350.99,350.99,350.82,350.94,350.94,350.94,350.94,350.94,350.94,350.82,340,350.94,350.99,350.82,350.99,350.99,260,600,351.14,0.15643446504023142,350.99,350.82
350.99,-0.9914448613738104,351.06,362.92,354.75,350.82,780.0,350.82,350.99,350.99,350.82,350.94,350.94,350.94,350.94,350.94,350.94,350.82,340,350.94,350.99,350.82,350.99,350.99,260,600,351.14,0.130526192220052,350.99,350.82
350.99,-0.9945218953682734,351.06,362.92,354.75,350.82,780.0,350.82,350.99,350.99,350.82,350.94,350.94,350.94,350.94,350.94,350.94,350.82,340,350.94,350.99,350.82,350.99,350.99,260,600,351.14,0.10452846326765285,350.99,350.82
350.99,-0.9969173337331281,351.06,362.92,354.75,350.82,780.0,350.82,350.99,350.99,350.82,350.94,350.94,350.94,350.94,350.94,350.94,350.82,340,350.94,350.99,350.82,350.99,350.99,260,600,351.14,0.07845909572784418,350.99,350.82
350.99,-0.9986295347545739,351.06,362.92,354.75,350.82,780.0,350.82,350.99,350.99,350.82,350.94,350.94,350.94,350.94,350.94,350.94,350.82,340,350.94,350.99,350.82,350.99,350.99,260,600,351.14,0.05233595624294292,350.99,350.82
350.99,-0.9996573249755573,351.06,362.92,354.75,350.82,780.0,350.82,350.99,350.99,350.82,350.94,350.94,350.94,350.94,350.94,350.94,350.82,340,350.94,350.99,350.82,350.99,350.99,260,600,351.14,0.026176948307873423,350.99,350.82
350.99,-1.0,351.06,362.92,354.75,350.82,780.0,350.82,350.99,350.99,350.82,350.94,350.94,350.94,350.94,350.94,350.94,350.82,340,350.94,350.99,350.82,350.99,350.99,260,600,351.14,1.2246467991473532e-16,350.99,350.82
350.99,-0.9996573249755573,351.06,362.92,354.75,350.82,780.0,350.82,350.99,350.99,350.82,350.94,350.94,350.94,350.94,350.94,350.94,350.82,340,350.94,350.99,350.82,350.99,350.99,260,600,351.14,-0.026176948307873177,350.99,350.82
350.99,-0.9986295347545738,351.06,362.92,354.75,350.82,780.0,350.82,350.99,350.99,350.82,350.94,350.94,350.94,350.94,350.94,350.94,350.82,340,350.94,350.99,350.82,350.99,350.99,260,600,351.14,-0.052335956242944445,350.99,350.82
350.99,-0.996917333733128,351.06,362.92,354.75,350.82,780.0,350.82,350.99,350.99,350.82,350.94,350.94,350.94,350.94,350.94,350.94,350.82,340,350.94,350.99,350.82,350.99,350.99,260,600,351.14,-0.0784590957278457,350.99,350.82
350.99,-0.9945218953682734,351.06,362.92,354.75,350.82,780.0,350.82,350.99,350.99,350.82,350.94,350.94,350.94,350.94,350.94,350.94,350.82,340,350.94,350.99,350.82,350.99,350.99,260,600,351.14,-0.10452846326765261,350.99,350.82
350.99,-0.9914448613738104,351.06,362.92,354.75,350.82,780.0,350.82,350.99,350.99,350.82,350.94,350.94,350.94,350.94,350.94,350.94,350.82,340,350.94,350.99,350.82,350.99,350.99,260,600,351.14,-0.13052619222005177,350.99,350.82
350.99,-0.9876883405951377,351.06,362.92,354.75,350.82,780.0,350.82,350.99,350.99,350.82,350.94,350.94,350.94,350.94,350.94,350.94,350.82,340,350.94,350.99,350.82,350.99,350.99,260,600,351.14,-0.15643446504023117,350.99,350.82
350.99,-0.9832549075639544,351.06,362.92,354.75,350.82,780.0,350.82,350.99,350.99,350.82,350.94,350.94,350.94,350.94,350.94,350.94,350.82,340,350.94,350.99,350.82,350.99,350.99,260,600,351.14,-0.18223552549214836,350.99,350.82
350.99,-0.9781476007338055,351.06,362.92,354.75,350.82,780.0,350.82,350.99,350.99,350.82,350.94,350.94,350.94,350.94,350.94,350.94,350.82,340,350.94,350.99,350.82,350.99,350.99,260,600,351.14,-0.20791169081776037,350.99,350.82
350.99,-0.9723699203976768,351.06,362.92,354.75,350.82,780.0,350.82,350.99,350.99,350.82,350.94,350.94,350.94,350.94,350.94,350.94,350.82,340,350.94,350.99,350.82,350.99,350.99,260,600,351.14,-0.23344536385590486,350.99,350.82
350.99,-0.9659258262890683,351.06,362.92,354.75,350.82,780.0,350.82,350.99,350.99,350.82,350.94,350.94,350.94,350.94,350.94,350.94,350.82,340,350.94,350.99,350.82,350.99,350.99,260,600,351.14,-0.2588190451025208,350.99,350.82
350.99,-0.958819734868193,351.06,362.92,354.75,350.82,780.0,350.82,350.99,350.99,350.82,350.94,350.94,350.94,350.94,350.94,350.94,350.82,340,350.94,350.99,350.82,350.99,350.99,260,600,351.14,-0.28401534470392276,350.99,350.82
350.99,-0.9510565162951535,351.06,362.92,354.75,350.82,780.0,350.82,350.99,350.99,350.82,350.94,350.94,350.94,350.94,350.94,350.94,350.82,340,350.94,350.99,350.82,350.99,350.99,260,600,351.14,-0.30901699437494773,350.99,350.82
350.99,-0.942641491092178,351.06,362.92,354.75,350.82,780.0,350.82,350.99,350.99,350.82,350.94,350.94,350.94,350.94,350.94,350.94,350.82,340,350.94,350.99,350.82,350.99,350.99,260,600,351.14,-0.3338068592337722,350.99,350.82
350.99,-0.9335804264972019,351.06,362.92,354.75,350.82,780.0,350.82,350.99,350.99,350.82,350.94,350.94,350.94,350.94,350.94,350.94,350.82,340,350.94,350.99,350.82,350.99,350.99,260,600,351.14,-0.3583679495453,350.99,350.82
350.99,-0.9238795325112868,351.06,362.92,354.75,350.82,780.0,350.82,350.99,350.99,350.82,350.94,350.94,350.94,350.94,350.94,350.94,350.82,340,350.94,350.99,350.82,350.99,350.99,260,600,351.14,-0.38268343236508967,350.99,350.82
350.99,-0.9135454576426008,351.06,362.92,354.75,350.82,780.0,350.82,350.99,350.99,350.82,350.94,350.94,350.94,350.94,350.94,350.94,350.82,340,350.94,350.99,350.82,350.99,350.99,260,600,351.14,-0.4067366430758006,350.99,350.82
350.99,-0.9025852843498603,351.06,362.92,354.75,350.82,780.0,350.82,350.99,350.99,350.82,350.94,350.94,350.94,350.94,350.94,350.94,350.82,340,350.94,350.99,350.82,350.99,350.99,260,600,351.14,-0.4305110968082957,350.99,350.82
350.99,-0.8910065241883676,351.06,362.92,354.75,350.82,780.0,350.82,350.99,350.99,350.82,350.94,350.94,350.94,350.94,350.94,350.94,350.82,340,350.94,350.99,350.82,350.99,350.99,260,600,351.14,-0.45399049973954747,350.99,350.82
350.99,-0.8788171126619656,351.06,362.92,354.75,350.82,780.0,350.82,350.99,350.99,350.82,350.94,350.94,350.94,350.94,350.94,350.94,350.82,340,350.94,350.99,350.82,350.99,350.99,260,600,351.14,-0.477158760259608,350.99,350.82
350.99,-0.8660254037844388,351.06,362.92,354.75,350.82,780.0,350.82,350.99,350.99,350.82,350.94,350.94,350.94,350.94,350.94,350.94,350.82,340,350.94,350.99,350.82,350.99,350.99,260,600,351.14,-0.4999999999999997,350.99,350.82
350.99,-0.8526401643540923,351.06,362.92,354.75,350.82,780.0,350.82,350.99,350.99,350.82,350.94,350.94,350.94,350.94,350.94,350.94,350.82,340,350.94,350.99,350.82,350.99,350.99,260,600,351.14,-0.5224985647159487,350.99,350.82
350.99,-0.8386705679454235,351.06,362.92,354.75,350.82,780.0,350.82,350.99,350.99,350.82,350.94,350.94,350.94,350.94,350.94,350.94,350.82,340,350.94,350.99,350.82,350.99,350.99,260,600,351.14,-0.5446390350150279,350.99,350.82
350.99,-0.824126188622015,351.06,362.92,354.75,350.82,780.0,350.82,350.99,350.99,350.82,350.94,350.94,350.94,350.94,350.94,350.94,350.82,340,350.94,350.99,350.82,350.99,350.99,260,600,351.14,-0.5664062369248337,350.99,350.82
350.99,-0.8090169943749465,351.06,362.92,354.75,350.82,780.0,350.82,350.99,350.99,350.82,350.94,350.94,350.94,350.94,350.94,350.94,350.82,340,350.94,350.99,350.82,350.99,350.99,260,600,351.14,-0.5877852522924745,350.99,350.82
350.99,-0.7933533402912352,351.33,361.3,354.59,350.82,450.0,350.82,350.99,350.99,350.82,350.94,350.94,351.13,350.94,350.94,350.94,350.82,450,350.94,350.99,350.82,350.99,350.99,150,600,351.46,-0.6087614290087207,351.22,350.91
350.99,-0.7771459614569708,351.22,357.26,353.62,350.82,450.0,350.82,351.22,350.99,350.82,350.94,350.94,351.06,350.94,350.94,350.94,350.82,450,351.13,350.99,350.82,350.99,350.99,150,600,351.32,-0.6293203910498376,351.13,350.89
350.99,-0.7604059656000305,351.15,355.97,353.35,350.82,450.0,350.82,351.13,350.99,350.82,350.94,350.94,351.02,350.94,350.94,350.94,350.82,450,351.06,350.99,350.82,350.99,350.99,150,600,351.24,-0.6494480483301842,351.08,350.87
350.99,-0.7431448254773937,351.12,355.5,353.25,350.82,450.0,350.82,351.08,350.99,350.82,350.94,350.94,350.99,350.94,350.94,350.94,350.82,450,351.02,350.99,350.82,350.99,350.99,150,600,351.2,-0.6691306063588589,351.05,350.85
350.99,-0.725374371012287,351.09,355.3,353.2,350.82,450.0,350.82,351.05,350.99,350.82,350.94,350.94,350.97,350.94,350.94,350.94,350.82,450,350.99,350.99,350.82,350.99,350.99,150,600,351.18,-0.6883545756937547,351.03,350.84
350.99,-0.7071067811865479,351.08,355.2,353.18,350.82,450.0,350.82,351.03,351.22,350.82,350.94,350.94,350.96,351.13,350.94,350.94,350.91,450,350.97,350.99,350.82,350.99,350.99,150,600,351.16,-0.7071067811865471,351.02,350.84
350.99,-0.6883545756937537,351.07,355.15,353.17,350.82,450.0,350.82,351.02,351.13,350.82,350.94,350.94,350.95,351.06,350.94,350.94,350.89,450,350.96,350.99,350.82,350.99,350.99,150,600,351.15,-0.725374371012288,351.01,350.83
350.99,-0.6691306063588578,351.06,355.13,353.16,350.82,450.0,350.82,351.01,351.08,350.82,350.94,350.94,350.95,351.02,350.94,350.94,350.87,450,350.95,350.99,350.82,350.99,350.99,150,600,351.15,-0.7431448254773946,351.0,350.83
350.99,-0.6494480483301828,351.06,355.11,353.16,350.82,450.0,350.82,351.0,351.05,350.82,350.94,350.94,350.94,350.99,350.94,350.94,350.85,450,350.95,350.99,350.82,350.99,350.99,150,600,351.14,-0.7604059656000317,351.0,350.83
350.99,-0.6293203910498364,351.06,355.1,353.16,350.82,450.0,350.82,351.0,351.03,350.82,350.94,350.94,350.94,350.97,350.94,350.94,350.84,450,350.94,350.99,350.82,350.99,350.99,150,600,351.14,-0.7771459614569717,350.99,350.83
350.99,-0.6087614290087209,351.06,355.1,353.15,350.82,450.0,350.82,350.99,351.02,350.82,350.94,350.94,350.94,350.96,350.94,351.13,350.84,450,350.94,350.99,350.91,350.99,351.22,150,600,351.14,-0.7933533402912349,350.99,350.82
350.99,-0.5877852522924726,351.05,355.09,353.15,350.82,450.0,350.82,350.99,351.01,350.82,350.94,350.94,350.94,350.95,350.94,351.06,350.83,450,350.94,350.99,350.89,350.99,351.13,150,600,351.13,-0.8090169943749479,350.99,350.82
350.99,-0.5664062369248322,351.05,355.09,353.15,350.82,450.0,350.82,350.99,351.0,350.82,350.94,350.94,350.94,350.95,350.94,351.02,350.83,450,350.94,350.99,350.87,350.99,351.08,150,600,351.13,-0.8241261886220161,350.99,350.82
350.99,-0.5446390350150262,351.05,355.09,353.15,350.82,450.0,350.82,350.99,351.0,350.82,350.94,350.94,350.94,350.94,350.94,350.99,350.83,450,350.94,350.99,350.85,350.99,351.05,150,600,351.13,-0.8386705679454246,350.99,350.82
350.99,-0.5224985647159479,351.05,355.09,353.15,350.82,450.0,350.82,350.99,350.99,350.82,350.94,350.94,350.94,350.94,350.94,350.97,350.83,450,350.94,350.99,350.84,350.99,351.03,150,600,351.13,-0.8526401643540928,350.99,350.82
350.99,-0.5000000000000004,351.05,355.08,353.15,350.82,450.0,350.82,350.99,350.99,350.82,350.94,350.94,350.94,350.94,350.94,350.96,350.82,450,350.94,350.99,350.84,350.99,351.02,150,600,351.13,-0.8660254037844384,350.99,350.82
350.99,-0.4771587602596087,351.05,355.08,353.15,350.82,450.0,350.82,350.99,350.99,350.82,350.94,350.94,350.94,350.94,350.94,350.95,350.82,450,350.94,350.99,350.83,350.99,351.01,150,600,351.13,-0.8788171126619653,350.99,350.82
350.99,-0.45399049973954614,351.05,355.08,353.15,350.82,450.0,350.82,350.99,350.99,350.82,350.94,350.94,350.94,350.94,350.94,350.95,350.82,450,350.94,350.99,350.83,350.99,351.0,150,600,351.13,-0.8910065241883682,350.99,350.82
350.99,-0.43051109680829436,351.05,355.08,353.15,350.82,450.0,350.82,350.99,350.99,350.82,350.94,350.94,350.94,350.94,350.94,350.94,350.82,450,350.94,350.99,350.83,350.99,351.0,150,600,351.13,-0.902585284349861,350.99,350.82
350.99,-0.4067366430757985,351.05,355.08,353.15,350.82,450.0,350.82,350.99,350.99,350.82,350.94,350.94,350.94,350.94,350.94,350.94,350.82,450,350.94,350.99,350.83,350.99,350.99,150,600,351.13,-0.9135454576426016,350.99,350.82
350.99,-0.3826834323650895,351.05,355.08,353.15,350.82,450.0,350.82,350.99,350.99,350.82,350.94,350.94,350.94,350.94,350.94,350.94,350.82,450,350.94,350.99,350.82,350.99,350.99,150,600,351.13,-0.9238795325112868,350.99,350.82
350.99,-0.3583679495452999,351.05,355.08,353.15,350.82,450.0,350.82,350.99,350.99,350.82,350.94,350.94,350.94,350.94,350.94,350.94,350.82,450,350.94,350.99,350.82,350.99,350.99,150,600,351.13,-0.9335804264972019,350.99,350.82
350.99,-0.3338068592337704,351.05,355.08,353.15,350.82,450.0,350.82,350.99,350.99,350.82,350.94,350.94,350.94,350.94,350.94,350.94,350.82,450,350.94,350.99,350.82,350.99,350.99,150,600,351.13,-0.9426414910921785,350.99,350.82
350.99,-0.30901699437494673,351.05,355.08,353.15,350.82,450.0,350.82,350.99,350.99,350.82,350.94,350.94,350.94,350.94,350.94,350.94,350.82,450,350.94,350.99,350.82,350.99,350.99,150,600,351.13,-0.9510565162951538,350.99,350.82
350.99,-0.2840153447039218,351.05,355.08,353.15,350.82,450.0,350.82,350.99,350.99,350.82,350.94,350.94,350.94,350.94,350.94,350.94,350.82,450,350.94,350.99,350.82,350.99,350.99,150,600,351.13,-0.9588197348681933,350.99,350.82
350.99,-0.25881904510252063,351.05,355.08,353.15,350.82,450.0,350.82,350.99,350.99,350.82,350.94,350.94,350.94,350.94,350.94,350.94,350.82,450,350.94,350.99,350.82,350.99,350.99,150,600,351.13,-0.9659258262890683,350.99,350.82
350.99,-0.23344536385590514,351.05,355.08,353.15,350.82,450.0,350.82,350.99,350.99,350.82,350.94,350.94,350.94,350.94,350.94,350.94,350.82,450,350.94,350.99,350.82,350.99,350.99,150,600,351.13,-0.9723699203976767,350.99,350.82
350.99,-0.20791169081775893,351.05,355.08,353.15,350.82,450.0,350.82,350.99,350.99,350.82,350.94,350.94,350.94,350.94,350.94,350.94,350.82,450,350.94,350.99,350.82,350.99,350.99,150,600,351.13,-0.9781476007338057,350.99,350.82
350.99,-0.18223552549214603,351.05,355.08,353.15,350.82,450.0,350.82,350.99,350.99,350.82,350.94,350.94,350.94,350.94,350.94,350.94,350.82,450,350.94,350.99,350.82,350.99,350.99,150,600,351.13,-0.9832549075639548,350.99,350.82
350.99,-0.1564344650402293,351.05,355.08,353.15,350.82,450.0,350.82,350.99,350.99,350.82,350.94,350.94,350.94,350.94,350.94,350.94,350.82,450,350.94,350.99,350.82,350.99,350.99,150,600,351.13,-0.987688340595138,350.99,350.82
350.99,-0.13052619222005163,351.05,355.08,353.15,350.91,450.0,350.82,350.99,350.99,350.82,351.13,350.94,350.94,350.94,350.94,350.94,350.82,450,350.94,351.22,350.82,350.99,350.99,150,600,351.13,-0.9914448613738104,350.99,350.82
350.99,-0.10452846326765336,351.05,355.08,353.15,350.89,450.0,350.82,350.99,350.99,350.82,351.06,350.94,350.94,350.94,350.94,350.94,350.82,450,350.94,351.13,350.82,350.99,350.99,150,600,351.13,-0.9945218953682734,350.99,350.82
350.99,-0.07845909572784468,351.05,362.01,354.39,350.87,1050.0,350.82,350.99,350.99,350.82,351.02,350.94,350.93,350.94,350.94,350.94,350.82,250,350.94,351.08,350.82,350.99,350.99,350,600,351.12,-0.996917333733128,350.98,350.82
350.99,-0.052335956242943425,351.06,369.7,359.25,350.85,1050.0,350.82,350.98,350.99,350.82,350.99,350.94,350.94,350.94,350.94,350.94,350.82,250,350.93,351.05,350.82,350.99,350.99,350,600,351.14,-0.9986295347545739,350.99,350.82
350.99,-0.026176948307871706,351.1,372.55,368.82,350.84,1050.0,350.82,350.99,350.99,350.82,350.97,350.94,350.95,350.94,350.94,350.94,350.82,250,350.94,351.03,350.82,350.99,350.99,350,600,351.21,-0.9996573249755574,351.01,350.82
350.99,-1.8369701987210297e-16,351.18,372.97,372.06,350.84,1050.0,350.82,351.01,350.99,350.82,350.96,350.94,350.99,350.94,350.94,350.94,350.82,250,350.95,351.02,350.82,350.99,350.99,350,600,351.35,-1.0,351.07,350.83
350.99,0.026176948307873114,351.19,366.53,356.69,350.83,450.0,350.82,351.07,350.99,350.82,350.95,350.94,351.0,350.94,350.94,350.94,350.82,450,350.99,351.01,350.82,350.99,350.99,150,600,351.33,-0.9996573249755573,351.08,350.83
350.99,0.05233595624294483,351.13,358.65,353.89,350.83,450.0,350.82,351.08,350.98,350.82,350.95,350.94,350.98,350.93,350.94,350.94,350.82,450,351.0,351.0,350.82,350.99,350.99,150,600,351.24,-0.9986295347545738,351.05,350.84
350.99,0.07845909572784608,351.1,356.27,353.39,350.83,450.0,350.82,351.05,350.99,350.82,350.94,350.94,350.97,350.94,350.94,350.94,350.82,450,350.98,351.0,350.82,350.99,350.99,150,600,351.19,-0.9969173337331279,351.03,350.84
350.99,0.10452846326765476,351.08,355.54,353.25,350.83,450.0,350.82,351.03,351.01,350.82,350.94,350.94,350.96,350.95,350.94,350.94,350.82,450,350.97,350.99,350.82,350.99,350.99,150,600,351.16,-0.9945218953682732,351.01,350.83
350.99,0.13052619222005127,351.07,355.28,353.19,350.82,450.0,350.82,351.01,351.07,350.82,350.94,350.94,350.95,350.99,350.94,350.94,350.83,450,350.96,350.99,350.82,350.99,350.99,150,600,351.15,-0.9914448613738105,351.0,350.83
350.99,0.15643446504023067,351.06,355.17,353.17,350.82,450.0,350.82,351.0,351.08,350.82,350.94,350.94,350.95,351.0,350.94,350.94,350.83,450,350.95,350.99,350.82,350.99,350.99,150,600,351.14,-0.9876883405951378,351.0,350.83
350.99,0.18223552549214828,351.06,355.13,353.16,350.82,450.0,350.82,351.0,351.05,350.82,350.94,350.94,350.94,350.98,350.94,350.93,350.84,450,350.95,350.99,350.82,350.99,350.98,150,600,351.14,-0.9832549075639544,350.99,350.83
350.99,0.20791169081776031,351.06,355.11,353.16,350.82,450.0,350.82,350.99,351.03,350.82,350.94,350.94,350.94,350.97,350.94,350.94,350.84,450,350.94,350.99,350.82,350.99,350.99,150,600,351.14,-0.9781476007338055,350.99,350.82
350.99,0.23344536385590653,351.05,362.1,354.42,350.82,1050.0,350.82,350.99,351.01,350.82,350.94,350.94,350.94,350.96,350.94,350.95,350.83,250,350.94,350.99,350.82,350.99,351.01,350,600,351.13,-0.9723699203976763,350.99,350.82
350.99,0.2588190451025203,351.06,369.78,359.38,350.82,1050.0,350.82,350.99,351.0,350.82,350.94,350.94,350.94,350.95,350.94,350.99,350.83,250,350.94,350.99,350.83,350.99,351.07,350,600,351.15,-0.9659258262890684,350.99,350.82
350.99,0.28401534470392314,351.1,372.57,368.93,350.82,1050.0,350.82,350.99,351.0,350.82,350.94,350.94,350.95,350.95,350.94,351.0,350.83,250,350.94,350.99,350.83,350.99,351.08,350,600,351.21,-0.9588197348681929,351.01,350.82
350.99,0.30901699437494806,351.19,372.97,372.08,350.82,1050.0,350.82,351.01,350.99,350.82,350.94,350.94,350.99,350.94,350.94,350.98,350.83,250,350.95,350.99,350.84,350.99,351.05,350,600,351.36,-0.9510565162951533,351.07,350.83
350.99,0.33380685923377174,351.19,366.59,356.74,350.82,450.0,350.82,351.07,350.99,350.82,350.94,350.94,351.0,350.94,350.94,350.97,350.82,450,350.99,350.99,350.84,350.99,351.03,150,600,351.33,-0.9426414910921781,351.08,350.83
350.99,0.3583679495453012,351.14,358.68,353.89,350.82,450.0,350.82,351.08,350.99,350.82,350.94,350.94,350.98,350.94,350.94,350.96,350.82,450,351.0,350.99,350.83,350.99,351.01,150,600,351.24,-0.9335804264972014,351.05,350.84
350.99,0.38268343236508917,351.1,356.28,353.39,350.82,450.0,350.82,351.05,350.99,350.82,350.94,350.94,350.97,350.94,350.94,350.95,350.82,450,350.98,350.99,350.83,350.99,351.0,150,600,351.19,-0.923879532511287,351.03,350.84
350.99,0.40673664307580054,351.08,355.55,353.25,350.82,450.0,350.82,351.03,351.01,350.82,350.94,350.94,350.96,350.95,350.94,350.95,350.82,450,350.97,350.99,350.83,350.99,351.0,150,600,351.16,-0.9135454576426008,351.01,350.83
350.99,0.43051109680829563,351.07,355.28,353.19,350.82,450.0,350.82,351.01,351.07,350.82,350.94,350.94,350.95,350.99,350.94,350.94,350.83,450,350.96,350.99,350.83,350.99,350.99,150,600,351.15,-0.9025852843498604,351.0,350.83
350.99,0.4539904997395474,351.06,355.17,353.17,350.82,450.0,350.82,351.0,351.08,350.82,350.94,350.94,350.95,351.0,350.94,350.94,350.83,450,350.95,350.99,350.82,350.99,350.99,150,600,351.14,-0.8910065241883676,351.0,350.83
350.99,0.4771587602596099,351.06,355.13,353.16,350.82,450.0,350.82,351.0,351.05,350.82,350.94,350.94,350.94,350.98,350.94,350.94,350.84,450,350.95,350.99,350.82,350.99,350.99,150,600,351.14,-0.8788171126619646,350.99,350.83
350.99,0.5000000000000001,351.06,355.11,353.16,350.82,450.0,350.82,350.99,351.03,350.82,350.94,350.94,350.94,350.97,350.94,350.94,350.84,450,350.94,350.99,350.82,350.99,350.99,150,600,351.14,-0.8660254037844386,350.99,350.82
350.99,0.522498564715949,351.05,362.11,354.42,350.82,1050.0,350.82,350.99,351.01,350.82,350.94,350.94,350.94,350.96,350.94,350.95,350.83,250,350.94,350.99,350.82,350.99,351.01,350,600,351.13,-0.8526401643540921,350.99,350.82
350.99,0.5446390350150274,351.06,369.78,359.38,350.82,1050.0,350.82,350.99,351.0,350.82,350.94,350.94,350.94,350.95,350.94,350.99,350.83,250,350.94,350.99,350.83,350.99,351.07,350,600,351.15,-0.8386705679454238,350.99,350.82
350.99,0.5664062369248333,351.1,372.57,368.93,350.82,1050.0,350.82,350.99,351.0,350.82,350.94,350.94,350.95,350.95,350.94,351.0,350.83,250,350.94,350.99,350.83,350.99,351.08,350,600,351.21,-0.8241261886220154,351.01,350.82
350.99,0.5877852522924744,351.19,372.97,372.08,350.82,1050.0,350.82,351.01,350.99,350.82,350.94,350.94,350.99,350.94,350.94,350.98,350.83,250,350.95,350.99,350.84,350.99,351.05,350,600,351.36,-0.8090169943749465,351.07,350.83
351.22,0.6087614290087199,351.36,373.0,372.41,350.82,1050.0,350.91,351.07,350.99,350.82,350.94,351.13,351.05,350.94,350.94,350.97,350.82,250,350.99,350.99,350.84,350.99,351.03,350,600,351.69,-0.7933533402912357,351.18,350.84
351.13,0.6293203910498382,351.72,373.01,372.43,350.82,1050.0,350.89,351.18,350.99,350.82,350.94,351.06,351.16,350.94,350.94,350.96,350.82,250,351.05,350.99,350.83,350.99,351.01,350,600,352.46,-0.7771459614569702,351.36,350.86
351.08,0.6494480483301845,352.5,373.01,372.44,350.82,1050.0,350.87,351.36,350.99,350.82,350.93,351.02,351.34,350.94,350.94,350.95,350.82,250,351.16,350.98,350.83,350.99,351.0,350,600,354.87,-0.7604059656000303,351.71,350.89
351.05,0.6691306063588591,354.63,373.01,372.44,350.82,1050.0,350.85,351.71,351.01,350.82,350.94,350.99,351.65,350.95,350.94,350.95,350.82,250,351.34,350.99,350.83,350.99,351.0,350,600,361.43,-0.7431448254773934,352.41,350.94
351.03,0.688354575693755,352.16,371.89,366.46,350.82,450.0,350.84,352.41,351.07,350.82,350.95,350.97,351.45,350.99,350.94,350.94,350.83,450,351.65,351.01,350.83,350.99,350.99,150,600,352.73,-0.7253743710122866,351.74,350.95
351.02,0.7071067811865474,351.56,368.65,358.75,350.83,450.0,350.84,351.74,351.18,350.82,350.99,350.96,351.23,351.05,350.94,350.94,350.84,450,351.45,351.07,350.82,350.99,350.99,150,600,351.77,-0.7071067811865477,351.38,350.93
351.01,0.7253743710122876,351.33,360.89,354.49,350.83,450.0,350.83,351.38,351.36,350.82,351.0,350.95,351.12,351.16,350.94,350.94,350.86,450,351.23,351.08,350.82,350.99,350.99,150,600,351.46,-0.688354575693754,351.22,350.91
351.0,0.7431448254773942,351.21,357.15,353.6,350.84,450.0,350.83,351.22,351.71,350.82,350.98,350.95,351.06,351.34,350.94,350.94,350.89,450,351.12,351.05,350.82,350.99,350.99,150,600,351.31,-0.6691306063588581,351.13,350.89
351.0,0.760405965600031,351.15,355.94,353.34,350.84,450.0,350.83,351.13,352.41,350.82,350.97,350.94,351.01,351.65,350.94,350.95,350.94,450,351.06,351.03,350.82,350.99,351.01,150,600,351.24,-0.6494480483301834,351.08,350.87
350.99,0.7771459614569722,351.12,355.49,353.25,350.83,450.0,350.83,351.08,351.74,350.82,350.96,350.94,350.99,351.45,350.94,350.99,350.95,450,351.01,351.01,350.83,350.99,351.07,150,600,351.2,-0.6293203910498358,351.05,350.85
350.99,0.7933533402912349,351.09,355.29,353.2,350.83,450.0,350.82,351.05,351.38,350.82,350.95,350.94,350.97,351.23,350.94,351.05,350.93,450,350.99,351.0,350.84,350.99,351.18,150,600,351.18,-0.6087614290087209,351.03,350.84
350.99,0.8090169943749473,351.08,355.2,353.18,350.83,450.0,350.82,351.03,351.22,350.82,350.95,350.94,350.96,351.12,350.94,351.16,350.91,450,350.97,351.0,350.86,350.99,351.36,150,600,351.16,-0.5877852522924734,351.01,350.84
350.99,0.8241261886220161,351.07,355.15,353.17,350.83,450.0,350.82,351.01,351.13,350.82,350.94,350.94,350.95,351.06,350.94,351.34,350.89,450,350.96,350.99,350.89,350.99,351.71,150,600,351.15,-0.5664062369248322,351.01,350.83
350.99,0.8386705679454246,351.06,355.13,353.16,350.82,450.0,350.82,351.01,351.08,350.82,350.94,350.94,350.95,351.01,350.94,351.65,350.87,450,350.95,350.99,350.94,350.99,352.41,150,600,351.15,-0.5446390350150263,351.0,350.83
350.99,0.8526401643540928,351.06,355.11,353.16,350.82,450.0,350.82,351.0,351.05,350.82,350.94,350.94,350.94,350.99,350.94,351.45,350.85,450,350.95,350.99,350.95,350.99,351.74,150,600,351.14,-0.5224985647159479,351.0,350.83
350.99,0.8660254037844384,351.06,355.1,353.16,350.82,450.0,350.82,351.0,351.03,350.82,350.94,350.94,350.94,350.97,350.94,351.23,350.84,450,350.94,350.99,350.93,350.99,351.38,150,600,351.14,-0.5000000000000004,350.99,350.82
350.99,0.8788171126619656,351.06,355.1,353.15,350.82,450.0,350.82,350.99,351.01,350.82,350.95,350.94,350.94,350.96,350.94,351.12,350.84,450,350.94,351.01,350.91,350.99,351.22,150,600,351.14,-0.47715876025960796,350.99,350.82
350.99,0.8910065241883681,351.05,355.09,353.15,350.83,450.0,350.82,350.99,351.01,350.82,350.99,350.94,350.94,350.95,350.94,351.06,350.83,450,350.94,351.07,350.89,350.99,351.13,150,600,351.13,-0.4539904997395462,350.99,350.82
350.99,0.902585284349861,351.05,355.09,353.15,350.83,450.0,350.82,350.99,351.0,350.82,351.0,350.94,350.94,350.95,350.94,351.01,350.83,450,350.94,351.08,350.87,350.99,351.08,150,600,351.13,-0.4305110968082944,350.99,350.82
350.99,0.9135454576426013,351.05,355.09,353.15,350.84,450.0,350.82,350.99,351.0,350.82,350.98,350.94,350.94,350.94,350.94,350.99,350.83,450,350.94,351.05,350.85,350.99,351.05,150,600,351.13,-0.4067366430757993,350.99,350.82
350.99,0.9238795325112868,351.05,362.03,354.4,350.84,1050.0,350.82,350.99,350.99,350.82,350.97,350.94,350.93,350.94,350.94,350.97,350.82,250,350.94,351.03,350.84,350.99,351.03,350,600,351.13,-0.38268343236508956,350.98,350.82
350.99,0.9335804264972019,351.06,369.72,359.28,350.83,1050.0,350.82,350.98,350.99,350.82,350.96,350.94,350.94,350.94,350.94,350.96,350.82,250,350.93,351.01,350.84,350.99,351.01,350,600,351.15,-0.35836794954529994,350.99,350.82
350.99,0.9426414910921785,351.1,372.56,368.85,350.83,1050.0,350.82,350.99,350.99,350.82,350.95,350.94,350.95,350.94,350.94,350.95,350.82,250,350.94,351.0,350.83,350.99,351.01,350,600,351.21,-0.33380685923377046,351.01,350.82
350.99,0.9510565162951538,351.18,372.97,372.07,350.83,1050.0,350.82,351.01,350.99,350.82,350.95,350.94,350.99,350.94,350.94,350.95,350.82,250,350.95,351.0,350.83,350.99,351.0,350,600,351.36,-0.3090169943749468,351.07,350.83
350.99,0.9588197348681935,351.36,373.0,372.41,350.83,1050.0,350.82,351.07,350.99,350.82,350.94,350.94,351.05,350.94,350.94,350.94,350.82,250,350.99,350.99,350.83,350.99,351.0,350,600,351.68,-0.284015344703921,351.17,350.84
350.99,0.9659258262890681,351.71,373.01,372.43,350.82,1050.0,350.82,351.17,350.98,350.82,350.94,350.94,351.16,350.93,350.94,350.94,350.82,250,351.05,350.99,350.82,350.99,350.99,350,600,352.45,-0.25881904510252157,351.36,350.86
350.99,0.9723699203976764,352.49,373.01,372.44,350.82,1050.0,350.82,351.36,350.99,350.82,350.94,350.94,351.34,350.94,350.94,350.94,350.82,250,351.16,350.99,350.82,350.99,350.99,350,600,354.81,-0.23344536385590609,351.71,350.89
350.99,0.9781476007338059,354.58,373.01,372.44,350.82,1050.0,350.82,351.71,351.01,350.82,350.94,350.94,351.65,350.95,350.94,350.94,350.82,250,351.34,350.99,350.82,350.99,350.99,350,600,361.34,-0.20791169081775812,352.4,350.94
350.99,0.9832549075639548,359.71,373.01,372.44,350.82,1050.0,350.82,352.4,351.07,350.82,350.95,350.94,352.17,350.99,350.94,350.94,350.83,250,351.65,351.01,350.82,350.99,350.99,350,600,366.21,-0.18223552549214608,353.91,350.99
350.99,0.987688340595138,364.66,373.01,372.44,350.83,1050.0,350.82,353.91,351.17,350.82,350.99,350.94,353.03,351.05,350.94,350.94,350.84,250,352.17,351.07,350.82,350.99,350.99,350,600,367.46,-0.15643446504022934,356.97,351.06
350.99,0.9914448613738104,366.61,373.01,372.44,350.84,1050.0,350.82,356.97,351.36,350.82,351.05,350.94,354.34,351.16,350.94,350.93,350.86,250,353.03,351.18,350.82,350.99,350.98,350,600,367.75,-0.13052619222005168,360.87,351.13
350.99,0.9945218953682733,367.28,373.01,372.44,350.86,1050.0,350.82,360.87,351.71,350.82,351.16,350.94,355.94,351.34,350.94,350.94,350.89,250,354.34,351.36,350.82,350.99,350.99,350,600,367.83,-0.10452846326765342,363.65,351.2
350.98,0.996917333733128,353.89,371.97,366.9,350.89,450.0,350.82,363.65,352.4,350.82,351.34,350.93,352.21,351.65,350.94,350.95,350.94,450,355.94,351.71,350.82,350.99,351.01,150,600,355.24,-0.07845909572784475,352.9,351.17
350.99,0.9986295347545739,352.05,371.12,363.67,350.94,450.0,350.82,352.9,353.91,350.82,351.65,350.94,351.53,352.17,350.94,350.99,350.99,450,352.21,352.41,350.83,350.99,351.07,150,600,352.4,-0.05233595624294348,351.76,351.07
351.01,0.9996573249755573,351.57,365.64,356.32,350.95,450.0,350.82,351.76,356.97,350.82,351.45,350.95,351.29,353.03,350.94,351.05,351.06,450,351.53,351.74,350.84,350.99,351.17,150,600,351.74,-0.026176948307872656,351.41,351.0
351.07,1.0,351.35,359.19,354.07,350.93,450.0,350.83,351.41,360.87,350.82,351.23,350.99,351.16,354.34,350.94,351.16,351.13,450,351.29,351.38,350.86,350.99,351.36,150,600,351.47,0.0,351.25,350.94
351.08,0.9996573249755573,351.23,356.69,353.51,350.91,450.0,350.83,351.25,363.65,350.82,351.12,351.0,351.08,355.94,350.94,351.34,351.2,450,351.16,351.22,350.89,350.99,351.71,150,600,351.33,0.02617694830787352,351.15,350.9
351.05,0.9986295347545738,351.17,355.82,353.32,350.89,450.0,350.84,351.15,352.9,350.82,351.06,350.98,351.03,352.21,350.94,351.65,351.17,450,351.08,351.13,350.94,350.99,352.4,150,600,351.26,0.05233595624294457,351.09,350.88
351.03,0.9969173337331279,351.13,355.46,353.24,350.87,450.0,350.84,351.09,351.76,350.82,351.01,350.97,351.0,351.53,350.94,352.17,351.07,450,351.03,351.08,350.99,350.99,353.91,150,600,351.21,0.07845909572784607,351.06,350.86
351.01,0.9945218953682732,351.1,355.29,353.2,350.85,450.0,350.83,351.06,351.41,350.82,350.99,350.96,350.98,351.29,350.94,353.03,351.0,450,351.0,351.05,351.06,350.99,356.97,150,600,351.18,0.10452846326765494,351.03,350.85
351.0,0.9914448613738104,351.07,362.85,354.64,350.84,1050.0,350.83,351.03,351.25,350.82,350.97,350.95,350.95,351.16,350.94,354.34,350.94,250,350.98,351.03,351.13,350.99,360.87,350,600,351.15,0.13052619222005157,351.0,350.83
351.0,0.9876883405951377,351.07,370.34,360.42,350.84,1050.0,350.83,351.0,351.15,350.82,350.96,350.95,350.95,351.08,350.94,355.94,350.9,250,350.95,351.01,351.2,350.99,363.65,350,600,351.16,0.15643446504023123,351.0,350.83
350.99,0.9832549075639545,351.11,372.68,369.7,350.83,1050.0,350.83,351.0,351.09,350.82,350.95,350.94,350.96,351.03,350.94,352.21,350.88,250,350.95,351.01,351.17,350.99,352.9,350,600,351.22,0.18223552549214816,351.02,350.83
350.99,0.9781476007338054,351.2,372.98,372.18,350.83,1050.0,350.82,351.02,351.06,350.82,350.95,350.94,350.99,351.0,350.94,351.53,350.86,250,350.96,351.0,351.07,350.99,351.76,350,600,351.39,0.2079116908177604,351.08,350.83
350.99,0.9723699203976762,351.2,367.09,357.09,350.83,450.0,350.82,351.08,351.03,350.82,350.94,350.94,351.01,350.98,350.94,351.29,350.85,450,350.99,351.0,351.0,350.99,351.41,150,600,351.35,0.23344536385590683,351.09,350.84
350.99,0.9659258262890683,351.14,358.94,353.95,350.82,450.0,350.82,351.09,351.0,350.82,350.94,350.94,350.99,350.95,350.94,351.16,350.83,450,351.01,350.99,350.94,350.99,351.25,150,600,351.25,0.25881904510252074,351.06,350.84
351.01,0.9588197348681929,351.1,356.36,353.41,350.82,450.0,350.82,351.06,351.0,350.82,350.94,350.95,350.97,350.95,350.94,351.08,350.83,450,350.99,350.99,350.9,350.99,351.15,150,600,351.19,0.2840153447039229,351.03,350.84
351.07,0.9510565162951533,351.08,355.58,353.25,350.82,450.0,350.83,351.03,351.02,350.82,350.94,350.99,350.96,350.96,350.94,351.03,350.83,450,350.97,350.99,350.88,350.99,351.09,150,600,351.17,0.3090169943749481,351.02,350.83
351.08,0.942641491092178,351.06,363.36,354.79,350.82,1050.0,350.83,351.02,351.08,350.82,350.94,351.0,350.94,350.99,350.94,351.0,350.83,250,350.96,350.99,350.86,350.99,351.06,350,600,351.14,0.33380685923377196,351.0,350.83
351.05,0.9335804264972012,351.07,370.56,360.89,350.82,1050.0,350.84,351.0,351.09,350.82,350.94,350.98,350.94,351.01,350.94,350.98,350.84,250,350.94,350.99,350.85,350.99,351.03,350,600,351.16,0.3583679495453016,351.0,350.82
351.03,0.9238795325112867,351.11,372.71,369.92,350.82,1050.0,350.84,351.0,351.06,350.82,350.93,350.97,350.96,350.99,350.94,350.95,350.84,250,350.94,350.98,350.83,350.99,351.0,350,600,351.23,0.3826834323650898,351.02,350.83
351.01,0.9135454576426008,351.21,372.98,372.2,350.82,1050.0,350.83,351.02,351.03,350.82,350.94,350.96,351.0,350.97,350.94,350.95,350.84,250,350.96,350.99,350.83,350.99,351.0,350,600,351.4,0.40673664307580054,351.08,350.83
351.0,0.9025852843498603,351.21,367.23,357.2,350.82,450.0,350.83,351.08,351.02,350.82,350.95,350.95,351.01,350.96,350.94,350.96,350.83,450,351.0,351.01,350.83,350.99,351.02,150,600,351.36,0.4305110968082958,351.1,350.84
351.0,0.8910065241883673,351.15,359.01,353.97,350.83,450.0,350.83,351.1,351.0,350.82,350.99,350.95,350.99,350.94,350.94,350.99,350.83,450,351.01,351.07,350.83,350.99,351.08,150,600,351.25,0.45399049973954775,351.06,350.84
350.99,0.8788171126619647,351.11,356.38,353.41,350.84,450.0,350.83,351.06,351.0,350.82,351.05,350.94,350.97,350.94,350.94,351.01,350.82,450,350.99,351.17,350.84,350.99,351.09,150,600,351.2,0.4771587602596097,351.03,350.84
350.99,0.8660254037844387,351.08,355.59,353.25,350.86,450.0,350.82,351.03,351.02,350.82,351.16,350.94,350.96,350.96,350.94,350.99,350.83,450,350.97,351.36,350.84,350.99,351.06,150,600,351.17,0.49999999999999994,351.02,350.83
350.99,0.8526401643540921,351.07,355.3,353.2,350.89,450.0,350.82,351.02,351.08,350.82,351.34,350.94,350.95,351.0,350.94,350.97,350.83,450,350.96,351.71,350.84,350.99,351.03,150,600,351.15,0.5224985647159491,351.01,350.83
350.99,0.8386705679454236,351.06,355.18,353.17,350.94,450.0,350.82,351.01,351.1,350.82,351.65,350.94,350.95,351.01,350.94,350.96,350.84,450,350.95,352.4,350.83,350.99,351.02,150,600,351.15,0.5446390350150276,351.0,350.83
351.01,0.824126188622015,351.06,355.13,353.16,350.99,450.0,350.82,351.0,351.06,350.82,352.17,350.95,350.94,350.99,350.94,350.94,350.84,450,350.95,353.91,350.83,350.99,351.0,150,600,351.14,0.5664062369248337,351.0,350.83
351.07,0.8090169943749466,351.06,355.11,353.16,351.06,450.0,350.83,351.0,351.03,350.82,353.03,350.99,350.94,350.97,350.94,350.94,350.84,450,350.94,356.97,350.82,350.99,351.0,150,600,351.14,0.5877852522924742,350.99,350.82
351.18,0.7933533402912352,351.06,355.1,353.15,351.13,450.0,350.84,350.99,351.02,350.82,354.34,351.05,350.94,350.96,350.94,350.96,350.83,450,350.94,360.87,350.83,350.99,351.02,150,600,351.14,0.6087614290087207,350.99,350.82
351.36,0.7771459614569707,351.05,355.09,353.15,351.2,450.0,350.86,350.99,351.01,350.82,355.94,351.16,350.94,350.95,350.94,351.0,350.83,450,350.94,363.65,350.83,350.99,351.08,150,600,351.13,0.6293203910498377,350.99,350.82
351.71,0.7604059656000305,351.05,355.09,353.15,351.17,450.0,350.89,350.99,351.0,350.82,352.21,351.34,350.94,350.95,350.94,351.01,350.83,450,350.94,352.9,350.84,350.99,351.1,150,600,351.13,0.6494480483301842,350.99,350.82
352.41,0.7431448254773935,351.05,355.09,353.15,351.07,450.0,350.94,350.99,351.0,350.82,351.53,351.65,350.94,350.94,350.94,350.99,350.83,450,350.94,351.76,350.84,350.99,351.06,150,600,351.13,0.669130606358859,350.99,350.82
351.74,0.7253743710122866,351.05,362.03,354.4,351.0,1050.0,350.95,350.99,350.99,350.82,351.29,351.45,350.93,350.94,350.94,350.97,350.82,250,350.94,351.41,350.84,350.99,351.03,350,600,351.13,0.688354575693755,350.98,350.82
351.38,0.7071067811865476,351.06,369.72,359.28,350.94,1050.0,350.93,350.98,350.99,350.82,351.16,351.23,350.94,350.94,350.94,350.96,350.82,250,350.93,351.25,350.83,350.99,351.02,350,600,351.14,0.7071067811865475,350.99,350.82
351.22,0.6883545756937537,351.1,372.56,368.85,350.9,1050.0,350.91,350.99,350.99,350.82,351.08,351.12,350.95,350.94,350.94,350.95,350.82,250,350.94,351.15,350.83,350.99,351.01,350,600,351.21,0.725374371012288,351.01,350.82
351.13,0.6691306063588577,351.18,372.97,372.07,350.88,1050.0,350.89,351.01,350.99,350.82,351.03,351.06,350.99,350.94,350.94,350.95,350.82,250,350.95,351.09,350.83,350.99,351.0,350,600,351.36,0.7431448254773947,351.07,350.83
351.08,0.6494480483301828,351.36,373.0,372.41,350.86,1050.0,350.87,351.07,350.99,350.82,351.0,351.01,351.05,350.94,350.94,350.94,350.82,250,350.99,351.06,350.83,350.99,351.0,350,600,351.68,0.7604059656000317,351.17,350.84
351.05,0.6293203910498363,351.71,373.01,372.43,350.85,1050.0,350.85,351.17,350.98,350.82,350.98,350.99,351.16,350.93,350.94,350.94,350.82,250,351.05,351.03,350.82,350.99,350.99,350,600,352.45,0.7771459614569718,351.36,350.86
351.03,0.6087614290087207,352.49,373.01,372.44,350.83,1050.0,350.84,351.36,350.99,350.82,350.95,350.97,351.34,350.94,350.94,350.94,350.82,250,351.16,351.0,350.82,350.99,350.99,350,600,354.81,0.7933533402912352,351.71,350.89
351.01,0.5877852522924728,354.58,373.01,372.44,350.83,1050.0,350.84,351.71,351.01,350.82,350.95,350.96,351.65,350.95,350.94,350.94,350.82,250,351.34,351.0,350.82,350.99,350.99,350,600,361.34,0.8090169943749477,352.4,350.94
351.01,0.5664062369248323,352.15,371.89,366.45,350.83,450.0,350.83,352.4,351.07,350.82,350.96,350.95,351.44,350.99,350.94,350.94,350.83,450,351.65,351.02,350.82,350.99,350.99,150,600,352.73,0.824126188622016,351.74,350.95
351.0,0.5446390350150261,351.55,368.63,358.72,350.83,450.0,350.83,351.74,351.17,350.82,350.99,350.95,351.23,351.05,350.94,350.94,350.84,450,351.44,351.08,350.82,350.99,350.99,150,600,351.77,0.8386705679454246,351.38,350.93
351.0,0.5224985647159476,351.33,360.87,354.48,350.84,450.0,350.83,351.38,351.36,350.82,351.01,350.94,351.12,351.16,350.94,350.93,350.86,450,351.23,351.09,350.82,350.99,350.98,150,600,351.46,0.8526401643540931,351.22,350.91
350.99,0.5000000000000001,351.21,357.15,353.6,350.84,450.0,350.82,351.22,351.71,350.82,350.99,350.94,351.06,351.34,350.94,350.94,350.89,450,351.12,351.06,350.82,350.99,350.99,150,600,351.31,0.8660254037844386,351.13,350.89
350.99,0.477158760259608,351.11,367.27,356.68,350.84,1050.0,350.82,351.13,352.4,350.82,350.97,350.94,350.98,351.65,350.94,350.95,350.94,250,351.06,351.03,350.82,350.99,351.01,350,600,351.19,0.8788171126619656,351.04,350.85
350.99,0.45399049973954625,351.1,372.16,366.48,350.83,1050.0,350.82,351.04,351.74,350.82,350.96,350.94,350.96,351.44,350.94,350.99,350.95,250,350.98,351.02,350.83,350.99,351.07,350,600,351.2,0.8910065241883681,351.03,350.83
350.99,0.430511096808294,351.16,372.93,371.74,350.83,1050.0,350.82,351.03,351.38,350.82,350.94,350.94,350.98,351.23,350.94,351.05,350.93,250,350.96,351.0,350.84,350.99,351.17,350,600,351.31,0.9025852843498612,351.06,350.83
350.99,0.406736643075799,351.31,373.0,372.38,350.82,1050.0,350.82,351.06,351.22,350.82,350.94,350.94,351.03,351.12,350.94,351.16,350.91,250,350.98,351.0,350.86,350.99,351.36,350,600,351.58,0.9135454576426014,351.14,350.84
350.98,0.38268343236508984,351.6,373.01,372.43,350.83,1050.0,350.82,351.14,351.13,350.82,350.96,350.93,351.13,351.06,350.94,351.34,350.89,250,351.03,351.02,350.89,350.99,351.71,350,600,352.2,0.9238795325112867,351.31,350.86
350.99,0.3583679495453,352.24,373.01,372.44,350.83,1050.0,350.82,351.31,351.04,350.82,351.0,350.94,351.29,350.98,350.94,351.65,350.85,250,351.13,351.08,350.94,350.99,352.4,350,600,353.97,0.9335804264972019,351.6,350.89
351.01,0.3338068592337703,353.88,373.01,372.44,350.84,1050.0,350.82,351.6,351.03,350.82,351.01,350.95,351.56,350.96,350.94,351.44,350.83,250,351.29,351.1,350.95,350.99,351.74,350,600,359.57,0.9426414910921787,352.19,350.92
351.07,0.3090169943749464,358.27,373.01,372.44,350.84,1050.0,350.83,352.19,351.06,350.82,350.99,350.99,352.02,350.98,350.94,351.23,350.83,250,351.56,351.06,350.93,350.99,351.38,350,600,365.54,0.9510565162951539,353.44,350.98
351.17,0.28401534470392126,363.79,373.01,372.44,350.84,1050.0,350.84,353.44,351.14,350.82,350.97,351.05,352.78,351.03,350.94,351.12,350.84,250,352.02,351.03,350.91,350.99,351.22,350,600,367.3,0.9588197348681935,356.08,351.04
351.36,0.25881904510252074,366.33,373.01,372.44,350.83,1050.0,350.86,356.08,351.31,350.82,350.96,351.16,354.0,351.13,350.94,351.06,350.86,250,352.78,351.02,350.89,350.99,351.13,350,600,367.71,0.9659258262890683,360.01,351.12
351.71,0.23344536385590503,367.18,373.01,372.44,350.83,1050.0,350.89,360.01,351.6,350.82,350.95,351.34,355.55,351.29,350.94,350.98,350.89,250,354.0,351.01,350.85,350.99,351.04,350,600,367.82,0.9723699203976767,363.13,351.19
352.4,0.2079116908177586,367.49,373.01,372.44,350.83,1050.0,350.94,363.13,352.19,350.82,350.95,351.65,357.17,351.56,350.94,350.96,350.92,250,355.55,351.0,350.83,350.99,351.03,350,600,367.86,0.9781476007338058,364.84,351.25
353.91,0.18223552549214656,367.62,373.01,372.44,350.83,1050.0,350.99,364.84,353.44,350.82,350.94,352.17,358.48,352.02,350.94,350.98,350.98,250,357.17,351.0,350.83,350.99,351.06,350,600,367.87,0.9832549075639547,365.68,351.3
356.97,0.1564344650402294,367.68,373.01,372.44,350.82,1050.0,351.06,365.68,356.08,350.82,350.94,353.03,359.42,352.78,350.94,351.03,351.04,250,358.48,350.99,350.84,350.99,351.14,350,600,367.88,0.987688340595138,366.11,351.34
360.87,0.1305261922200517,367.71,373.01,372.44,350.82,1050.0,351.13,366.11,360.01,350.82,350.94,354.34,360.05,354.0,350.94,351.13,351.12,250,359.42,350.99,350.86,350.99,351.31,350,600,367.88,0.9914448613738104,366.35,351.37
363.65,0.10452846326765323,367.73,373.01,372.44,350.82,1050.0,351.2,366.35,363.13,350.82,350.94,355.94,360.47,355.55,350.94,351.29,351.19,250,360.05,350.99,350.89,350.99,351.6,350,600,367.89,0.9945218953682734,366.49,351.39
352.9,0.07845909572784433,354.68,371.98,366.92,350.82,450.0,351.17,366.49,364.84,350.82,350.94,352.21,352.58,357.17,350.94,351.56,351.25,450,360.47,350.99,350.92,350.99,352.19,150,600,356.24,0.9969173337331281,353.45,351.3
351.76,0.052335956242942634,352.24,371.36,364.5,350.82,450.0,351.07,353.45,365.68,350.82,350.94,351.53,351.66,358.48,350.94,352.02,351.3,450,352.58,350.99,350.98,350.99,353.44,150,600,352.65,0.9986295347545739,351.92,351.14
351.41,0.026176948307871584,351.66,366.9,357.14,350.82,450.0,351.0,351.92,366.11,350.82,350.93,351.29,351.35,359.42,350.94,352.78,351.34,450,351.66,350.98,351.04,350.99,356.08,150,600,351.85,0.9996573249755574,351.49,351.03
351.25,6.123233995736766e-17,351.4,359.99,354.28,350.82,450.0,350.94,351.49,366.35,350.82,350.94,351.16,351.19,360.05,350.94,354.0,351.37,450,351.35,350.99,351.12,350.99,360.01,150,600,351.53,1.0,351.29,350.96
351.15,-0.02617694830787346,351.26,356.99,353.58,350.82,450.0,350.9,351.29,366.49,350.82,350.95,351.08,351.1,360.47,350.94,355.55,351.39,450,351.19,351.01,351.19,350.99,363.13,150,600,351.36,0.9996573249755573,351.18,350.92
351.09,-0.05233595624294473,351.18,355.94,353.35,350.83,450.0,350.88,351.18,353.45,350.82,350.99,351.03,351.04,352.58,350.94,357.17,351.3,450,351.1,351.07,351.25,350.99,364.84,150,600,351.28,0.9986295347545738,351.11,350.89
351.06,-0.07845909572784598,351.14,355.52,353.26,350.84,450.0,350.86,351.11,351.92,350.82,351.05,351.0,351.01,351.66,350.94,358.48,351.14,450,351.04,351.17,351.3,350.99,365.68,150,600,351.22,0.9969173337331279,351.07,350.87
351.03,-0.10452846326765487,351.11,355.32,353.21,350.86,450.0,350.85,351.07,351.49,350.82,351.16,350.98,350.98,351.35,350.94,359.42,351.03,450,351.01,351.36,351.34,350.99,366.11,150,600,351.19,0.9945218953682732,351.04,350.85
351.0,-0.1305261922200516,351.09,355.22,353.19,350.89,450.0,350.83,351.04,351.29,350.82,351.34,350.95,350.97,351.19,350.94,360.05,350.96,450,350.98,351.71,351.37,350.99,366.35,150,600,351.17,0.9914448613738104,351.02,350.84
351.0,-0.15643446504023104,351.08,355.17,353.17,350.94,450.0,350.83,351.02,351.18,350.82,351.65,350.95,350.96,351.1,350.94,360.47,350.92,450,350.97,352.4,351.39,350.99,366.49,150,600,351.16,0.9876883405951377,351.01,350.84
351.02,-0.1822355254921482,351.07,355.14,353.17,350.95,450.0,350.83,351.01,351.11,350.82,351.44,350.96,350.95,351.04,350.94,352.58,350.89,450,350.96,351.74,351.3,350.99,353.45,150,600,351.15,0.9832549075639544,351.0,350.83
351.08,-0.20791169081776043,351.06,355.12,353.16,350.93,450.0,350.83,351.0,351.07,350.82,351.23,350.99,350.95,351.01,350.94,351.66,350.87,450,350.95,351.38,351.14,350.99,351.92,150,600,351.14,0.9781476007338054,351.0,350.83
351.09,-0.23344536385590686,351.06,355.11,353.16,350.91,450.0,350.84,351.0,351.04,350.82,351.12,351.01,350.94,350.98,350.94,351.35,350.85,450,350.95,351.22,351.03,350.99,351.49,150,600,351.14,0.9723699203976762,351.0,350.83
351.06,-0.25881904510252063,351.06,355.1,353.16,350.89,450.0,350.84,351.0,351.02,350.82,351.06,350.99,350.94,350.97,350.94,351.19,350.84,450,350.94,351.13,350.96,350.99,351.29,150,600,351.14,0.9659258262890683,350.99,350.82
351.03,-0.28401534470392303,351.06,355.09,353.15,350.85,450.0,350.84,350.99,351.01,350.82,350.98,350.97,350.94,350.96,350.94,351.1,350.84,450,350.94,351.04,350.92,350.99,351.18,150,600,351.14,0.9588197348681929,350.99,350.82
351.02,-0.3090169943749482,351.05,355.09,353.15,350.83,450.0,350.83,350.99,351.0,350.82,350.96,350.96,350.94,350.95,350.94,351.04,350.83,450,350.94,351.03,350.89,350.99,351.11,150,600,351.13,0.9510565162951533,350.99,350.82
351.0,-0.33380685923377185,351.05,362.05,354.4,350.83,1050.0,350.83,350.99,351.0,350.82,350.98,350.94,350.93,350.95,350.94,351.01,350.83,250,350.94,351.06,350.87,350.99,351.07,350,600,351.13,0.9426414910921781,350.99,350.82
351.0,-0.3583679495453015,351.06,369.73,359.31,350.84,1050.0,350.82,350.99,351.0,350.82,351.03,350.94,350.94,350.94,350.94,350.98,350.83,250,350.93,351.14,350.85,350.99,351.04,350,600,351.15,0.9335804264972013,350.99,350.82
351.02,-0.3826834323650895,351.1,372.56,368.87,350.86,1050.0,350.83,350.99,350.99,350.82,351.13,350.96,350.95,350.94,350.94,350.97,350.82,250,350.94,351.31,350.84,350.99,351.02,350,600,351.21,0.9238795325112868,351.01,350.82
351.08,-0.4067366430758005,351.18,372.97,372.07,350.89,1050.0,350.83,351.01,350.99,350.82,351.29,351.0,350.99,350.94,350.94,350.96,350.82,250,350.95,351.6,350.84,350.99,351.01,350,600,351.36,0.9135454576426008,351.07,350.83
351.1,-0.43051109680829575,351.19,366.56,356.71,350.92,450.0,350.84,351.07,350.99,350.82,351.56,351.01,351.0,350.94,350.94,350.95,350.82,450,350.99,352.19,350.83,350.99,351.0,150,600,351.33,0.9025852843498603,351.08,350.83
351.06,-0.4539904997395479,351.13,358.66,353.89,350.98,450.0,350.84,351.08,350.99,350.82,352.02,350.99,350.98,350.93,350.94,350.95,350.82,450,351.0,353.44,350.83,350.99,351.0,150,600,351.24,0.8910065241883673,351.05,350.84
351.03,-0.4771587602596096,351.1,356.27,353.39,351.04,450.0,350.84,351.05,350.99,350.82,352.78,350.97,350.97,350.94,350.94,350.94,350.82,450,350.98,356.08,350.83,350.99,351.0,150,600,351.19,0.8788171126619647,351.03,350.84
351.02,-0.4999999999999998,351.08,355.55,353.25,351.12,450.0,350.83,351.03,351.01,350.82,354.0,350.96,350.96,350.95,350.94,350.94,350.82,450,350.97,360.01,350.82,350.99,350.99,150,600,351.16,0.8660254037844387,351.01,350.83
351.01,-0.5224985647159491,351.07,355.28,353.19,351.19,450.0,350.83,351.01,351.07,350.82,355.55,350.95,350.95,350.99,350.94,350.94,350.83,450,350.96,363.13,350.82,350.99,350.99,150,600,351.15,0.8526401643540921,351.0,350.83
351.0,-0.5446390350150279,351.06,355.17,353.17,351.25,450.0,350.83,351.0,351.08,350.82,357.17,350.95,350.95,351.0,350.94,350.94,350.83,450,350.95,364.84,350.82,350.99,350.99,150,600,351.14,0.8386705679454235,351.0,350.83
351.0,-0.5664062369248337,351.06,355.13,353.16,351.3,450.0,350.83,351.0,351.05,350.82,358.48,350.94,350.94,350.98,350.94,350.93,350.84,450,350.95,365.68,350.82,350.99,350.99,150,600,351.14,0.824126188622015,350.99,350.83
350.99,-0.5877852522924741,351.06,355.11,353.16,351.34,450.0,350.82,350.99,351.03,350.82,359.42,350.94,350.94,350.97,350.94,350.94,350.84,450,350.94,366.11,350.82,350.99,350.99,150,600,351.14,0.8090169943749467,350.99,350.82
350.99,-0.6087614290087207,351.05,355.1,353.15,351.37,450.0,350.82,350.99,351.01,350.82,360.05,350.94,350.94,350.96,350.94,350.95,350.83,450,350.94,366.35,350.82,350.99,351.01,150,600,351.14,0.7933533402912352,350.99,350.82
350.99,-0.6293203910498376,351.05,355.09,353.15,351.39,450.0,350.82,350.99,351.0,350.82,360.47,350.94,350.94,350.95,350.94,350.99,350.83,450,350.94,366.49,350.83,350.99,351.07,150,600,351.13,0.7771459614569708,350.99,350.82
350.99,-0.6494480483301842,351.05,355.09,353.15,351.3,450.0,350.82,350.99,351.0,350.82,352.58,350.94,350.94,350.95,350.94,351.0,350.83,450,350.94,353.45,350.83,350.99,351.08,150,600,351.13,0.7604059656000304,350.99,350.82
350.99,-0.6691306063588589,351.05,355.09,353.15,351.14,450.0,350.82,350.99,350.99,350.82,351.66,350.94,350.94,350.94,350.94,350.98,350.83,450,350.94,351.92,350.84,350.99,351.05,150,600,351.13,0.7431448254773936,350.99,350.82
350.98,-0.6883545756937551,351.05,362.03,354.4,351.03,1050.0,350.82,350.99,350.99,350.82,351.35,350.93,350.93,350.94,350.94,350.97,350.82,250,350.94,351.49,350.84,350.99,351.03,350,600,351.13,0.7253743710122866,350.98,350.82
350.99,-0.7071067811865475,351.06,369.71,359.28,350.96,1050.0,350.82,350.98,350.99,350.82,351.19,350.94,350.94,350.94,350.94,350.96,350.82,250,350.93,351.29,350.83,350.99,351.01,350,600,351.14,0.7071067811865476,350.99,350.82
351.01,-0.725374371012288,351.1,372.56,368.84,350.92,1050.0,350.82,350.99,350.99,350.82,351.1,350.95,350.95,350.94,350.94,350.95,350.82,250,350.94,351.18,350.83,350.99,351.0,350,600,351.21,0.6883545756937536,351.01,350.82
351.07,-0.7431448254773947,351.18,372.97,372.07,350.89,1050.0,350.83,351.01,350.99,350.82,351.04,350.99,350.99,350.94,350.94,350.95,350.82,250,350.95,351.11,350.83,350.99,351.0,350,600,351.36,0.6691306063588577,351.07,350.83
351.17,-0.7604059656000315,351.19,366.54,356.7,350.87,450.0,350.84,351.07,350.99,350.82,351.01,351.05,351.0,350.94,350.94,350.94,350.82,450,350.99,351.07,350.83,350.99,350.99,150,600,351.33,0.6494480483301831,351.08,350.83
351.36,-0.7771459614569718,351.13,358.65,353.89,350.85,450.0,350.86,351.08,350.98,350.82,350.98,351.16,350.98,350.93,350.94,350.94,350.82,450,351.0,351.04,350.82,350.99,350.99,150,600,351.24,0.6293203910498364,351.05,350.84
351.71,-0.793353340291235,351.1,356.27,353.39,350.84,450.0,350.89,351.05,350.99,350.82,350.97,351.34,350.97,350.94,350.94,350.94,350.82,450,350.98,351.02,350.82,350.99,350.99,150,600,351.19,0.6087614290087209,351.03,350.84
352.4,-0.8090169943749477,351.08,355.54,353.25,350.84,450.0,350.94,351.03,351.01,350.82,350.96,351.65,350.96,350.95,350.94,350.94,350.82,450,350.97,351.01,350.82,350.99,350.99,150,600,351.16,0.5877852522924728,351.01,350.83
351.74,-0.8241261886220159,351.07,355.28,353.19,350.83,450.0,350.95,351.01,351.07,350.82,350.95,351.44,350.95,350.99,350.94,350.94,350.83,450,350.96,351.0,350.82,350.99,350.99,150,600,351.15,0.5664062369248324,351.0,350.83
351.38,-0.8386705679454246,351.06,355.17,353.17,350.83,450.0,350.93,351.0,351.08,350.82,350.95,351.23,350.95,351.0,350.94,350.94,350.83,450,350.95,351.0,350.82,350.99,350.99,150,600,351.14,0.5446390350150262,351.0,350.83
351.22,-0.8526401643540931,351.06,355.13,353.16,350.83,450.0,350.91,351.0,351.05,350.82,350.94,351.12,350.94,350.98,350.94,350.93,350.84,450,350.95,351.0,350.82,350.99,350.98,150,600,351.14,0.5224985647159475,350.99,350.83
351.13,-0.8660254037844387,351.06,355.11,353.16,350.82,450.0,350.89,350.99,351.03,350.82,350.94,351.06,350.94,350.97,350.94,350.94,350.84,450,350.94,350.99,350.82,350.99,350.99,150,600,351.14,0.49999999999999994,350.99,350.82
351.04,-0.8788171126619655,351.05,355.1,353.15,350.82,450.0,350.85,350.99,351.01,350.82,350.94,350.98,350.94,350.96,350.94,350.95,350.83,450,350.94,350.99,350.82,350.99,351.01,150,600,351.14,0.47715876025960824,350.99,350.82
351.03,-0.8910065241883682,351.05,355.09,353.15,350.82,450.0,350.83,350.99,351.0,350.82,350.94,350.96,350.94,350.95,350.94,350.99,350.83,450,350.94,350.99,350.83,350.99,351.07,150,600,351.13,0.4539904997395461,350.99,350.82
351.06,-0.902585284349861,351.05,355.09,353.15,350.82,450.0,350.83,350.99,351.0,350.82,350.93,350.98,350.94,350.95,350.94,351.0,350.83,450,350.94,350.99,350.83,350.99,351.08,150,600,351.13,0.4305110968082943,350.99,350.82
351.14,-0.9135454576426015,351.05,355.09,353.15,350.82,450.0,350.84,350.99,350.99,350.82,350.94,351.03,350.94,350.94,350.94,350.98,350.83,450,350.94,350.99,350.84,350.99,351.05,150,600,351.13,0.4067366430757988,350.99,350.82
351.31,-0.9238795325112867,351.05,355.08,353.15,350.82,450.0,350.86,350.99,350.99,350.82,350.95,351.13,350.94,350.94,350.94,350.97,350.82,450,350.94,351.01,350.84,350.99,351.03,150,600,351.13,0.3826834323650899,350.99,350.82
351.6,-0.9335804264972017,351.05,355.08,353.15,350.83,450.0,350.89,350.99,350.99,350.82,350.99,351.29,350.94,350.94,350.94,350.96,350.82,450,350.94,351.07,350.83,350.99,351.01,150,600,351.13,0.3583679495453002,350.99,350.82
352.19,-0.9426414910921788,351.05,355.08,353.15,350.83,450.0,350.92,350.99,350.99,350.82,351.0,351.56,350.94,350.94,350.94,350.95,350.82,450,350.94,351.08,350.83,350.99,351.0,150,600,351.13,0.3338068592337699,350.99,350.82
353.44,-0.951056516295154,351.05,355.08,353.15,350.84,450.0,350.98,350.99,350.99,350.82,350.98,352.02,350.94,350.94,350.94,350.95,350.82,450,350.94,351.05,350.83,350.99,351.0,150,600,351.13,0.3090169943749463,350.99,350.82
356.08,-0.9588197348681934,351.05,362.01,354.39,350.84,1050.0,351.04,350.99,350.99,350.82,350.97,352.78,350.93,350.94,350.94,350.94,350.82,250,350.94,351.03,350.83,350.99,350.99,350,600,351.12,0.2840153447039213,350.98,350.82
360.01,-0.9659258262890682,351.06,369.7,359.26,350.83,1050.0,351.12,350.98,350.99,350.82,350.96,354.0,350.94,350.94,350.94,350.94,350.82,250,350.93,351.01,350.82,350.99,350.99,350,600,351.14,0.258819045102521,350.99,350.82
363.13,-0.9723699203976767,351.1,372.56,368.82,350.83,1050.0,351.19,350.99,350.99,350.82,350.95,355.55,350.95,350.94,350.94,350.94,350.82,250,350.94,351.0,350.82,350.99,350.99,350,600,351.21,0.23344536385590509,351.01,350.82
364.84,-0.9781476007338057,351.18,372.97,372.06,350.83,1050.0,351.25,351.01,350.99,350.82,350.95,357.17,350.99,350.94,350.94,350.94,350.82,250,350.95,351.0,350.82,350.99,350.99,350,600,351.36,0.20791169081775887,351.07,350.83
365.68,-0.9832549075639547,351.19,366.53,356.69,350.83,450.0,351.3,351.07,350.99,350.82,350.94,358.48,351.0,350.94,350.94,350.94,350.82,450,350.99,350.99,350.82,350.99,350.99,150,600,351.33,0.18223552549214642,351.08,350.83
366.11,-0.9876883405951379,351.13,358.65,353.89,350.82,450.0,351.34,351.08,350.98,350.82,350.94,359.42,350.98,350.93,350.94,350.94,350.82,450,351.0,350.99,350.82,350.99,350.99,150,600,351.24,0.15643446504022968,351.05,350.84
366.35,-0.9914448613738104,351.1,356.27,353.39,350.82,450.0,351.37,351.05,350.99,350.82,350.94,360.05,350.97,350.94,350.94,350.94,350.82,450,350.98,350.99,350.82,350.99,350.99,150,600,351.19,0.130526192220052,351.03,350.84
366.49,-0.9945218953682734,351.08,355.54,353.25,350.82,450.0,351.39,351.03,351.01,350.82,350.94,360.47,350.96,350.95,350.94,350.94,350.82,450,350.97,350.99,350.82,350.99,350.99,150,600,351.16,0.10452846326765285,351.01,350.83
353.45,-0.9969173337331281,351.06,363.26,354.76,350.82,1050.0,351.3,351.01,351.07,350.82,350.94,352.58,350.94,350.99,350.94,350.94,350.83,250,350.96,350.99,350.82,350.99,350.99,350,600,351.14,0.07845909572784418,350.99,350.83
351.92,-0.9986295347545739,351.07,370.5,360.76,350.82,1050.0,351.14,350.99,351.08,350.82,350.94,351.66,350.94,351.0,350.94,350.94,350.83,250,350.94,350.99,350.82,350.99,350.99,350,600,351.16,0.05233595624294292,351.0,350.82
351.49,-0.9996573249755574,351.11,372.7,369.85,350.82,1050.0,351.03,351.0,351.05,350.82,350.93,351.35,350.96,350.98,350.94,350.93,350.84,250,350.94,350.98,350.82,350.99,350.98,350,600,351.23,0.026176948307871647,351.02,350.82
351.29,-1.0,351.21,372.98,372.19,350.82,1050.0,350.96,351.02,351.03,350.82,350.94,351.19,350.99,350.97,350.94,350.94,350.84,250,350.96,350.99,350.82,350.99,350.99,350,600,351.39,1.2246467991473532e-16,351.08,350.83
351.18,-0.9996573249755573,351.4,373.01,372.42,350.82,1050.0,350.92,351.08,351.01,350.82,350.95,351.1,351.06,350.96,350.94,350.95,350.83,250,350.99,351.01,350.82,350.99,351.01,350,600,351.77,-0.026176948307873177,351.2,350.85
351.11,-0.9986295347545738,351.8,373.01,372.44,350.83,1050.0,350.89,351.2,350.99,350.82,350.99,351.04,351.18,350.94,350.94,350.99,350.83,250,351.06,351.07,350.83,350.99,351.07,350,600,352.67,-0.052335956242944445,351.4,350.87
351.07,-0.996917333733128,352.7,373.01,372.44,350.83,1050.0,350.87,351.4,351.0,350.82,351.0,351.01,351.38,350.94,350.94,351.0,350.82,250,351.18,351.08,350.83,350.99,351.08,350,600,355.58,-0.0784590957278457,351.79,350.9
351.04,-0.9945218953682732,355.19,373.01,372.44,350.84,1050.0,350.85,351.79,351.02,350.82,350.98,350.98,351.71,350.96,350.94,350.98,350.82,250,351.38,351.05,350.84,350.99,351.05,350,600,362.52,-0.10452846326765526,352.57,350.94
351.02,-0.9914448613738104,360.72,373.01,372.44,350.84,1050.0,350.84,352.57,351.08,350.82,350.97,350.97,352.28,350.99,350.94,350.97,350.83,250,351.71,351.03,350.84,350.99,351.03,350,600,366.56,-0.13052619222005177,354.3,351.0
351.01,-0.9876883405951377,365.16,373.01,372.44,350.83,1050.0,350.84,354.3,351.2,350.82,350.96,350.96,353.22,351.06,350.94,350.96,350.85,250,352.28,351.01,350.83,350.99,351.01,350,600,367.54,-0.15643446504023117,357.64,351.07
351.0,-0.9832549075639544,366.78,373.01,372.44,350.83,1050.0,350.83,357.64,351.4,350.82,350.95,350.95,354.59,351.18,350.94,350.94,350.87,250,353.22,351.0,350.83,350.99,350.99,350,600,367.77,-0.18223552549214836,361.44,351.15
351.0,-0.9781476007338055,367.34,373.01,372.44,350.83,1050.0,350.83,361.44,351.79,350.82,350.95,350.95,356.22,351.38,350.94,350.94,350.9,250,354.59,351.0,350.82,350.99,351.0,350,600,367.84,-0.20791169081776037,363.97,351.21
351.0,-0.9723699203976763,367.56,373.01,372.44,350.83,1050.0,350.83,363.97,352.57,350.82,350.94,350.94,357.75,351.71,350.94,350.96,350.94,250,356.22,350.99,350.82,350.99,351.02,350,600,367.87,-0.23344536385590658,365.25,351.27
350.99,-0.9659258262890683,367.65,373.01,372.44,350.82,1050.0,350.82,365.25,354.3,350.82,350.94,350.94,358.9,352.28,350.94,350.99,351.0,250,357.75,350.99,350.83,350.99,351.08,350,600,367.88,-0.2588190451025208,365.88,351.32
350.99,-0.958819734868193,367.7,373.01,372.44,350.82,1050.0,350.82,365.88,357.64,350.82,350.94,350.94,359.71,353.22,350.94,351.06,351.07,250,358.9,350.99,350.85,350.99,351.2,350,600,367.88,-0.28401534470392276,366.22,351.35
350.99,-0.9510565162951535,367.72,373.01,372.44,350.82,1050.0,350.82,366.22,361.44,350.82,350.94,350.94,360.24,354.59,350.94,351.18,351.15,250,359.71,350.99,350.87,350.99,351.4,350,600,367.88,-0.30901699437494773,366.42,351.38
350.99,-0.942641491092178,367.74,373.01,372.44,350.82,1050.0,350.82,366.42,363.97,350.82,350.94,350.93,360.59,356.22,350.94,351.38,351.21,250,360.24,350.99,350.9,350.99,351.79,350,600,367.89,-0.3338068592337722,366.53,351.39
350.99,-0.9335804264972012,367.75,373.01,372.44,350.82,1050.0,350.82,366.53,365.25,350.82,350.94,350.94,360.82,357.75,350.94,351.71,351.27,250,360.59,350.99,350.94,350.99,352.57,350,600,367.89,-0.35836794954530166,366.61,351.4
351.01,-0.9238795325112868,367.75,373.01,372.44,350.82,1050.0,350.82,366.61,365.88,350.82,350.94,350.95,360.97,358.9,350.94,352.28,351.32,250,360.82,350.99,351.0,350.99,354.3,350,600,367.89,-0.38268343236508967,366.65,351.41
351.07,-0.9135454576426008,367.76,373.01,372.44,350.82,1050.0,350.83,366.65,366.22,350.82,350.94,350.99,361.06,359.71,350.94,353.22,351.35,250,360.97,350.99,351.07,350.99,357.64,350,600,367.89,-0.4067366430758006,366.68,351.42
351.08,-0.9025852843498603,354.79,371.98,366.92,350.82,450.0,350.83,366.68,366.42,350.82,350.94,351.0,352.63,360.24,350.94,354.59,351.38,450,361.06,350.99,351.15,350.99,361.44,150,600,356.37,-0.4305110968082957,353.52,351.32
351.05,-0.8910065241883676,352.27,371.38,364.58,350.82,450.0,350.84,353.52,366.53,350.82,350.94,350.98,351.67,360.59,350.94,356.22,351.39,450,352.63,350.99,351.21,350.99,363.97,150,600,352.68,-0.45399049973954747,351.94,351.15
351.03,-0.8788171126619647,351.67,367.04,357.25,350.82,450.0,350.84,351.94,366.61,350.82,350.93,350.97,351.36,360.82,350.94,357.75,351.4,450,351.67,350.98,351.27,350.99,365.25,150,600,351.86,-0.47715876025960957,351.5,351.04
351.01,-0.8660254037844388,351.41,360.1,354.3,350.82,450.0,350.83,351.5,366.65,350.82,350.94,350.96,351.2,360.97,350.94,358.9,351.41,450,351.36,350.99,351.32,350.99,365.88,150,600,351.53,-0.4999999999999997,351.29,350.96
351.0,-0.8526401643540923,351.18,371.29,362.96,350.82,1050.0,350.83,351.29,366.68,350.82,350.95,350.95,351.03,361.06,350.94,359.71,351.42,250,351.2,351.01,351.35,350.99,366.22,350,600,351.28,-0.5224985647159487,351.1,350.88
351.0,-0.8386705679454235,351.17,372.88,371.29,350.83,1050.0,350.83,351.1,353.52,350.82,350.99,350.95,351.0,352.63,350.94,360.24,351.32,250,351.03,351.07,351.38,350.99,366.42,350,600,351.31,-0.5446390350150279,351.07,350.85
350.99,-0.824126188622015,351.29,373.0,372.35,350.83,1050.0,350.83,351.07,351.94,350.82,351.0,350.94,351.03,351.67,350.94,360.59,351.15,250,351.0,351.08,351.39,350.99,366.53,350,600,351.53,-0.5664062369248337,351.13,350.85
350.99,-0.8090169943749465,351.55,373.01,372.43,350.84,1050.0,350.82,351.13,351.5,350.82,350.98,350.94,351.11,351.36,350.94,360.82,351.04,250,351.03,351.05,351.4,350.99,366.61,350,600,352.07,-0.5877852522924745,351.28,350.86
350.99,-0.7933533402912352,352.11,373.01,372.44,350.84,1050.0,350.82,351.28,351.29,350.91,350.97,350.94,351.26,351.2,351.13,360.97,350.96,250,351.11,351.03,351.41,351.22,366.65,350,600,353.57,-0.6087614290087207,351.55,350.88
350.99,-0.7771459614569708,353.53,373.01,372.44,350.83,1050.0,350.82,351.55,351.1,350.89,350.96,350.94,351.51,351.03,351.06,361.06,350.88,250,351.26,351.01,351.42,351.13,366.68,350,600,358.52,-0.6293203910498376,352.08,350.92
350.99,-0.7604059656000305,357.45,373.01,372.44,350.83,1050.0,350.82,352.08,351.07,350.87,350.94,350.94,351.94,351.0,351.02,352.63,350.85,250,351.51,350.99,351.32,351.08,353.52,350,600,365.02,-0.6494480483301842,353.19,350.97
350.99,-0.7431448254773937,363.18,373.01,372.44,350.82,1050.0,350.82,353.19,351.13,350.85,350.94,350.94,352.65,351.03,350.99,351.67,350.85,250,351.94,351.0,351.15,351.05,351.94,350,600,367.18,-0.6691306063588589,355.6,351.03
350.98,-0.725374371012287,366.12,373.01,372.44,350.82,1050.0,350.82,355.6,351.28,350.84,350.96,350.93,353.81,351.11,350.97,351.36,350.86,250,352.65,351.02,351.04,351.03,351.5,350,600,367.68,-0.6883545756937547,359.48,351.1
350.99,-0.7071067811865479,367.11,373.01,372.44,350.83,1050.0,350.82,359.48,351.55,350.84,350.99,350.94,355.32,351.26,350.96,351.2,350.88,250,353.81,351.08,350.96,351.02,351.29,350,600,367.81,-0.7071067811865471,362.79,351.18
351.01,-0.6883545756937537,367.46,373.01,372.44,350.85,1050.0,350.82,362.79,352.08,350.83,351.06,350.95,356.96,351.51,350.95,351.03,350.92,250,355.32,351.2,350.88,351.01,351.1,350,600,367.85,-0.725374371012288,364.67,351.24
351.07,-0.6691306063588578,367.61,373.01,372.44,350.87,1050.0,350.83,364.67,353.19,350.83,351.18,350.99,358.32,351.94,350.95,351.0,350.97,250,356.96,351.4,350.85,351.0,351.07,350,600,367.87,-0.7431448254773946,365.59,351.3
351.08,-0.6494480483301828,367.68,373.01,372.44,350.9,1050.0,350.83,365.59,355.6,350.83,351.38,351.0,359.31,352.65,350.94,351.03,351.03,250,358.32,351.79,350.85,351.0,351.13,350,600,367.88,-0.7604059656000317,366.06,351.34
351.05,-0.6293203910498364,367.71,373.01,372.44,350.94,1050.0,350.84,366.06,359.48,350.83,351.71,350.98,359.98,353.81,350.94,351.11,351.1,250,359.31,352.57,350.86,350.99,351.28,350,600,367.88,-0.7771459614569717,366.33,351.37
351.03,-0.6087614290087209,367.73,373.01,372.44,351.0,1050.0,350.84,366.33,362.79,350.82,352.28,350.97,360.42,355.32,350.94,351.26,351.18,250,359.98,354.3,350.88,350.99,351.55,350,600,367.89,-0.7933533402912349,366.48,351.39
351.01,-0.5877852522924726,367.74,373.01,372.44,351.07,1050.0,350.83,366.48,364.67,350.82,353.22,350.96,360.71,356.96,350.94,351.51,351.24,250,360.42,357.64,350.92,350.99,352.08,350,600,367.89,-0.8090169943749479,366.57,351.4
351.0,-0.5664062369248322,367.75,373.01,372.44,351.15,1050.0,350.83,366.57,365.59,350.82,354.59,350.95,360.9,358.32,350.94,351.94,351.3,250,360.71,361.44,350.97,350.99,353.19,350,600,367.89,-0.8241261886220161,366.63,351.41
351.0,-0.5446390350150262,367.76,373.01,372.44,351.21,1050.0,350.83,366.63,366.06,350.82,356.22,350.95,361.02,359.31,350.94,352.65,351.34,250,360.9,363.97,351.03,350.99,355.6,350,600,367.89,-0.8386705679454246,366.66,351.41
350.99,-0.5224985647159479,367.76,373.01,372.44,351.27,1050.0,350.83,366.66,366.33,350.82,357.75,350.94,361.1,359.98,350.94,353.81,351.37,250,361.02,365.25,351.1,350.99,359.48,350,600,367.89,-0.8526401643540928,366.69,351.42
350.99,-0.5000000000000004,367.76,373.01,372.44,351.32,1050.0,350.82,366.69,366.48,350.82,358.9,350.94,361.15,360.42,350.94,355.32,351.39,250,361.1,365.88,351.18,350.99,362.79,350,600,367.89,-0.8660254037844384,366.7,351.42
350.99,-0.47715876025960635,367.76,373.01,372.44,351.35,1050.0,350.82,366.7,366.57,350.82,359.71,350.94,361.18,360.71,350.94,356.96,351.4,250,361.15,366.22,351.24,350.99,364.67,350,600,367.89,-0.8788171126619665,366.71,351.42
350.99,-0.45399049973954614,367.76,373.01,372.44,351.38,1050.0,350.82,366.71,366.63,350.82,360.24,350.94,361.2,360.9,350.94,358.32,351.41,250,361.18,366.42,351.3,350.99,365.59,350,600,367.89,-0.8910065241883682,366.72,351.42
350.99,-0.43051109680829597,367.76,373.01,372.44,351.39,1050.0,350.82,366.72,366.66,350.82,360.59,350.94,361.21,361.02,350.94,359.31,351.41,250,361.2,366.53,351.34,350.99,366.06,350,600,367.89,-0.9025852843498602,366.72,351.42
350.99,-0.4067366430757985,367.76,373.01,372.44,351.4,1050.0,350.82,366.72,366.69,350.82,360.82,350.94,361.22,361.1,350.94,359.98,351.42,250,361.21,366.61,351.37,350.99,366.33,350,600,367.89,-0.9135454576426016,366.72,351.42
350.99,-0.3826834323650895,354.82,371.98,366.92,351.41,450.0,350.82,366.72,366.7,350.82,360.97,350.94,352.64,361.15,350.94,360.42,351.42,450,361.22,366.65,351.39,350.99,366.48,150,600,356.4,-0.9238795325112868,353.54,351.32
350.99,-0.3583679495452982,352.27,371.39,364.6,351.42,450.0,350.82,353.54,366.71,350.82,361.06,350.94,351.68,361.18,350.94,360.71,351.42,450,352.64,366.68,351.4,350.99,366.57,150,600,352.69,-0.9335804264972025,351.94,351.15
350.99,-0.3338068592337704,351.67,367.08,357.27,351.32,450.0,350.82,351.94,366.72,350.82,352.63,350.94,351.36,361.2,350.94,360.9,351.42,450,351.68,353.52,351.41,350.99,366.63,150,600,351.87,-0.9426414910921785,351.5,351.04
350.99,-0.30901699437494845,351.41,360.12,354.31,351.15,450.0,350.82,351.5,366.72,350.82,351.67,350.94,351.2,361.21,350.94,361.02,351.42,450,351.36,351.94,351.41,350.99,366.66,150,600,351.53,-0.9510565162951532,351.3,350.97
350.98,-0.2840153447039218,351.18,371.31,363.03,351.04,1050.0,350.82,351.3,366.72,350.82,351.36,350.93,351.03,361.22,350.94,361.1,351.42,250,351.2,351.5,351.42,350.99,366.69,350,600,351.28,-0.9588197348681933,351.1,350.88
350.99,-0.25881904510252063,351.17,372.88,371.31,350.96,1050.0,350.82,351.1,353.54,350.82,351.2,350.94,351.0,352.64,350.94,361.15,351.32,250,351.03,351.29,351.42,350.99,366.7,350,600,351.31,-0.9659258262890683,351.07,350.85
351.01,-0.23344536385590342,351.29,373.0,372.35,350.88,1050.0,350.82,351.07,351.94,350.82,351.03,350.95,351.03,351.68,350.94,361.18,351.15,250,351.0,351.1,351.42,350.99,366.71,350,600,351.53,-0.9723699203976771,351.14,350.85
351.07,-0.20791169081775893,351.55,373.01,372.43,350.85,1050.0,350.83,351.14,351.5,350.82,351.0,350.99,351.11,351.36,350.94,361.2,351.04,250,351.03,351.07,351.42,350.99,366.72,350,600,352.07,-0.9781476007338057,351.28,350.86
351.08,-0.18223552549214864,351.44,370.75,362.36,350.85,450.0,350.83,351.28,351.3,350.82,351.03,351.0,351.12,351.2,350.94,361.21,350.97,450,351.11,351.13,351.42,350.99,366.72,150,600,351.68,-0.9832549075639544,351.26,350.87
351.05,-0.1564344650402293,351.27,362.71,355.0,350.86,450.0,350.84,351.26,351.1,350.82,351.11,350.98,351.06,351.03,350.94,361.22,350.88,450,351.12,351.28,351.42,350.99,366.72,150,600,351.4,-0.987688340595138,351.16,350.87
351.03,-0.13052619222005163,351.17,357.58,353.67,350.88,450.0,350.84,351.16,351.07,350.82,351.26,350.97,351.02,351.0,350.94,352.64,350.85,450,351.06,351.55,351.32,350.99,353.54,150,600,351.28,-0.9914448613738104,351.09,350.86
351.01,-0.10452846326765158,351.12,356.03,353.35,350.92,450.0,350.83,351.09,351.14,350.82,351.51,350.96,350.99,351.03,350.94,351.68,350.85,450,351.02,352.08,351.15,350.99,351.94,150,600,351.21,-0.9945218953682735,351.05,350.85
350.99,-0.07845909572784468,351.1,355.49,353.24,350.97,450.0,350.83,351.05,351.28,350.82,351.94,350.94,350.97,351.11,350.93,351.36,350.86,450,350.99,353.19,351.04,350.98,351.5,150,600,351.18,-0.996917333733128,351.03,350.84
351.0,-0.052335956242945195,351.08,355.28,353.2,351.03,450.0,350.82,351.03,351.26,350.82,352.65,350.94,350.96,351.12,350.94,351.2,350.87,450,350.97,355.6,350.97,350.99,351.3,150,600,351.16,-0.9986295347545738,351.02,350.84
351.02,-0.026176948307871706,351.07,355.18,353.18,351.1,450.0,350.82,351.02,351.16,350.82,353.81,350.96,350.95,351.06,350.95,351.03,350.87,450,350.96,359.48,350.88,351.01,351.1,150,600,351.15,-0.9996573249755574,351.01,350.83
351.08,-1.8369701987210297e-16,351.06,355.14,353.16,351.18,450.0,350.83,351.01,351.09,350.83,355.32,350.99,350.95,351.02,350.99,351.0,350.86,450,350.95,362.79,350.85,351.07,351.07,150,600,351.15,-1.0,351.0,350.83
351.2,0.02617694830787578,351.05,362.24,354.46,351.24,1050.0,350.85,351.0,351.05,350.83,356.96,351.06,350.94,350.99,351.0,351.03,350.85,250,350.95,364.67,350.85,351.08,351.14,350,600,351.13,-0.9996573249755573,350.99,350.82
351.4,0.05233595624294483,351.06,369.88,359.56,351.3,1050.0,350.87,350.99,351.03,350.84,358.32,351.18,350.94,350.97,350.98,351.11,350.84,250,350.94,365.59,350.86,351.05,351.28,350,600,351.15,-0.9986295347545738,350.99,350.82
351.79,0.07845909572784432,351.1,372.59,369.08,351.34,1050.0,350.9,350.99,351.02,350.84,359.31,351.38,350.95,350.96,350.97,351.12,350.84,250,350.94,366.06,350.87,351.03,351.26,350,600,351.21,-0.9969173337331281,351.02,350.82
352.57,0.10452846326765476,351.19,372.97,372.1,351.37,1050.0,350.94,351.02,351.01,350.83,359.98,351.71,350.99,350.95,350.96,351.06,350.83,250,350.95,366.33,350.87,351.01,351.16,350,600,351.36,-0.9945218953682732,351.07,350.83
354.3,0.13052619222005127,351.19,366.69,356.8,351.39,450.0,351.0,351.07,351.0,350.83,360.42,352.28,351.0,350.95,350.95,351.02,350.83,450,350.99,366.48,350.86,351.0,351.09,150,600,351.33,-0.9914448613738105,351.08,350.83
357.64,0.15643446504023242,351.14,358.73,353.9,351.4,450.0,351.07,351.08,350.99,350.83,360.71,353.22,350.99,350.94,350.95,350.99,350.82,450,351.0,366.57,350.85,351.0,351.05,150,600,351.24,-0.9876883405951374,351.05,350.84
361.44,0.18223552549214828,351.1,356.29,353.39,351.41,450.0,351.15,351.05,350.99,350.83,360.9,354.59,350.97,350.94,350.94,350.97,350.82,450,350.99,366.63,350.84,350.99,351.03,150,600,351.19,-0.9832549075639544,351.03,350.84
363.97,0.20791169081775857,351.08,355.55,353.25,351.41,450.0,351.21,351.03,351.02,350.82,361.02,356.22,350.96,350.95,350.94,350.96,350.82,450,350.97,366.66,350.84,350.99,351.02,150,600,351.17,-0.9781476007338058,351.01,350.83
365.25,0.23344536385590653,351.07,355.28,353.19,351.42,450.0,351.27,351.01,351.07,350.82,361.1,357.75,350.95,350.99,350.94,350.95,350.83,450,350.96,366.69,350.83,350.99,351.01,150,600,351.15,-0.9723699203976763,351.0,350.83
365.88,0.2588190451025203,351.06,355.18,353.17,351.42,450.0,351.32,351.0,351.08,350.82,361.15,358.9,350.95,351.0,350.94,350.95,350.83,450,350.95,366.7,350.83,350.99,351.0,150,600,351.14,-0.9659258262890684,351.0,350.83
366.22,0.28401534470392487,351.06,355.13,353.16,351.42,450.0,351.35,351.0,351.05,350.82,361.18,359.71,350.94,350.99,350.95,350.94,350.84,450,350.95,366.71,350.82,351.01,350.99,150,600,351.14,-0.9588197348681924,351.0,350.83
366.42,0.30901699437494806,351.06,355.11,353.16,351.42,450.0,351.38,351.0,351.03,350.83,361.2,360.24,350.94,350.97,350.99,350.94,350.84,450,350.94,366.72,350.82,351.07,350.99,150,600,351.14,-0.9510565162951533,350.99,350.82
366.53,0.33380685923377007,351.05,355.1,353.15,351.42,450.0,351.39,350.99,351.01,350.83,361.21,360.59,350.94,350.96,351.0,350.95,350.83,450,350.94,366.72,350.82,351.08,351.02,150,600,351.14,-0.9426414910921788,350.99,350.82
366.61,0.3583679495453012,351.05,355.09,353.15,351.42,450.0,351.4,350.99,351.0,350.84,361.22,360.82,350.94,350.95,350.98,350.99,350.83,450,350.94,366.72,350.83,351.05,351.07,150,600,351.13,-0.9335804264972014,350.99,350.82
366.65,0.38268343236508917,351.05,355.09,353.15,351.32,450.0,351.41,350.99,351.0,350.84,352.64,360.97,350.94,350.95,350.97,351.0,350.83,450,350.94,353.54,350.83,351.03,351.08,150,600,351.13,-0.923879532511287,350.99,350.82
366.68,0.4067366430758022,351.05,355.09,353.15,351.15,450.0,351.42,350.99,351.0,350.83,351.68,361.06,350.94,350.94,350.96,350.99,350.83,450,350.94,351.94,350.84,351.01,351.05,150,600,351.13,-0.9135454576426,350.99,350.82
353.52,0.43051109680829563,351.05,355.08,353.15,351.04,450.0,351.32,350.99,350.99,350.83,351.36,352.63,350.94,350.94,350.95,350.97,350.82,450,350.94,351.5,350.84,351.0,351.03,150,600,351.13,-0.9025852843498604,350.99,350.82
351.94,0.4539904997395458,351.05,355.08,353.15,350.97,450.0,351.15,350.99,350.99,350.83,351.2,351.67,350.94,350.94,350.95,350.96,350.82,450,350.94,351.3,350.83,351.0,351.01,150,600,351.13,-0.8910065241883683,350.99,350.82
351.5,0.4771587602596099,351.05,355.08,353.15,350.88,450.0,351.04,350.99,350.99,350.83,351.03,351.36,350.94,350.94,350.94,350.95,350.82,450,350.94,351.1,350.83,350.99,351.0,150,600,351.13,-0.8788171126619646,350.99,350.82
351.29,0.5000000000000001,351.05,355.08,353.15,350.85,450.0,350.96,350.99,350.99,350.82,351.0,351.2,350.94,350.94,350.94,350.95,350.82,450,350.94,351.07,350.83,350.99,351.0,150,600,351.13,-0.8660254037844386,350.99,350.82
351.1,0.5224985647159506,351.05,355.08,353.15,350.85,450.0,350.88,350.99,350.99,350.82,351.03,351.03,350.94,350.94,350.94,350.94,350.82,450,350.94,351.14,350.83,350.99,351.0,150,600,351.13,-0.8526401643540912,350.99,350.82
351.07,0.5446390350150274,351.05,355.08,353.15,350.86,450.0,350.85,350.99,350.99,350.82,351.11,351.0,350.94,350.94,350.94,350.94,350.82,450,350.94,351.28,350.82,350.99,350.99,150,600,351.13,-0.8386705679454238,350.99,350.82
351.13,0.5664062369248318,351.05,355.08,353.15,350.87,450.0,350.85,350.99,350.99,350.82,351.12,351.03,350.94,350.94,350.95,350.94,350.82,450,350.94,351.26,350.82,351.01,350.99,150,600,351.13,-0.8241261886220164,350.99,350.82
351.28,0.5877852522924744,351.05,355.08,353.15,350.87,450.0,350.86,350.99,350.99,350.83,351.06,351.11,350.94,350.94,350.99,350.94,350.82,450,350.94,351.16,350.82,351.07,350.99,150,600,351.13,-0.8090169943749465,350.99,350.82
351.55,0.6087614290087199,351.05,362.01,354.39,350.86,1050.0,350.88,350.99,350.99,350.84,351.02,351.26,350.93,350.94,351.05,350.94,350.82,250,350.94,351.09,350.82,351.18,350.99,350,600,351.12,-0.7933533402912357,350.98,350.82
352.08,0.629320391049839,351.06,369.7,359.25,350.85,1050.0,350.92,350.98,350.99,350.86,350.99,351.51,350.94,350.94,351.16,350.94,350.82,250,350.93,351.05,350.82,351.36,350.99,350,600,351.14,-0.7771459614569697,350.99,350.82
353.19,0.6494480483301845,351.1,372.55,368.82,350.84,1050.0,350.97,350.99,350.99,350.89,350.97,351.94,350.95,350.94,351.34,350.94,350.82,250,350.94,351.03,350.82,351.71,350.99,350,600,351.21,-0.7604059656000303,351.01,350.82
355.6,0.6691306063588571,351.18,372.97,372.06,350.84,1050.0,351.03,351.01,350.99,350.94,350.96,352.65,350.99,350.94,351.65,350.94,350.82,250,350.95,351.02,350.82,352.41,350.99,350,600,351.35,-0.7431448254773951,351.07,350.83
359.48,0.688354575693755,351.36,373.0,372.41,350.83,1050.0,351.1,351.07,350.99,350.95,350.95,353.81,351.05,350.94,351.45,350.94,350.82,250,350.99,351.01,350.82,351.74,350.99,350,600,351.68,-0.7253743710122866,351.17,350.84
362.79,0.7071067811865474,351.71,373.01,372.43,350.83,1050.0,351.18,351.17,350.98,350.93,350.95,355.32,351.16,350.93,351.23,350.94,350.82,250,351.05,351.0,350.82,351.38,350.99,350,600,352.44,-0.7071067811865477,351.36,350.86
364.67,0.7253743710122894,352.48,373.01,372.44,350.82,1050.0,351.24,351.36,350.99,350.91,350.94,356.96,351.34,350.94,351.12,350.94,350.82,250,351.16,350.99,350.82,351.22,350.99,350,600,354.8,-0.6883545756937521,351.71,350.89
365.59,0.7431448254773942,354.57,373.01,372.44,350.82,1050.0,351.3,351.71,351.01,350.89,350.94,358.32,351.64,350.95,351.06,350.94,350.82,250,351.34,350.99,350.82,351.13,350.99,350,600,361.31,-0.6691306063588581,352.39,350.94
366.06,0.7604059656000305,352.15,371.89,366.45,350.82,450.0,351.34,352.39,351.07,350.87,350.95,359.31,351.44,350.99,351.01,350.94,350.83,450,351.64,351.02,350.82,351.08,350.99,150,600,352.72,-0.6494480483301842,351.74,350.95
366.33,0.7771459614569722,351.55,368.62,358.72,350.83,450.0,351.37,351.74,351.17,350.85,350.99,359.98,351.23,351.05,350.99,350.94,350.84,450,351.44,351.07,350.82,351.05,350.99,150,600,351.77,-0.6293203910498358,351.38,350.93
366.48,0.7933533402912349,351.33,360.86,354.48,350.83,450.0,351.39,351.38,351.36,350.84,351.0,360.42,351.12,351.16,350.97,350.93,350.86,450,351.23,351.08,350.82,351.03,350.98,150,600,351.46,-0.6087614290087209,351.22,350.91
366.57,0.8090169943749489,351.21,357.14,353.6,350.84,450.0,351.4,351.22,351.71,350.84,350.99,360.71,351.06,351.34,350.96,350.94,350.89,450,351.12,351.05,350.82,351.01,350.99,150,600,351.31,-0.5877852522924711,351.13,350.89
366.63,0.8241261886220161,351.15,355.94,353.34,350.84,450.0,351.41,351.13,352.39,350.83,350.97,360.9,351.01,351.64,350.95,350.95,350.94,450,351.06,351.03,350.82,351.01,351.01,150,600,351.24,-0.5664062369248322,351.08,350.87
366.66,0.8386705679454236,351.12,355.49,353.25,350.83,450.0,351.41,351.08,351.74,350.83,350.96,361.02,350.99,351.44,350.95,350.99,350.95,450,351.01,351.01,350.83,351.0,351.07,150,600,351.2,-0.5446390350150278,351.05,350.85
366.69,0.8526401643540928,351.09,355.29,353.2,350.83,450.0,351.42,351.05,351.38,350.83,350.95,361.1,350.97,351.23,350.94,351.05,350.93,450,350.99,351.0,350.84,351.0,351.17,150,600,351.18,-0.5224985647159479,351.03,350.84
366.7,0.8660254037844384,351.08,355.2,353.18,350.83,450.0,351.42,351.03,351.22,350.82,350.95,361.15,350.96,351.12,350.94,351.16,350.91,450,350.97,351.0,350.86,350.99,351.36,150,600,351.16,-0.5000000000000004,351.01,350.84
366.71,0.878817112661966,351.06,362.48,354.53,350.83,1050.0,351.42,351.01,351.13,350.82,350.94,361.18,350.94,351.06,350.94,351.34,350.89,250,350.96,351.0,350.89,350.99,351.71,350,600,351.14,-0.4771587602596072,351.0,350.83
366.72,0.8910065241883681,351.06,370.08,359.91,350.82,1050.0,351.42,351.0,351.08,350.82,350.94,361.2,350.94,351.01,350.94,351.64,350.87,250,350.94,350.99,350.94,350.99,352.39,350,600,351.15,-0.4539904997395462,351.0,350.82
366.72,0.9025852843498599,351.1,372.63,369.35,350.82,1050.0,351.42,351.0,351.05,350.82,350.94,361.21,350.96,350.99,350.94,351.44,350.85,250,350.94,350.99,350.95,350.99,351.74,350,600,351.22,-0.4305110968082968,351.02,350.82
366.72,0.9135454576426013,351.19,372.97,372.13,350.82,1050.0,351.42,351.02,351.03,350.82,350.94,361.22,350.99,350.97,350.94,351.23,350.84,250,350.96,350.99,350.93,350.99,351.38,350,600,351.37,-0.4067366430757993,351.08,350.83
353.54,0.9238795325112868,351.2,366.85,356.92,350.82,450.0,351.32,351.08,351.01,350.82,350.94,352.64,351.0,350.96,350.93,351.12,350.84,450,350.99,350.99,350.91,350.98,351.22,150,600,351.34,-0.38268343236508956,351.09,350.84
351.94,0.9335804264972025,351.14,358.81,353.92,350.82,450.0,351.15,351.09,351.0,350.82,350.94,351.68,350.99,350.94,350.94,351.06,350.83,450,351.0,350.99,350.89,350.99,351.13,150,600,351.24,-0.35836794954529827,351.06,350.84
351.5,0.9426414910921785,351.1,356.32,353.4,350.82,450.0,351.04,351.06,351.0,350.82,350.94,351.36,350.97,350.94,350.95,351.01,350.82,450,350.99,350.99,350.87,351.01,351.08,150,600,351.19,-0.33380685923377046,351.03,350.84
351.3,0.9510565162951532,351.08,355.56,353.25,350.82,450.0,350.97,351.03,351.02,350.83,350.94,351.2,350.96,350.96,350.99,350.99,350.82,450,350.97,350.99,350.85,351.07,351.05,150,600,351.17,-0.3090169943749485,351.01,350.83
351.1,0.9588197348681935,351.07,355.29,353.19,350.82,450.0,350.88,351.01,351.08,350.84,350.94,351.03,350.95,350.99,351.05,350.97,350.83,450,350.96,350.99,350.84,351.17,351.03,150,600,351.15,-0.284015344703921,351.0,350.83
351.07,0.9659258262890681,351.06,355.18,353.17,350.82,450.0,350.85,351.0,351.09,350.86,350.94,351.0,350.95,351.0,351.16,350.96,350.84,450,350.95,350.99,350.84,351.36,351.01,150,600,351.14,-0.25881904510252157,351.0,350.83
351.14,0.9723699203976771,351.06,355.13,353.16,350.82,450.0,350.85,351.0,351.06,350.89,350.94,351.03,350.94,350.99,351.34,350.94,350.84,450,350.95,350.99,350.83,351.71,351.0,150,600,351.14,-0.23344536385590348,351.0,350.83
351.28,0.9781476007338059,351.06,355.11,353.16,350.82,450.0,350.86,351.0,351.03,350.94,350.94,351.11,350.94,350.97,351.65,350.94,350.84,450,350.94,350.99,350.82,352.4,351.0,150,600,351.14,-0.20791169081775812,350.99,350.82
351.26,0.9832549075639544,351.05,355.1,353.15,350.82,450.0,350.87,350.99,351.01,350.99,350.94,351.12,350.94,350.96,352.17,350.96,350.83,450,350.94,350.99,350.82,353.91,351.02,150,600,351.14,-0.18223552549214872,350.99,350.82
351.16,0.987688340595138,351.05,355.09,353.15,350.82,450.0,350.87,350.99,351.0,351.06,350.94,351.06,350.94,350.95,353.03,350.99,350.83,450,350.94,350.99,350.83,356.97,351.08,150,600,351.13,-0.15643446504022934,350.99,350.82
351.09,0.9914448613738104,351.05,355.09,353.15,350.82,450.0,350.86,350.99,351.0,351.13,350.93,351.02,350.94,350.95,354.34,351.0,350.83,450,350.94,350.98,350.84,360.87,351.09,150,600,351.13,-0.13052619222005168,350.99,350.82
351.05,0.9945218953682735,351.05,355.09,353.15,350.82,450.0,350.85,350.99,351.0,351.2,350.94,350.99,350.94,350.94,355.94,350.99,350.83,450,350.94,350.99,350.84,363.65,351.06,150,600,351.13,-0.10452846326765165,350.99,350.82
351.03,0.996917333733128,351.05,362.03,354.4,350.82,1050.0,350.84,350.99,350.99,351.17,350.95,350.97,350.93,350.94,352.21,350.97,350.82,250,350.94,351.01,350.84,352.9,351.03,350,600,351.13,-0.07845909572784475,350.98,350.82
351.02,0.9986295347545738,351.06,369.71,359.28,350.83,1050.0,350.84,350.98,350.99,351.07,350.99,350.96,350.94,350.94,351.53,350.96,350.82,250,350.93,351.07,350.83,351.76,351.01,350,600,351.14,-0.05233595624294437,350.99,350.82
351.01,0.9996573249755573,351.1,372.56,368.84,350.84,1050.0,350.83,350.99,350.99,351.0,351.05,350.95,350.95,350.94,351.29,350.95,350.82,250,350.94,351.17,350.83,351.41,351.0,350,600,351.21,-0.026176948307872656,351.01,350.82
351.0,1.0,351.18,372.97,372.07,350.86,1050.0,350.83,351.01,350.99,350.94,351.16,350.95,350.99,350.94,351.16,350.95,350.82,250,350.95,351.36,350.83,351.25,351.0,350,600,351.36,0.0,351.07,350.83
350.99,0.9996573249755573,351.36,373.0,372.41,350.89,1050.0,350.82,351.07,350.99,350.9,351.34,350.94,351.05,350.94,351.08,350.94,350.82,250,350.99,351.71,350.83,351.15,351.0,350,600,351.68,0.026176948307875383,351.17,350.84
350.99,0.9986295347545738,351.71,373.01,372.43,350.94,1050.0,350.82,351.17,350.98,350.88,351.64,350.94,351.16,350.93,351.03,350.94,350.82,250,351.05,352.39,350.82,351.09,350.99,350,600,352.45,0.05233595624294457,351.36,350.86
351.02,0.9969173337331281,352.49,373.01,372.44,350.95,1050.0,350.82,351.36,350.99,350.86,351.44,350.95,351.34,350.94,351.0,350.94,350.82,250,351.16,351.74,350.82,351.06,350.99,350,600,354.81,0.07845909572784421,351.71,350.89
351.07,0.9945218953682732,354.58,373.01,372.44,350.93,1050.0,350.83,351.71,351.01,350.85,351.23,350.99,351.65,350.95,350.98,350.94,350.82,250,351.34,351.38,350.82,351.03,350.99,350,600,361.33,0.10452846326765494,352.4,350.94
351.08,0.9914448613738104,359.71,373.01,372.44,350.91,1050.0,350.83,352.4,351.07,350.83,351.12,351.0,352.17,350.99,350.95,350.94,350.83,250,351.65,351.22,350.82,351.0,350.99,350,600,366.21,0.13052619222005157,353.91,350.99
351.05,0.9876883405951373,364.66,373.01,372.44,350.89,1050.0,350.84,353.91,351.17,350.83,351.06,350.99,353.03,351.05,350.95,350.94,350.84,250,352.17,351.13,350.82,351.0,350.99,350,600,367.46,0.1564344650402331,356.97,351.06
351.03,0.9832549075639545,366.61,373.01,372.44,350.87,1050.0,350.84,356.97,351.36,350.83,351.01,350.97,354.34,351.16,350.96,350.93,350.86,250,353.03,351.08,350.82,351.02,350.98,350,600,367.75,0.18223552549214816,360.87,351.13
351.01,0.9781476007338058,367.28,373.01,372.44,350.85,1050.0,350.83,360.87,351.71,350.83,350.99,350.96,355.94,351.34,350.99,350.94,350.89,250,354.34,351.05,350.82,351.08,350.99,350,600,367.83,0.20791169081775862,363.65,351.2
351.0,0.9723699203976762,353.89,371.97,366.9,350.84,450.0,350.83,363.65,352.4,350.84,350.97,350.95,352.21,351.65,351.01,350.95,350.94,450,355.94,351.03,350.82,351.09,351.01,150,600,355.24,0.23344536385590683,352.9,351.17
351.0,0.9659258262890683,352.05,371.12,363.67,350.84,450.0,350.83,352.9,353.91,350.84,350.96,350.95,351.53,352.17,350.99,350.99,350.99,450,352.21,351.01,350.83,351.06,351.07,150,600,352.4,0.25881904510252074,351.76,351.07
351.0,0.9588197348681924,351.57,365.64,356.32,350.83,450.0,350.83,351.76,356.97,350.84,350.94,350.94,351.29,353.03,350.97,351.05,351.06,450,351.53,351.0,350.84,351.03,351.17,150,600,351.74,0.28401534470392475,351.41,351.0
350.99,0.9510565162951533,351.35,359.19,354.07,350.82,450.0,350.82,351.41,360.87,350.83,350.94,350.94,351.16,354.34,350.96,351.16,351.13,450,351.29,351.0,350.86,351.02,351.36,150,600,351.47,0.3090169943749481,351.25,350.94
350.99,0.9426414910921787,351.16,370.45,360.73,350.82,1050.0,350.82,351.25,363.65,350.83,350.96,350.94,351.02,355.94,350.94,351.34,351.2,250,351.16,351.02,350.89,351.0,351.71,350,600,351.25,0.33380685923377024,351.08,350.87
350.99,0.9335804264972012,351.15,372.78,370.48,350.83,1050.0,350.82,351.08,352.9,350.82,350.99,350.94,350.99,352.21,350.94,351.65,351.17,250,351.02,351.08,350.94,351.0,352.4,350,600,351.27,0.3583679495453016,351.06,350.85
350.99,0.9238795325112867,351.24,372.99,372.28,350.84,1050.0,350.82,351.06,351.76,350.83,351.0,350.94,351.01,351.53,350.96,352.17,351.07,250,350.99,351.09,350.99,351.02,353.91,350,600,351.45,0.3826834323650898,351.11,350.84
350.99,0.9135454576426,351.46,373.01,372.42,350.84,1050.0,350.82,351.11,351.41,350.83,350.99,350.94,351.09,351.29,351.0,353.03,351.0,250,351.01,351.06,351.06,351.08,356.97,350,600,351.89,0.4067366430758022,351.23,350.85
350.99,0.9025852843498603,351.39,370.37,361.44,350.84,450.0,350.82,351.23,351.25,350.84,350.97,350.94,351.09,351.16,351.01,354.34,350.94,450,351.09,351.03,351.13,351.1,360.87,150,600,351.61,0.4305110968082958,351.22,350.86
350.99,0.8910065241883682,351.24,361.97,354.77,350.83,450.0,350.82,351.22,351.08,350.84,350.96,350.94,351.05,351.02,350.99,355.94,350.87,450,351.09,351.01,351.2,351.06,363.65,150,600,351.37,0.45399049973954614,351.14,350.86
350.99,0.8788171126619647,351.16,357.32,353.62,350.83,450.0,350.82,351.14,351.06,350.84,350.95,350.94,351.01,350.99,350.97,352.21,350.85,450,351.05,351.0,351.17,351.03,352.9,150,600,351.26,0.4771587602596097,351.08,350.85
350.99,0.8660254037844387,351.12,355.94,353.33,350.83,450.0,350.82,351.08,351.11,350.83,350.95,350.94,350.98,351.01,350.96,351.53,350.84,450,351.01,351.0,351.07,351.02,351.76,150,600,351.2,0.49999999999999994,351.04,350.85
350.99,0.8526401643540911,351.09,355.45,353.23,350.83,450.0,350.82,351.04,351.23,350.83,350.94,350.94,350.97,351.09,350.95,351.29,350.85,450,350.98,351.0,351.0,351.01,351.41,150,600,351.18,0.5224985647159507,351.02,350.84
350.99,0.8386705679454236,351.08,355.26,353.19,350.82,450.0,350.82,351.02,351.22,350.83,350.94,350.94,350.96,351.09,350.95,351.16,350.86,450,350.97,350.99,350.94,351.0,351.25,150,600,351.16,0.5446390350150276,351.01,350.84
350.99,0.824126188622016,351.07,355.17,353.17,350.82,450.0,350.82,351.01,351.14,350.83,350.94,350.94,350.95,351.05,350.94,351.02,350.86,450,350.96,350.99,350.87,351.0,351.08,150,600,351.15,0.5664062369248323,351.0,350.83
350.99,0.8090169943749466,351.06,355.13,353.16,350.82,450.0,350.82,351.0,351.08,350.82,350.94,350.94,350.95,351.01,350.94,350.99,350.85,450,350.95,350.99,350.85,350.99,351.06,150,600,351.14,0.5877852522924742,351.0,350.83
350.98,0.7933533402912352,351.06,355.11,353.16,350.82,450.0,350.82,351.0,351.04,350.82,350.94,350.93,350.94,350.98,350.94,351.01,350.85,450,350.95,350.99,350.84,350.99,351.11,150,600,351.14,0.6087614290087207,351.0,350.83
350.99,0.7771459614569696,351.06,355.1,353.16,350.82,450.0,350.82,351.0,351.02,350.82,350.94,350.94,350.94,350.97,350.94,351.09,350.84,450,350.94,350.99,350.85,350.99,351.23,150,600,351.14,0.6293203910498392,350.99,350.82
351.01,0.7604059656000305,351.05,355.09,353.15,350.82,450.0,350.82,350.99,351.01,350.82,350.93,350.95,350.94,350.96,350.94,351.09,350.84,450,350.94,350.98,350.86,350.99,351.22,150,600,351.14,0.6494480483301842,350.99,350.82
351.07,0.7431448254773948,351.05,355.09,353.15,350.82,450.0,350.83,350.99,351.0,350.82,350.94,350.99,350.94,350.95,350.94,351.05,350.83,450,350.94,350.99,350.86,350.99,351.14,150,600,351.13,0.6691306063588577,350.99,350.82
351.17,0.7253743710122866,351.05,362.05,354.4,350.82,1050.0,350.84,350.99,351.0,350.82,350.95,351.05,350.93,350.95,350.93,351.01,350.83,250,350.94,351.01,350.85,350.98,351.08,350,600,351.13,0.688354575693755,350.99,350.82
351.36,0.7071067811865476,351.06,369.73,359.31,350.83,1050.0,350.86,350.99,351.0,350.82,350.99,351.16,350.94,350.94,350.94,350.98,350.83,250,350.93,351.07,350.85,350.99,351.04,350,600,351.15,0.7071067811865475,350.99,350.82
351.71,0.6883545756937524,351.1,372.56,368.87,350.84,1050.0,350.89,350.99,350.99,350.82,351.05,351.34,350.95,350.94,350.95,350.97,350.82,250,350.94,351.17,350.84,351.01,351.02,350,600,351.21,0.7253743710122892,351.01,350.82
352.39,0.6691306063588577,351.18,372.97,372.07,350.86,1050.0,350.94,351.01,350.99,350.83,351.16,351.64,350.99,350.94,350.99,350.96,350.82,250,350.95,351.36,350.84,351.07,351.01,350,600,351.36,0.7431448254773947,351.07,350.83
351.74,0.6494480483301843,351.19,366.56,356.71,350.89,450.0,350.95,351.07,350.99,350.84,351.34,351.44,351.0,350.94,351.05,350.95,350.82,450,350.99,351.71,350.83,351.17,351.0,150,600,351.33,0.7604059656000304,351.08,350.83
351.38,0.6293203910498363,351.13,358.66,353.89,350.94,450.0,350.93,351.08,350.99,350.86,351.65,351.23,350.98,350.93,351.16,350.95,350.82,450,351.0,352.4,350.83,351.36,351.0,150,600,351.24,0.7771459614569718,351.05,350.84
351.22,0.6087614290087207,351.1,356.27,353.39,350.99,450.0,350.91,351.05,350.99,350.89,352.17,351.12,350.97,350.94,351.34,350.94,350.82,450,350.98,353.91,350.83,351.71,351.0,150,600,351.19,0.7933533402912352,351.03,350.84
351.13,0.5877852522924714,351.08,355.55,353.25,351.06,450.0,350.89,351.03,351.01,350.94,353.03,351.06,350.96,350.95,351.65,350.94,350.82,450,350.97,356.97,350.82,352.4,350.99,150,600,351.16,0.8090169943749487,351.01,350.83
351.08,0.5664062369248323,351.06,363.26,354.76,351.13,1050.0,350.87,351.01,351.07,350.95,354.34,351.01,350.94,350.99,351.44,350.94,350.83,250,350.96,360.87,350.82,351.74,350.99,350,600,351.14,0.824126188622016,350.99,350.83
351.05,0.5446390350150278,351.07,370.5,360.77,351.2,1050.0,350.85,350.99,351.08,350.93,355.94,350.99,350.94,351.0,351.23,350.94,350.83,250,350.94,363.65,350.82,351.38,350.99,350,600,351.16,0.8386705679454236,351.0,350.82
351.03,0.5224985647159476,351.11,372.7,369.85,351.17,1050.0,350.84,351.0,351.05,350.91,352.21,350.97,350.96,350.98,351.12,350.93,350.84,250,350.94,352.9,350.82,351.22,350.99,350,600,351.23,0.8526401643540931,351.02,350.82
351.01,0.5000000000000001,351.21,372.98,372.19,351.07,1050.0,350.84,351.02,351.03,350.89,351.53,350.96,350.99,350.97,351.06,350.94,350.84,250,350.96,351.76,350.82,351.13,350.99,350,600,351.4,0.8660254037844386,351.08,350.83
351.0,0.47715876025960646,351.4,373.01,372.42,351.0,1050.0,350.83,351.08,351.01,350.85,351.29,350.94,351.06,350.96,350.98,350.95,350.83,250,350.99,351.41,350.82,351.04,351.01,350,600,351.77,0.8788171126619665,351.2,350.85
351.0,0.45399049973954625,351.8,373.01,372.44,350.94,1050.0,350.82,351.2,350.99,350.83,351.16,350.94,351.18,350.94,350.96,350.99,350.83,250,351.06,351.25,350.83,351.03,351.07,350,600,352.67,0.8910065241883681,351.4,350.87
351.02,0.43051109680829586,352.7,373.01,372.44,350.87,1050.0,350.82,351.4,351.0,350.83,351.02,350.96,351.38,350.94,350.98,351.0,350.82,250,351.18,351.08,350.83,351.06,351.08,350,600,355.58,0.9025852843498603,351.79,350.9
351.08,0.406736643075799,355.2,373.01,372.44,350.85,1050.0,350.83,351.79,351.02,350.84,350.99,350.99,351.71,350.96,351.03,350.98,350.82,250,351.38,351.06,350.84,351.14,351.05,350,600,362.52,0.9135454576426014,352.57,350.94
351.09,0.38268343236508984,352.22,371.9,366.53,350.84,450.0,350.84,352.57,351.08,350.86,351.01,351.0,351.47,350.99,351.13,350.97,350.83,450,351.71,351.11,350.84,351.31,351.03,150,600,352.83,0.9238795325112867,351.79,350.96
351.06,0.3583679495452983,351.58,368.89,359.06,350.85,450.0,350.84,351.79,351.2,350.89,351.09,350.99,351.25,351.06,351.29,350.96,350.85,450,351.47,351.23,350.83,351.6,351.01,150,600,351.8,0.9335804264972025,351.39,350.94
351.03,0.3338068592337703,351.34,361.14,354.56,350.86,450.0,350.84,351.39,351.4,350.92,351.09,350.97,351.13,351.18,351.56,350.94,350.87,450,351.25,351.22,350.83,352.19,350.99,150,600,351.47,0.9426414910921787,351.23,350.91
351.01,0.30901699437494473,351.22,357.24,353.62,350.86,450.0,350.83,351.23,351.79,350.98,351.05,350.96,351.06,351.38,352.02,350.94,350.9,450,351.13,351.14,350.82,353.44,351.0,150,600,351.32,0.9510565162951544,351.13,350.89
351.0,0.28401534470392126,351.16,355.98,353.35,350.85,450.0,350.83,351.13,352.57,351.04,351.01,350.95,351.02,351.71,352.78,350.96,350.94,450,351.06,351.08,350.82,356.08,351.02,150,600,351.25,0.9588197348681935,351.08,350.87
351.0,0.25881904510252074,351.34,371.32,363.36,350.85,450.0,350.83,351.08,351.79,351.12,350.98,350.95,351.13,351.47,354.0,350.99,350.96,200,351.02,351.04,350.83,360.01,351.08,150,350,351.47,0.9659258262890683,351.22,350.91
351.0,0.2334453638559033,351.24,371.26,363.07,350.84,450.0,350.83,351.22,351.39,351.19,350.97,350.94,351.06,351.25,355.55,351.06,350.94,200,351.13,351.02,350.85,363.13,351.2,150,350,351.36,0.9723699203976771,351.14,350.89
350.99,0.2079116908177586,351.19,370.89,361.96,350.84,450.0,350.82,351.14,351.23,351.25,350.96,350.94,351.03,351.13,357.17,351.18,350.91,200,351.06,351.01,350.87,364.84,351.4,150,350,351.3,0.9781476007338058,351.1,350.87
350.99,0.1822355254921444,351.15,370.34,360.66,350.83,450.0,350.82,351.1,351.13,351.3,350.95,350.94,351.01,351.06,358.48,351.38,350.89,200,351.03,351.0,350.9,365.68,351.79,150,350,351.26,0.9832549075639552,351.07,350.86
350.99,0.1564344650402294,351.13,369.67,359.43,350.83,450.0,350.82,351.07,351.08,351.34,350.95,350.94,350.99,351.02,359.42,351.71,350.87,200,351.01,351.0,350.94,366.11,352.57,150,350,351.23,0.987688340595138,351.05,350.85
350.99,0.1305261922200517,351.12,368.91,358.37,350.83,450.0,350.82,351.05,351.22,351.37,350.94,350.94,350.98,351.13,360.05,351.47,350.91,200,350.99,351.0,350.96,366.35,351.79,150,350,351.21,0.9914448613738104,351.04,350.84
350.99,0.10452846326765125,351.1,368.11,357.51,350.82,450.0,350.82,351.04,351.14,351.39,350.94,350.94,350.97,351.06,360.47,351.25,350.89,200,350.98,350.99,350.94,366.49,351.39,150,350,351.2,0.9945218953682736,351.03,350.84
350.98,0.07845909572784433,351.09,367.31,356.84,350.82,450.0,350.82,351.03,351.1,351.3,350.94,350.93,350.96,351.03,352.58,351.13,350.87,200,350.97,350.99,350.91,353.45,351.23,150,350,351.19,0.9969173337331281,351.02,350.83
350.99,0.052335956242940865,351.09,366.55,356.32,350.82,450.0,350.82,351.02,351.07,351.14,350.94,350.94,350.96,351.01,351.66,351.06,350.86,200,350.96,350.99,350.89,351.92,351.13,150,350,351.18,0.998629534754574,351.01,350.83
351.01,0.026176948307871584,351.08,365.85,355.93,350.82,450.0,350.82,351.01,351.05,351.03,350.93,350.95,350.95,350.99,351.35,351.02,350.85,200,350.96,350.99,350.87,351.49,351.08,150,350,351.17,0.9996573249755574,351.01,350.83
351.07,6.123233995736766e-17,351.07,365.23,355.63,350.82,450.0,350.83,351.01,351.04,350.96,350.94,350.99,350.95,350.98,351.19,351.13,350.84,200,350.95,350.99,350.91,351.29,351.22,150,350,351.16,1.0,351.01,350.83
351.17,-0.026176948307875238,351.07,364.7,355.4,350.82,450.0,350.84,351.01,351.03,350.92,350.95,351.05,350.95,350.97,351.1,351.06,350.84,200,350.95,351.01,350.89,351.18,351.14,150,350,351.16,0.9996573249755573,351.0,350.83
351.36,-0.05233595624294473,351.07,364.25,355.22,350.83,450.0,350.86,351.0,351.02,350.89,350.99,351.16,350.95,350.96,351.04,351.03,350.83,200,350.95,351.07,350.87,351.11,351.1,150,350,351.15,0.9986295347545738,351.0,350.83
351.71,-0.07845909572784798,351.07,363.88,355.08,350.83,450.0,350.89,351.0,351.01,350.87,351.0,351.34,350.94,350.96,351.01,351.01,350.83,200,350.95,351.08,350.86,351.07,351.07,150,350,351.15,0.9969173337331277,351.0,350.82
352.4,-0.10452846326765487,351.06,363.57,354.97,350.84,450.0,350.94,351.0,351.01,350.85,350.98,351.65,350.94,350.95,350.98,350.99,350.83,200,350.94,351.05,350.85,351.04,351.05,150,350,351.15,0.9945218953682732,351.0,350.82
353.91,-0.1305261922200516,351.06,363.32,354.88,350.84,450.0,350.99,351.0,351.01,350.84,350.97,352.17,350.94,350.95,350.97,350.98,350.83,200,350.94,351.03,350.84,351.02,351.04,150,350,351.15,0.9914448613738104,351.0,350.82
356.97,-0.15643446504023323,351.06,363.11,354.82,350.83,450.0,351.06,351.0,351.0,350.84,350.96,353.03,350.94,350.95,350.96,350.97,350.83,200,350.94,351.01,350.84,351.01,351.03,150,350,351.14,0.9876883405951373,350.99,350.82
360.87,-0.1822355254921482,351.06,362.94,354.76,350.83,450.0,351.13,350.99,351.0,350.83,350.94,354.34,350.94,350.95,350.95,350.96,350.83,200,350.94,350.99,350.83,351.0,351.02,150,350,351.14,0.9832549075639544,350.99,350.82
363.65,-0.20791169081776217,351.06,362.81,354.72,350.82,450.0,351.2,350.99,351.0,350.83,350.94,355.94,350.94,350.94,350.95,350.96,350.82,200,350.94,351.0,350.83,351.0,351.01,150,350,351.14,0.978147600733805,350.99,350.82
352.9,-0.23344536385590686,351.06,362.7,354.69,350.82,450.0,351.17,350.99,351.0,350.83,350.96,352.21,350.94,350.94,350.94,350.95,350.82,200,350.94,351.02,350.83,351.0,351.01,150,350,351.14,0.9723699203976762,350.99,350.82
351.76,-0.25881904510252063,351.06,362.61,354.66,350.83,450.0,351.07,350.99,351.0,350.82,350.99,351.53,350.94,350.94,350.94,350.95,350.82,200,350.94,351.08,350.83,350.99,351.01,150,350,351.14,0.9659258262890683,350.99,350.82
351.41,-0.28401534470392475,351.06,362.54,354.64,350.85,450.0,351.0,350.99,350.99,350.82,351.06,351.29,350.94,350.94,350.94,350.95,350.82,200,350.94,351.2,350.83,350.99,351.0,150,350,351.14,0.9588197348681924,350.99,350.82
351.25,-0.3090169943749482,351.06,362.48,354.62,350.87,450.0,350.94,350.99,350.99,350.82,351.18,351.16,350.94,350.94,350.94,350.95,350.82,200,350.94,351.4,350.83,350.99,351.0,150,350,351.14,0.9510565162951533,350.99,350.82
351.08,-0.33380685923377373,351.06,362.44,354.61,350.9,450.0,350.87,350.99,350.99,350.82,351.38,351.02,350.94,350.94,350.93,350.94,350.82,200,350.94,351.79,350.82,350.99,351.0,150,350,351.14,0.9426414910921774,350.99,350.82
351.06,-0.3583679495453015,351.06,362.4,354.6,350.94,450.0,350.85,350.99,350.99,350.82,351.71,350.99,350.94,350.94,350.94,350.94,350.82,200,350.94,352.57,350.82,350.99,351.0,150,350,351.14,0.9335804264972013,350.99,350.82
351.11,-0.3826834323650895,351.06,362.37,354.59,350.96,450.0,350.84,350.99,350.99,350.82,351.47,351.01,350.94,350.94,350.95,350.94,350.82,200,350.94,351.79,350.82,351.01,351.0,150,350,351.14,0.9238795325112868,350.99,350.82
351.23,-0.4067366430758023,351.06,362.35,354.59,350.94,450.0,350.85,350.99,350.99,350.83,351.25,351.09,350.94,350.94,350.99,350.94,350.82,200,350.94,351.39,350.82,351.07,350.99,150,350,351.14,0.9135454576426,350.99,350.82
351.22,-0.43051109680829575,351.06,362.33,354.58,350.91,450.0,350.86,350.99,350.99,350.83,351.13,351.09,350.94,350.94,351.0,350.94,350.82,200,350.94,351.23,350.82,351.08,350.99,150,350,351.14,0.9025852843498603,350.99,350.82
351.14,-0.45399049973954947,351.06,362.32,354.58,350.89,450.0,350.86,350.99,350.99,350.84,351.06,351.05,350.94,350.94,350.98,350.94,350.82,200,350.94,351.13,350.82,351.05,350.99,150,350,351.14,0.8910065241883665,350.99,350.82
351.08,-0.4771587602596096,351.06,362.3,354.57,350.87,450.0,350.85,350.99,350.99,350.84,351.02,351.01,350.94,350.94,350.97,350.94,350.82,200,350.94,351.08,350.82,351.03,350.99,150,350,351.14,0.8788171126619647,350.99,350.82
351.04,-0.4999999999999998,351.06,362.29,354.57,350.91,450.0,350.85,350.99,350.99,350.83,351.13,350.98,350.94,350.94,350.96,350.94,350.82,200,350.94,351.22,350.82,351.01,350.99,150,350,351.14,0.8660254037844387,350.99,350.82
351.02,-0.5224985647159507,351.06,362.29,354.57,350.89,450.0,350.84,350.99,350.99,350.83,351.06,350.97,350.94,350.94,350.95,350.94,350.82,200,350.94,351.14,350.82,351.0,350.99,150,350,351.14,0.8526401643540911,350.99,350.82
351.01,-0.5446390350150279,351.06,368.48,357.72,350.87,1050.0,350.84,350.99,350.99,350.83,351.03,350.96,350.94,350.94,350.95,350.94,350.82,300,350.94,351.1,350.82,351.0,350.99,350,650,351.15,0.8386705679454235,350.99,350.82
351.0,-0.5664062369248352,351.08,371.58,363.94,350.86,1050.0,350.83,350.99,350.99,350.83,351.01,350.95,350.95,350.94,350.94,350.94,350.82,300,350.94,351.07,350.82,350.99,350.99,350,650,351.18,0.824126188622014,351.01,350.82
351.0,-0.5877852522924741,351.12,372.63,369.4,350.85,1050.0,350.83,351.01,350.99,350.82,350.99,350.95,350.96,350.94,350.94,350.94,350.82,300,350.95,351.05,350.82,350.99,350.99,350,650,351.24,0.8090169943749467,351.03,350.83
351.0,-0.6087614290087207,351.18,372.91,371.6,350.84,1050.0,350.83,351.03,350.99,350.82,350.98,350.94,350.99,350.94,350.94,350.94,350.82,300,350.96,351.04,350.82,350.99,350.99,350,650,351.34,0.7933533402912352,351.07,350.83
350.99,-0.6293203910498394,351.2,372.71,370.01,350.84,450.0,350.82,351.07,350.99,350.82,350.97,350.94,351.0,350.94,350.94,350.94,350.82,200,350.99,351.03,350.82,350.99,350.99,150,350,351.36,0.7771459614569693,351.08,350.84
350.99,-0.6494480483301842,351.19,372.52,368.73,350.83,450.0,350.82,351.08,350.99,350.82,350.96,350.94,351.0,350.94,350.94,350.94,350.82,200,351.0,351.02,350.82,350.99,350.99,150,350,351.33,0.7604059656000304,351.08,350.84
350.99,-0.6691306063588602,351.17,372.25,367.14,350.83,450.0,350.82,351.08,351.01,350.82,350.96,350.94,351.0,350.95,350.94,350.94,350.82,200,351.0,351.01,350.82,350.99,350.99,150,350,351.3,0.7431448254773925,351.07,350.84
350.99,-0.6883545756937551,351.15,371.88,365.32,350.83,450.0,350.82,351.07,351.03,350.82,350.95,350.93,350.99,350.96,350.93,350.94,350.83,200,351.0,351.01,350.82,350.98,350.99,150,350,351.28,0.7253743710122866,351.06,350.84
350.99,-0.7071067811865475,351.14,371.38,363.41,350.83,450.0,350.82,351.06,351.07,350.82,350.95,350.94,350.98,350.99,350.94,350.94,350.83,200,350.99,351.01,350.82,350.99,350.99,150,350,351.25,0.7071067811865476,351.05,350.84
351.01,-0.7253743710122892,351.13,370.76,361.59,350.83,450.0,350.82,351.05,351.08,350.82,350.95,350.95,350.98,351.0,350.95,350.94,350.84,200,350.98,351.0,350.82,351.01,350.99,150,350,351.23,0.6883545756937524,351.04,350.84
351.07,-0.7431448254773947,351.11,370.02,360.0,350.83,450.0,350.83,351.04,351.08,350.83,350.95,350.99,350.97,351.0,350.99,350.94,350.84,200,350.98,351.0,350.82,351.07,350.99,150,350,351.22,0.6691306063588577,351.03,350.83
351.08,-0.7604059656000329,351.1,369.19,358.72,350.82,450.0,350.83,351.03,351.07,350.83,350.94,351.0,350.97,351.0,351.0,350.95,350.84,200,350.97,351.0,350.82,351.08,351.01,150,350,351.2,0.6494480483301813,351.03,350.83
351.05,-0.7771459614569718,351.1,372.09,366.15,350.82,1050.0,350.84,351.03,351.06,350.84,350.94,350.98,350.96,350.99,350.98,350.96,350.84,300,350.97,351.0,350.83,351.05,351.03,350,650,351.21,0.6293203910498364,351.02,350.83
351.03,-0.793353340291235,351.14,372.78,370.51,350.82,1050.0,350.84,351.02,351.05,350.84,350.94,350.97,350.97,350.98,350.97,350.99,350.84,300,350.96,351.0,350.83,351.03,351.07,350,650,351.27,0.6087614290087209,351.05,350.83
351.01,-0.8090169943749487,351.21,372.95,371.92,350.82,1050.0,350.83,351.05,351.04,350.83,350.94,350.96,351.0,350.98,350.96,351.0,350.84,300,350.97,350.99,350.84,351.01,351.08,350,650,351.39,0.5877852522924714,351.09,350.84
350.99,-0.8241261886220159,351.31,372.99,372.25,350.82,1050.0,350.83,351.09,351.03,350.83,350.94,350.94,351.04,350.97,350.95,351.0,350.83,300,351.0,350.99,350.84,351.0,351.08,350,650,351.57,0.5664062369248324,351.15,350.84
351.0,-0.8386705679454256,351.33,372.9,371.58,350.82,450.0,350.82,351.15,351.03,350.83,350.94,350.94,351.05,350.97,350.95,351.0,350.83,200,351.04,350.99,350.84,351.0,351.07,150,350,351.57,0.5446390350150246,351.17,350.85
351.02,-0.8526401643540931,351.3,372.86,371.24,350.82,450.0,350.82,351.17,351.02,350.83,350.94,350.96,351.05,350.96,350.94,350.99,350.83,200,351.05,350.99,350.84,350.99,351.06,150,350,351.5,0.5224985647159475,351.15,350.85
351.08,-0.8660254037844387,351.26,372.8,370.7,350.82,450.0,350.83,351.15,351.05,350.82,350.94,350.99,351.04,350.97,350.94,350.98,350.83,200,351.05,350.99,350.84,350.99,351.05,150,350,351.44,0.49999999999999994,351.14,350.85
351.2,-0.8788171126619663,351.23,372.69,369.89,350.82,450.0,350.85,351.14,351.09,350.82,350.94,351.06,351.03,351.0,350.94,350.98,350.84,200,351.04,350.99,350.84,350.99,351.04,150,350,351.39,0.4771587602596067,351.12,350.85
351.4,-0.8910065241883682,351.21,372.52,368.74,350.82,450.0,350.87,351.12,351.15,350.82,350.94,351.18,351.02,351.04,350.94,350.97,350.84,200,351.03,350.99,350.83,350.99,351.03,150,350,351.35,0.4539904997395461,351.1,350.85
351.79,-0.9025852843498617,351.18,372.28,367.27,350.82,450.0,350.9,351.1,351.17,350.82,350.94,351.38,351.01,351.05,350.94,350.97,350.85,200,351.02,350.99,350.83,350.99,351.03,150,350,351.32,0.4305110968082927,351.08,350.85
352.57,-0.9135454576426015,351.16,371.93,365.52,350.82,450.0,350.94,351.08,351.15,350.82,350.94,351.71,351.0,351.05,350.94,350.96,350.85,200,351.01,350.99,350.83,350.99,351.02,150,350,351.29,0.4067366430757988,351.07,350.84
351.79,-0.9238795325112867,351.15,371.46,363.66,350.82,450.0,350.96,351.07,351.14,350.82,350.94,351.47,350.99,351.04,350.94,350.97,350.85,200,351.0,350.99,350.83,350.99,351.05,150,350,351.26,0.3826834323650899,351.06,350.84
351.39,-0.9335804264972024,351.14,372.73,370.11,350.82,1050.0,350.94,351.06,351.12,350.82,350.94,351.25,350.98,351.03,350.94,351.0,350.85,300,350.99,350.99,350.84,350.99,351.09,350,650,351.27,0.3583679495452986,351.05,350.84
351.23,-0.9426414910921788,351.2,372.94,371.83,350.82,1050.0,350.91,351.05,351.1,350.82,350.94,351.13,351.0,351.02,350.94,351.04,350.85,300,350.98,350.99,350.84,350.99,351.15,350,650,351.38,0.3338068592337699,351.09,350.84
351.13,-0.9510565162951545,351.3,372.98,372.23,350.82,1050.0,350.89,351.09,351.08,350.82,350.94,351.06,351.04,351.01,350.94,351.05,350.85,300,351.0,350.99,350.85,350.99,351.17,350,650,351.54,0.30901699437494456,351.14,350.84
351.08,-0.9588197348681934,351.44,372.99,372.31,350.82,1050.0,350.87,351.14,351.07,350.82,350.94,351.02,351.09,351.0,350.93,351.05,350.84,300,351.04,350.99,350.85,350.98,351.15,350,650,351.81,0.2840153447039213,351.23,350.86
351.22,-0.9659258262890682,351.65,373.0,372.33,350.82,1050.0,350.91,351.23,351.06,350.82,350.94,351.13,351.16,350.99,350.94,351.04,350.84,300,351.09,350.99,350.85,350.99,351.14,350,650,352.24,0.258819045102521,351.34,350.87
351.14,-0.9723699203976771,351.95,373.0,372.34,350.82,1050.0,350.89,351.34,351.05,350.82,350.94,351.06,351.24,350.98,350.95,351.03,350.84,300,351.16,350.99,350.85,351.01,351.12,350,650,352.98,0.23344536385590337,351.49,350.89
351.1,-0.9781476007338057,352.41,373.0,372.34,350.82,1050.0,350.87,351.49,351.09,350.83,350.94,351.03,351.35,351.0,350.99,351.02,350.84,300,351.24,350.99,350.85,351.07,351.1,350,650,354.35,0.20791169081775887,351.7,350.91
351.07,-0.9832549075639551,353.11,373.0,372.34,350.82,1050.0,350.86,351.7,351.14,350.83,350.95,351.01,351.49,351.04,351.0,351.01,350.84,300,351.35,351.01,350.85,351.08,351.08,350,650,356.76,0.18223552549214467,351.98,350.93
351.05,-0.9876883405951379,352.59,372.94,371.92,350.83,450.0,350.85,351.98,351.23,350.84,350.96,350.99,351.46,351.09,350.98,351.0,350.86,200,351.49,351.03,350.84,351.05,351.07,150,350,354.37,0.15643446504022968,351.85,350.94
351.04,-0.9914448613738104,352.19,372.94,371.92,350.83,450.0,350.84,351.85,351.34,350.84,350.99,350.98,351.37,351.16,350.97,350.99,350.87,200,351.46,351.07,350.84,351.03,351.06,150,350,353.27,0.130526192220052,351.67,350.93
351.03,-0.9945218953682736,351.94,372.94,371.91,350.84,450.0,350.84,351.67,351.49,350.83,351.0,350.97,351.3,351.24,350.96,350.98,350.89,200,351.37,351.08,350.84,351.01,351.05,150,350,352.68,0.10452846326765108,351.54,350.93
351.02,-0.9969173337331281,351.76,372.94,371.9,350.84,450.0,350.83,351.54,351.7,350.83,351.0,350.96,351.25,351.35,350.94,351.0,350.91,200,351.3,351.08,350.84,350.99,351.09,150,350,352.32,0.07845909572784418,351.45,350.92
351.01,-0.998629534754574,351.63,372.94,371.88,350.84,450.0,350.83,351.45,351.98,350.82,351.0,350.96,351.2,351.49,350.94,351.04,350.93,200,351.25,351.07,350.84,351.0,351.14,150,350,352.07,0.0523359562429407,351.38,350.91
351.01,-0.9996573249755574,351.54,372.93,371.84,350.84,450.0,350.83,351.38,351.85,350.82,350.99,350.95,351.17,351.46,350.96,351.09,350.94,200,351.2,351.06,350.86,351.02,351.23,150,350,351.89,0.026176948307871647,351.32,350.9
351.01,-1.0,351.46,372.92,371.76,350.84,450.0,350.83,351.32,351.67,350.83,350.98,350.95,351.13,351.37,350.99,351.16,350.93,200,351.17,351.05,350.87,351.08,351.34,150,350,351.75,1.2246467991473532e-16,351.27,350.89
351.0,-0.9996573249755573,351.39,372.91,371.62,350.84,450.0,350.83,351.27,351.54,350.85,350.98,350.95,351.11,351.3,351.06,351.24,350.93,200,351.13,351.04,350.89,351.2,351.49,150,350,351.64,-0.026176948307875397,351.23,350.88
351.0,-0.9986295347545738,351.34,372.88,371.37,350.83,450.0,350.83,351.23,351.45,350.87,350.97,350.95,351.08,351.25,351.18,351.35,350.92,200,351.11,351.03,350.91,351.4,351.7,150,350,351.56,-0.052335956242944445,351.19,350.87
351.0,-0.9969173337331277,351.3,372.83,370.96,350.83,450.0,350.82,351.19,351.38,350.9,350.97,350.94,351.06,351.2,351.38,351.49,350.91,200,351.08,351.03,350.93,351.79,351.98,150,350,351.49,-0.07845909572784747,351.16,350.87
351.0,-0.9945218953682732,351.26,372.75,370.32,350.83,450.0,350.82,351.16,351.32,350.94,350.96,350.94,351.05,351.17,351.71,351.46,350.9,200,351.06,351.02,350.94,352.57,351.85,150,350,351.43,-0.10452846326765526,351.14,350.86
351.0,-0.9914448613738104,351.23,372.62,369.38,350.83,450.0,350.82,351.14,351.27,351.0,350.97,350.94,351.03,351.13,352.28,351.37,350.89,200,351.05,351.05,350.93,354.3,351.67,150,350,351.38,-0.13052619222005177,351.12,350.86
350.99,-0.9876883405951374,351.2,372.42,368.11,350.84,450.0,350.82,351.12,351.23,351.07,351.0,350.94,351.02,351.11,353.22,351.3,350.88,200,351.03,351.09,350.93,357.64,351.54,150,350,351.34,-0.15643446504023292,351.1,350.85
350.99,-0.9832549075639544,351.18,372.14,366.52,350.84,450.0,350.82,351.1,351.19,351.15,351.04,350.94,351.01,351.08,354.59,351.25,350.87,200,351.02,351.15,350.92,361.44,351.45,150,350,351.31,-0.18223552549214836,351.08,350.85
350.99,-0.978147600733805,351.16,371.74,364.73,350.85,450.0,350.82,351.08,351.16,351.21,351.05,350.94,351.0,351.06,356.22,351.2,350.87,200,351.01,351.17,350.91,363.97,351.38,150,350,351.28,-0.20791169081776212,351.07,350.84
350.99,-0.9723699203976763,351.14,371.22,362.88,350.85,450.0,350.82,351.07,351.14,351.27,351.05,350.94,350.99,351.05,357.75,351.17,350.86,200,351.0,351.15,350.9,365.25,351.32,150,350,351.25,-0.23344536385590658,351.05,350.84
350.99,-0.9659258262890683,351.14,372.68,369.71,350.85,1050.0,350.82,351.05,351.12,351.32,351.04,350.94,350.98,351.03,358.9,351.13,350.86,300,350.99,351.14,350.89,365.88,351.27,350,650,351.26,-0.2588190451025208,351.05,350.84
350.99,-0.9588197348681925,351.19,372.93,371.73,350.85,1050.0,350.82,351.05,351.1,351.35,351.03,350.94,351.0,351.02,359.71,351.11,350.85,300,350.98,351.12,350.88,366.22,351.23,350,650,351.36,-0.2840153447039245,351.08,350.84
350.99,-0.9510565162951535,351.28,372.98,372.2,350.85,1050.0,350.82,351.08,351.08,351.38,351.02,350.94,351.03,351.01,360.24,351.08,350.85,300,351.0,351.1,350.87,366.42,351.19,350,650,351.52,-0.30901699437494773,351.14,350.84
350.99,-0.9426414910921773,351.42,372.99,372.31,350.85,1050.0,350.82,351.14,351.07,351.39,351.01,350.94,351.08,351.0,360.59,351.06,350.84,300,351.03,351.08,350.87,366.53,351.16,350,650,351.77,-0.33380685923377384,351.22,350.85
350.99,-0.9335804264972012,351.62,373.0,372.33,350.84,1050.0,350.82,351.22,351.05,351.4,351.0,350.94,351.15,350.99,360.82,351.05,350.84,300,351.08,351.07,350.86,366.61,351.14,350,650,352.17,-0.35836794954530166,351.32,350.87
350.99,-0.9238795325112868,351.9,373.0,372.34,350.84,1050.0,350.82,351.32,351.05,351.41,350.99,350.94,351.23,350.98,360.97,351.03,350.84,300,351.15,351.06,350.86,366.65,351.12,350,650,352.86,-0.38268343236508967,351.47,350.88
350.99,-0.9135454576426,352.34,373.0,372.34,350.84,1050.0,350.82,351.47,351.08,351.42,350.98,350.94,351.34,351.0,361.06,351.02,350.84,300,351.23,351.05,350.85,366.68,351.1,350,650,354.13,-0.40673664307580226,351.67,350.9
350.99,-0.9025852843498603,353.0,373.0,372.34,350.84,1050.0,350.82,351.67,351.14,351.32,351.0,350.94,351.47,351.03,352.63,351.01,350.84,300,351.34,351.09,350.85,353.52,351.08,350,650,356.39,-0.4305110968082957,351.94,350.93
350.99,-0.8910065241883666,354.06,373.0,372.34,350.84,1050.0,350.82,351.94,351.22,351.15,351.04,350.94,351.63,351.08,351.67,351.0,350.85,300,351.47,351.14,350.84,351.94,351.07,350,650,359.66,-0.4539904997395494,352.3,350.95
350.99,-0.8788171126619647,355.6,373.0,372.34,350.86,1050.0,350.82,352.3,351.32,351.04,351.09,350.94,351.81,351.15,351.36,350.99,350.87,300,351.63,351.23,350.84,351.5,351.05,350,650,362.71,-0.47715876025960957,352.75,350.98
350.99,-0.8660254037844388,357.61,373.0,372.34,350.87,1050.0,350.82,352.75,351.47,350.96,351.16,350.94,352.03,351.23,351.2,350.98,350.88,300,351.81,351.34,350.84,351.29,351.05,350,650,364.7,-0.4999999999999997,353.35,351.0
350.99,-0.852640164354091,359.69,373.0,372.34,350.89,1050.0,350.82,353.35,351.67,350.88,351.24,350.94,352.26,351.34,351.03,351.0,350.9,300,352.03,351.49,350.84,351.1,351.08,350,650,365.77,-0.522498564715951,354.06,351.03
350.99,-0.8386705679454235,355.44,372.94,371.92,350.91,450.0,350.82,354.06,351.94,350.85,351.35,350.94,351.98,351.47,351.0,351.03,350.93,200,352.26,351.7,350.84,351.07,351.14,150,350,361.06,-0.5446390350150279,352.94,351.03
351.01,-0.824126188622014,353.71,372.94,371.92,350.93,450.0,350.82,352.94,352.3,350.85,351.49,350.95,351.73,351.63,351.03,351.08,350.95,200,351.98,351.98,350.85,351.13,351.22,150,350,357.47,-0.5664062369248352,352.34,351.01
351.03,-0.8090169943749465,352.87,372.94,371.92,350.94,450.0,350.83,352.34,352.75,350.86,351.46,350.96,351.56,351.81,351.11,351.15,350.98,200,351.73,351.85,350.87,351.28,351.32,150,350,355.08,-0.5877852522924745,352.0,350.99
351.07,-0.7933533402912352,352.39,372.94,371.92,350.93,450.0,350.83,352.0,353.35,350.88,351.37,350.99,351.45,352.03,351.26,351.23,351.0,200,351.56,351.67,350.88,351.55,351.47,150,350,353.77,-0.6087614290087207,351.79,350.97
351.08,-0.7771459614569697,352.09,372.94,371.91,350.93,450.0,350.84,351.79,354.06,350.92,351.3,351.0,351.36,352.26,351.51,351.34,351.03,200,351.45,351.54,350.9,352.08,351.67,150,350,353.01,-0.629320391049839,351.63,350.95
351.08,-0.7604059656000305,351.88,372.94,371.91,350.92,450.0,350.84,351.63,352.94,350.97,351.25,351.0,351.29,351.98,351.94,351.47,351.03,200,351.36,351.45,350.93,353.19,351.94,150,350,352.54,-0.6494480483301842,351.52,350.93
351.07,-0.7431448254773925,351.72,372.94,371.89,350.91,450.0,350.84,351.52,352.34,351.03,351.2,351.0,351.24,351.73,352.65,351.63,351.01,200,351.29,351.38,350.95,355.6,352.3,150,350,352.23,-0.6691306063588602,351.43,350.92
351.06,-0.725374371012287,351.6,372.94,371.87,350.9,450.0,350.84,351.43,352.0,351.1,351.17,350.99,351.19,351.56,353.81,351.81,350.99,200,351.24,351.32,350.98,359.48,352.75,150,350,352.0,-0.6883545756937547,351.36,350.91
351.05,-0.7071067811865479,351.71,373.0,372.33,350.89,1050.0,350.84,351.36,351.79,351.18,351.13,350.98,351.19,351.45,355.32,352.03,350.97,300,351.19,351.27,351.0,362.79,353.35,350,650,352.37,-0.7071067811865471,351.39,350.89
351.04,-0.6883545756937524,352.05,373.0,372.34,350.88,1050.0,350.84,351.39,351.63,351.24,351.11,350.98,351.27,351.36,356.96,352.26,350.95,300,351.19,351.23,351.03,364.67,354.06,350,650,353.25,-0.7253743710122892,351.54,350.9
351.03,-0.6691306063588578,352.57,373.0,372.34,350.87,1050.0,350.83,351.54,351.52,351.3,351.08,350.97,351.39,351.29,358.32,351.98,350.93,300,351.27,351.19,351.03,365.59,352.94,350,650,354.87,-0.7431448254773946,351.77,350.91
351.03,-0.6494480483301814,353.37,373.0,372.34,350.87,1050.0,350.83,351.77,351.43,351.34,351.06,350.97,351.53,351.24,359.31,351.73,350.92,300,351.39,351.16,351.01,366.06,352.34,350,650,357.63,-0.7604059656000328,352.07,350.94
351.02,-0.6293203910498364,352.72,372.94,371.92,350.86,450.0,350.83,352.07,351.36,351.37,351.05,350.96,351.49,351.19,359.98,351.56,350.91,200,351.53,351.14,350.99,366.33,352.0,150,350,354.75,-0.7771459614569717,351.91,350.94
351.05,-0.6087614290087209,352.27,372.94,371.92,350.86,450.0,350.83,351.91,351.39,351.39,351.03,350.97,351.4,351.19,360.42,351.45,350.89,200,351.49,351.12,350.97,366.48,351.79,150,350,353.48,-0.7933533402912349,351.71,350.94
351.09,-0.5877852522924711,351.99,372.94,371.91,350.85,450.0,350.84,351.71,351.54,351.4,351.02,351.0,351.32,351.27,360.71,351.36,350.9,200,351.4,351.1,350.95,366.57,351.63,150,350,352.81,-0.8090169943749489,351.58,350.93
351.15,-0.5664062369248322,351.81,372.94,371.9,350.85,450.0,350.84,351.58,351.77,351.41,351.01,351.04,351.26,351.39,360.9,351.29,350.91,200,351.32,351.08,350.93,366.63,351.52,150,350,352.4,-0.8241261886220161,351.47,350.92
351.17,-0.5446390350150248,352.0,373.0,372.34,350.84,1050.0,350.85,351.47,352.07,351.41,351.0,351.05,351.27,351.53,361.02,351.24,350.94,300,351.26,351.07,350.92,366.66,351.43,350,650,353.09,-0.8386705679454256,351.53,350.9
351.15,-0.5224985647159479,352.5,373.0,372.34,350.84,1050.0,350.85,351.53,351.91,351.42,350.99,351.05,351.37,351.49,361.1,351.19,350.94,300,351.27,351.05,350.91,366.69,351.36,350,650,354.65,-0.8526401643540928,351.74,350.91
351.14,-0.5000000000000004,353.27,373.0,372.34,350.84,1050.0,350.85,351.74,351.71,351.42,350.98,351.04,351.51,351.4,361.15,351.19,350.94,300,351.37,351.05,350.89,366.7,351.39,350,650,357.31,-0.8660254037844384,352.04,350.93
351.12,-0.47715876025960635,354.47,373.0,372.34,350.84,1050.0,350.85,352.04,351.58,351.42,351.0,351.03,351.68,351.32,361.18,351.27,350.93,300,351.51,351.08,350.9,366.71,351.54,350,650,360.67,-0.8788171126619665,352.42,350.96
351.1,-0.45399049973954614,353.24,372.94,371.92,350.84,450.0,350.85,352.42,351.47,351.42,351.03,351.02,351.61,351.26,361.2,351.39,350.92,200,351.68,351.14,350.91,366.72,351.77,150,350,356.23,-0.8910065241883682,352.14,350.97
351.08,-0.43051109680829275,352.57,372.94,371.92,350.85,450.0,350.85,352.14,351.53,351.42,351.08,351.01,351.48,351.27,361.21,351.53,350.9,200,351.61,351.22,350.94,366.72,352.07,150,350,354.29,-0.9025852843498617,351.86,350.96
351.07,-0.4067366430757985,352.2,372.94,371.92,350.87,450.0,350.84,351.86,351.74,351.42,351.15,351.0,351.38,351.37,361.22,351.49,350.91,200,351.48,351.32,350.94,366.72,351.91,150,350,353.27,-0.9135454576426016,351.68,350.95
351.06,-0.3826834323650895,351.95,372.94,371.91,350.88,450.0,350.84,351.68,352.04,351.32,351.23,350.99,351.31,351.51,352.64,351.4,350.93,200,351.38,351.47,350.94,353.54,351.71,150,350,352.7,-0.9238795325112868,351.55,350.93
351.05,-0.3583679495452982,351.77,372.94,371.9,350.9,450.0,350.84,351.55,352.42,351.15,351.34,350.98,351.25,351.68,351.68,351.32,350.96,200,351.31,351.67,350.93,351.94,351.58,150,350,352.33,-0.9335804264972025,351.46,350.92
351.09,-0.3338068592337704,351.64,372.94,371.88,350.93,450.0,350.84,351.46,352.14,351.04,351.47,351.0,351.21,351.61,351.36,351.26,350.97,200,351.25,351.94,350.92,351.5,351.47,150,350,352.08,-0.9426414910921785,351.38,350.91
351.14,-0.30901699437494506,351.54,372.93,371.84,350.95,450.0,350.84,351.38,351.86,350.97,351.63,351.04,351.17,351.48,351.2,351.27,350.96,200,351.21,352.3,350.9,351.3,351.53,150,350,351.9,-0.9510565162951543,351.32,350.9
351.23,-0.2840153447039218,351.46,372.92,371.77,350.98,450.0,350.86,351.32,351.68,350.88,351.81,351.09,351.14,351.38,351.03,351.37,350.95,200,351.17,352.75,350.91,351.1,351.74,150,350,351.76,-0.9588197348681933,351.27,350.89
351.34,-0.25881904510252063,351.4,372.91,371.63,351.0,450.0,350.87,351.27,351.55,350.85,352.03,351.16,351.11,351.31,351.0,351.51,350.93,200,351.14,353.35,350.93,351.07,352.04,150,350,351.65,-0.9659258262890683,351.23,350.88
351.49,-0.23344536385590342,351.34,372.88,371.39,351.03,450.0,350.89,351.23,351.46,350.85,352.26,351.24,351.08,351.25,351.03,351.68,350.92,200,351.11,354.06,350.96,351.14,352.42,150,350,351.56,-0.9723699203976771,351.19,350.87
351.7,-0.20791169081775893,351.3,372.83,371.0,351.03,450.0,350.91,351.19,351.38,350.86,351.98,351.35,351.06,351.21,351.11,351.61,350.91,200,351.08,352.94,350.97,351.28,352.14,150,350,351.49,-0.9781476007338057,351.17,350.87
351.98,-0.18223552549214428,351.26,372.75,370.37,351.01,450.0,350.93,351.17,351.32,350.87,351.73,351.49,351.05,351.17,351.12,351.48,350.9,200,351.06,352.34,350.96,351.26,351.86,150,350,351.43,-0.9832549075639552,351.14,350.86
351.85,-0.1564344650402293,351.27,372.97,372.14,350.99,1050.0,350.94,351.14,351.27,350.87,351.56,351.46,351.04,351.14,351.06,351.38,350.89,300,351.05,352.0,350.95,351.16,351.68,350,650,351.49,-0.987688340595138,351.14,350.85
351.67,-0.13052619222005163,351.39,372.99,372.3,350.97,1050.0,350.93,351.14,351.23,350.86,351.45,351.37,351.07,351.11,351.02,351.31,350.88,300,351.04,351.79,350.93,351.09,351.55,350,650,351.71,-0.9914448613738104,351.2,350.86
351.54,-0.10452846326765158,351.57,372.99,372.33,350.95,1050.0,350.93,351.2,351.19,350.85,351.36,351.3,351.13,351.08,350.99,351.25,350.87,300,351.07,351.63,350.92,351.05,351.46,350,650,352.08,-0.9945218953682735,351.3,350.87
351.45,-0.07845909572784468,351.84,373.0,372.34,350.93,1050.0,350.92,351.3,351.17,350.84,351.29,351.25,351.21,351.06,350.97,351.21,350.87,300,351.13,351.52,350.91,351.03,351.38,350,650,352.69,-0.996917333733128,351.44,350.88
351.38,-0.05233595624294076,352.24,373.0,372.34,350.92,1050.0,350.91,351.44,351.14,350.84,351.24,351.2,351.31,351.05,350.96,351.17,350.86,300,351.21,351.43,350.9,351.02,351.32,350,650,353.81,-0.998629534754574,351.63,350.9
351.32,-0.026176948307871706,352.84,373.0,372.34,350.91,1050.0,350.9,351.63,351.14,350.83,351.19,351.17,351.44,351.04,350.95,351.14,350.85,300,351.31,351.36,350.89,351.01,351.27,350,650,355.84,-0.9996573249755574,351.88,350.92
351.27,-1.8369701987210297e-16,353.82,373.0,372.34,350.89,1050.0,350.89,351.88,351.2,350.83,351.19,351.13,351.59,351.07,350.95,351.11,350.86,300,351.44,351.39,350.88,351.0,351.23,350,650,358.99,-1.0,352.22,350.94
351.23,0.02617694830787578,355.25,373.0,372.34,350.9,1050.0,350.88,352.22,351.3,350.82,351.27,351.11,351.78,351.13,350.94,351.08,350.87,300,351.59,351.54,350.87,350.99,351.19,350,650,362.18,-0.9996573249755573,352.65,350.97
351.19,0.05233595624294483,353.59,372.94,371.92,350.91,450.0,350.87,352.65,351.44,350.82,351.39,351.08,351.67,351.21,350.94,351.06,350.88,200,351.78,351.77,350.87,350.99,351.17,150,350,357.18,-0.9986295347545738,352.27,350.98
351.16,0.07845909572784786,352.76,372.94,371.92,350.94,450.0,350.87,352.27,351.63,350.82,351.53,351.06,351.52,351.31,350.95,351.05,350.9,200,351.67,352.07,350.86,351.02,351.14,150,350,354.8,-0.9969173337331277,351.95,350.97
351.14,0.10452846326765476,352.31,372.94,371.92,350.94,450.0,350.86,351.95,351.88,350.83,351.49,351.05,351.42,351.44,350.99,351.04,350.92,200,351.52,351.91,350.85,351.07,351.14,150,350,353.57,-0.9945218953682732,351.74,350.96
351.12,0.13052619222005127,352.03,372.94,371.91,350.94,450.0,350.86,351.74,352.22,350.83,351.4,351.03,351.34,351.59,351.0,351.07,350.94,200,351.42,351.71,350.86,351.08,351.2,150,350,352.88,-0.9914448613738105,351.6,350.94
351.1,0.15643446504023242,352.34,373.0,372.34,350.93,1050.0,350.85,351.6,352.65,350.84,351.32,351.02,351.35,351.78,350.99,351.13,350.97,300,351.34,351.58,350.87,351.05,351.3,350,650,354.11,-0.9876883405951374,351.68,350.92
351.08,0.18223552549214828,353.05,373.0,372.34,350.92,1050.0,350.85,351.68,352.27,350.84,351.26,351.01,351.48,351.67,350.97,351.21,350.98,300,351.35,351.47,350.88,351.03,351.44,350,650,356.54,-0.9832549075639544,351.96,350.93
351.07,0.20791169081776203,354.15,373.0,372.34,350.9,1050.0,350.84,351.96,351.95,350.83,351.27,351.0,351.64,351.52,350.96,351.31,350.97,300,351.48,351.53,350.9,351.01,351.63,350,650,359.88,-0.978147600733805,352.32,350.95
351.05,0.23344536385590653,355.72,373.0,372.34,350.91,1050.0,350.84,352.32,351.74,350.83,351.37,350.99,351.83,351.42,350.95,351.44,350.96,300,351.64,351.74,350.92,351.0,351.88,350,650,362.89,-0.9723699203976763,352.79,350.98
351.05,0.2588190451025203,357.76,373.0,372.34,350.93,1050.0,350.84,352.79,351.6,350.83,351.51,350.98,352.05,351.34,350.95,351.59,350.94,300,351.83,352.04,350.94,351.0,352.22,350,650,364.8,-0.9659258262890684,353.39,351.0
351.08,0.28401534470392487,359.83,373.0,372.34,350.96,1050.0,350.84,353.39,351.68,350.83,351.68,351.0,352.28,351.35,350.94,351.78,350.92,300,352.05,352.42,350.97,351.0,352.65,350,650,365.82,-0.9588197348681924,354.11,351.03
351.14,0.30901699437494806,361.57,373.0,372.34,350.97,1050.0,350.84,354.11,351.96,350.82,351.61,351.03,352.52,351.48,350.94,351.67,350.93,300,352.28,352.14,350.98,350.99,352.27,350,650,366.37,-0.9510565162951533,354.89,351.05
351.22,0.3338068592337734,362.86,373.0,372.34,350.96,1050.0,350.85,354.89,352.32,350.82,351.48,351.08,352.75,351.64,350.94,351.52,350.95,300,352.52,351.86,350.97,350.99,351.95,350,650,366.69,-0.9426414910921775,355.69,351.07
351.32,0.3583679495453012,363.75,373.0,372.34,350.95,1050.0,350.87,355.69,352.79,350.82,351.38,351.15,352.97,351.83,350.94,351.42,350.98,300,352.75,351.68,350.96,350.99,351.74,350,650,366.87,-0.9335804264972014,356.45,351.09
351.47,0.38268343236508917,364.35,373.0,372.34,350.93,1050.0,350.88,356.45,353.39,350.82,351.31,351.23,353.17,352.05,350.94,351.34,351.0,300,352.97,351.55,350.94,350.99,351.6,350,650,366.98,-0.923879532511287,357.12,351.1
351.67,0.4067366430758022,364.75,373.0,372.34,350.92,1050.0,350.9,357.12,354.11,350.82,351.25,351.34,353.34,352.28,350.94,351.35,351.03,300,353.17,351.46,350.92,350.99,351.68,350,650,367.05,-0.9135454576426,357.67,351.12
351.94,0.43051109680829563,365.03,373.0,372.34,350.91,1050.0,350.93,357.67,354.89,350.82,351.21,351.47,353.48,352.52,350.94,351.48,351.05,300,353.34,351.38,350.93,350.99,351.96,350,650,367.09,-0.9025852843498604,358.12,351.13
352.3,0.4539904997395498,365.22,373.0,372.34,350.9,1050.0,350.95,358.12,355.69,350.82,351.17,351.63,353.6,352.75,350.94,351.64,351.07,300,353.48,351.32,350.95,350.99,352.32,350,650,367.12,-0.8910065241883663,358.47,351.13
352.75,0.4771587602596099,365.36,373.0,372.34,350.89,1050.0,350.98,358.47,356.45,350.82,351.14,351.81,353.69,352.97,350.94,351.83,351.09,300,353.6,351.27,350.98,350.99,352.79,350,650,367.14,-0.8788171126619646,358.74,351.14
353.35,0.5000000000000001,365.46,373.0,372.34,350.88,1050.0,351.0,358.74,357.12,350.82,351.11,352.03,353.76,353.17,350.94,352.05,351.1,300,353.69,351.23,351.0,350.99,353.39,350,650,367.16,-0.8660254037844386,358.95,351.15
354.06,0.5224985647159506,365.53,373.0,372.34,350.87,1050.0,351.03,358.95,357.67,350.82,351.08,352.26,353.82,353.34,350.94,352.28,351.12,300,353.76,351.19,351.03,350.99,354.11,350,650,367.17,-0.8526401643540912,359.11,351.15
352.94,0.5446390350150274,360.16,372.94,371.92,350.87,450.0,351.03,359.11,358.12,350.82,351.06,351.98,352.72,353.48,350.94,352.52,351.13,200,353.82,351.17,351.05,350.99,354.89,150,350,364.47,-0.8386705679454238,354.87,351.14
352.34,0.5664062369248347,356.35,372.94,371.92,350.86,450.0,351.01,354.87,358.47,350.82,351.05,351.73,352.15,353.6,350.94,352.75,351.13,200,352.72,351.14,351.07,350.99,355.69,150,350,362.18,-0.8241261886220144,353.29,351.09
352.0,0.5877852522924744,354.29,372.94,371.92,350.85,450.0,350.99,353.29,358.74,350.82,351.04,351.56,351.85,353.69,350.94,352.97,351.14,200,352.15,351.14,351.09,350.99,356.45,150,350,358.88,-0.8090169943749465,352.57,351.05
351.79,0.6087614290087199,353.21,372.94,371.92,350.86,450.0,350.97,352.57,358.95,350.82,351.07,351.45,351.65,353.76,350.93,353.17,351.15,200,351.85,351.2,351.1,350.98,357.12,150,350,356.05,-0.7933533402912357,352.16,351.01
351.63,0.629320391049839,352.61,372.94,371.92,350.87,450.0,350.95,352.16,359.11,350.82,351.13,351.36,351.51,353.82,350.94,353.34,351.15,200,351.65,351.3,351.12,350.99,357.67,150,350,354.34,-0.7771459614569697,351.89,350.98
351.52,0.6494480483301845,352.23,372.94,371.92,350.88,450.0,350.93,351.89,354.87,350.82,351.21,351.29,351.41,352.72,350.95,353.48,351.14,200,351.51,351.44,351.13,351.01,358.12,150,350,353.35,-0.7604059656000303,351.71,350.96
351.43,0.6691306063588605,351.98,372.94,371.91,350.9,450.0,350.92,351.71,353.29,350.83,351.31,351.24,351.33,352.15,350.99,353.6,351.09,200,351.41,351.63,351.13,351.07,358.47,150,350,352.76,-0.7431448254773922,351.58,350.94
351.36,0.688354575693755,351.8,372.94,371.9,350.92,450.0,350.91,351.58,352.57,350.84,351.44,351.19,351.27,351.85,351.05,353.69,351.05,200,351.33,351.88,351.14,351.17,358.74,150,350,352.38,-0.7253743710122866,351.47,350.93
351.39,0.7071067811865474,351.66,372.94,371.88,350.94,450.0,350.89,351.47,352.16,350.86,351.59,351.19,351.22,351.65,351.16,353.76,351.01,200,351.27,352.22,351.15,351.36,358.95,150,350,352.12,-0.7071067811865477,351.4,350.91
351.54,0.7253743710122894,351.56,372.93,371.85,350.97,450.0,350.9,351.4,351.89,350.89,351.78,351.27,351.18,351.51,351.34,353.82,350.98,200,351.22,352.65,351.15,351.71,359.11,150,350,351.92,-0.6883545756937521,351.33,350.9
351.77,0.7431448254773942,351.48,372.93,371.78,350.98,450.0,350.91,351.33,351.71,350.94,351.67,351.39,351.14,351.41,351.64,352.72,350.96,200,351.18,352.27,351.14,352.39,354.87,150,350,351.78,-0.6691306063588581,351.28,350.89
352.07,0.7604059656000328,351.41,372.91,371.66,350.97,450.0,350.94,351.28,351.58,350.95,351.52,351.53,351.11,351.33,351.44,352.15,350.94,200,351.14,351.95,351.09,351.74,353.29,150,350,351.66,-0.6494480483301814,351.24,350.88
351.91,0.7771459614569722,351.35,372.89,371.44,350.96,450.0,350.94,351.24,351.47,350.93,351.42,351.49,351.09,351.27,351.23,351.85,350.93,200,351.11,351.74,351.05,351.38,352.57,150,350,351.57,-0.6293203910498358,351.2,350.87
351.71,0.7933533402912349,351.31,372.84,371.08,350.94,450.0,350.94,351.2,351.4,350.91,351.34,351.4,351.07,351.22,351.12,351.65,350.91,200,351.09,351.6,351.01,351.22,352.16,150,350,351.5,-0.6087614290087209,351.17,350.87
351.58,0.8090169943749489,351.27,372.77,370.5,350.92,450.0,350.93,351.17,351.33,350.89,351.35,351.32,351.05,351.18,351.06,351.51,350.9,200,351.07,351.68,350.98,351.13,351.89,150,350,351.44,-0.5877852522924711,351.14,350.86
351.47,0.8241261886220161,351.23,372.65,369.63,350.93,450.0,350.92,351.14,351.28,350.87,351.48,351.26,351.03,351.14,351.01,351.41,350.89,200,351.05,351.96,350.96,351.08,351.71,150,350,351.39,-0.5664062369248322,351.12,350.86
351.53,0.8386705679454255,351.24,372.96,372.01,350.95,1050.0,350.9,351.12,351.24,350.85,351.64,351.27,351.02,351.11,350.99,351.33,350.88,300,351.03,352.32,350.94,351.05,351.58,350,650,351.43,-0.5446390350150248,351.12,350.85
351.74,0.8526401643540928,351.35,372.99,372.27,350.98,1050.0,350.91,351.12,351.2,350.84,351.83,351.37,351.06,351.09,350.97,351.27,350.87,300,351.02,352.79,350.93,351.03,351.47,350,650,351.62,-0.5224985647159479,351.17,350.85
352.04,0.8660254037844384,351.5,372.99,372.32,351.0,1050.0,350.93,351.17,351.17,350.84,352.05,351.51,351.11,351.07,350.96,351.22,350.87,300,351.06,353.39,350.91,351.01,351.4,350,650,351.94,-0.5000000000000004,351.26,350.86
352.42,0.878817112661966,351.74,373.0,372.33,351.03,1050.0,350.96,351.26,351.14,350.83,352.28,351.68,351.18,351.05,350.94,351.18,350.86,300,351.11,354.11,350.9,351.0,351.33,350,650,352.45,-0.4771587602596072,351.39,350.88
352.14,0.8910065241883681,351.7,372.94,371.9,351.05,450.0,350.97,351.39,351.12,350.82,352.52,351.61,351.2,351.03,350.94,351.14,350.86,200,351.18,354.89,350.89,351.0,351.28,150,350,352.24,-0.4539904997395462,351.39,350.88
351.86,0.9025852843498621,351.58,372.94,371.87,351.07,450.0,350.96,351.39,351.12,350.82,352.75,351.48,351.17,351.02,350.96,351.11,350.85,200,351.2,355.69,350.88,351.02,351.24,150,350,351.99,-0.430511096808292,351.34,350.88
351.68,0.9135454576426013,351.5,372.93,371.82,351.09,450.0,350.95,351.34,351.17,350.83,352.97,351.38,351.14,351.06,350.99,351.09,350.85,200,351.17,356.45,350.87,351.08,351.2,150,350,351.83,-0.4067366430757993,351.29,350.88
351.55,0.9238795325112868,351.42,372.92,371.72,351.1,450.0,350.93,351.29,351.26,350.84,353.17,351.31,351.12,351.11,351.0,351.07,350.86,200,351.14,357.12,350.87,351.09,351.17,150,350,351.7,-0.38268343236508956,351.24,350.88
351.46,0.9335804264972025,351.37,372.9,371.54,351.12,450.0,350.92,351.24,351.39,350.84,353.34,351.25,351.09,351.18,350.99,351.05,350.88,200,351.12,357.67,350.86,351.06,351.14,150,350,351.6,-0.35836794954529827,351.21,350.87
351.38,0.9426414910921785,351.32,372.86,371.23,351.13,450.0,350.91,351.21,351.39,350.84,353.48,351.21,351.07,351.2,350.97,351.03,350.88,200,351.09,358.12,350.86,351.03,351.12,150,350,351.52,-0.33380685923377046,351.18,350.87
351.32,0.9510565162951543,351.28,372.8,370.73,351.13,450.0,350.9,351.18,351.34,350.83,353.6,351.17,351.05,351.17,350.96,351.02,350.88,200,351.07,358.47,350.85,351.01,351.12,150,350,351.46,-0.3090169943749451,351.15,350.86
351.27,0.9588197348681935,351.24,372.7,369.97,351.14,450.0,350.89,351.15,351.29,350.83,353.69,351.14,351.04,351.14,350.95,351.06,350.88,200,351.05,358.74,350.85,351.0,351.17,150,350,351.41,-0.284015344703921,351.13,350.86
351.23,0.9659258262890681,351.22,372.54,368.89,351.15,450.0,350.88,351.13,351.24,350.83,353.76,351.11,351.02,351.12,350.95,351.11,350.88,200,351.04,358.95,350.86,351.0,351.26,150,350,351.36,-0.25881904510252157,351.11,350.85
351.19,0.9723699203976771,351.19,372.31,367.48,351.15,450.0,350.87,351.11,351.21,350.83,353.82,351.08,351.01,351.09,350.94,351.18,350.87,200,351.02,359.11,350.88,351.0,351.39,150,350,351.32,-0.23344536385590348,351.09,350.85
351.17,0.9781476007338059,351.17,371.98,365.79,351.14,450.0,350.87,351.09,351.18,350.82,352.72,351.06,351.0,351.07,350.94,351.2,350.87,200,351.01,354.87,350.88,350.99,351.39,150,350,351.29,-0.20791169081775812,351.07,350.85
351.14,0.983254907563955,351.15,371.54,363.95,351.09,450.0,350.86,351.07,351.15,350.82,352.15,351.05,350.99,351.05,350.94,351.17,350.86,200,351.0,353.29,350.88,350.99,351.34,150,350,351.27,-0.18223552549214522,351.06,350.84
351.14,0.987688340595138,351.15,372.75,370.25,351.05,1050.0,350.85,351.06,351.13,350.82,351.85,351.04,350.98,351.04,350.94,351.14,350.86,300,350.99,352.57,350.88,350.99,351.29,350,650,351.28,-0.15643446504022934,351.05,350.84
351.2,0.9914448613738104,351.21,372.94,371.87,351.01,1050.0,350.86,351.05,351.11,350.82,351.65,351.07,351.0,351.02,350.94,351.12,350.85,300,350.98,352.16,350.88,350.99,351.24,350,650,351.38,-0.13052619222005168,351.09,350.84
351.3,0.9945218953682735,351.31,372.98,372.24,350.98,1050.0,350.87,351.09,351.09,350.82,351.51,351.13,351.04,351.01,350.94,351.09,350.85,300,351.0,351.89,350.87,350.99,351.21,350,650,351.56,-0.10452846326765165,351.15,350.85
351.44,0.996917333733128,351.45,372.99,372.32,350.96,1050.0,350.88,351.15,351.07,350.82,351.41,351.21,351.09,351.0,350.93,351.07,350.85,300,351.04,351.71,350.87,350.98,351.18,350,650,351.83,-0.07845909572784475,351.23,350.86
351.63,0.998629534754574,351.45,372.93,371.82,350.94,450.0,350.9,351.23,351.06,350.82,351.33,351.31,351.11,350.99,350.94,351.05,350.84,200,351.09,351.58,350.86,350.99,351.15,150,350,351.78,-0.05233595624294082,351.25,350.86
351.88,0.9996573249755573,351.4,372.92,371.7,350.93,450.0,350.92,351.25,351.05,350.82,351.27,351.44,351.09,350.98,350.95,351.04,350.84,200,351.11,351.47,350.86,351.01,351.13,150,350,351.67,-0.026176948307872656,351.22,350.86
352.22,1.0,351.35,372.89,371.5,350.91,450.0,350.94,351.22,351.09,350.83,351.22,351.59,351.08,351.0,350.99,351.02,350.84,200,351.09,351.4,350.85,351.07,351.11,150,350,351.58,0.0,351.19,350.86
352.65,0.9996573249755573,351.3,372.85,371.15,350.9,450.0,350.97,351.19,351.15,350.84,351.18,351.78,351.06,351.04,351.05,351.01,350.85,200,351.08,351.33,350.85,351.17,351.09,150,350,351.5,0.026176948307875383,351.17,350.86
352.27,0.9986295347545738,351.27,372.78,370.59,350.89,450.0,350.98,351.17,351.23,350.86,351.14,351.67,351.05,351.09,351.16,351.0,350.86,200,351.06,351.28,350.85,351.36,351.07,150,350,351.44,0.05233595624294457,351.14,350.86
351.95,0.9969173337331277,351.23,372.67,369.75,350.88,450.0,350.97,351.14,351.25,350.89,351.11,351.52,351.03,351.11,351.34,350.99,350.86,200,351.05,351.24,350.84,351.71,351.06,150,350,351.39,0.07845909572784791,351.12,350.86
351.74,0.9945218953682732,351.21,372.5,368.58,350.87,450.0,350.96,351.12,351.22,350.94,351.09,351.42,351.02,351.09,351.65,350.98,350.86,200,351.03,351.2,350.84,352.4,351.05,150,350,351.35,0.10452846326765494,351.1,350.85
351.6,0.9914448613738104,351.18,372.24,367.08,350.87,450.0,350.94,351.1,351.19,350.99,351.07,351.34,351.01,351.08,352.17,351.0,350.86,200,351.02,351.17,350.84,353.91,351.09,150,350,351.32,0.13052619222005157,351.08,350.85
351.68,0.9876883405951373,351.16,371.88,365.33,350.86,450.0,350.92,351.08,351.17,351.06,351.05,351.35,351.0,351.06,353.03,351.04,350.86,200,351.01,351.14,350.85,356.97,351.15,150,350,351.28,0.1564344650402331,351.07,350.84
351.96,0.9832549075639545,351.14,371.4,363.47,350.86,450.0,350.93,351.07,351.14,351.13,351.03,351.48,350.99,351.05,354.34,351.09,350.86,200,351.0,351.12,350.86,360.87,351.23,150,350,351.26,0.18223552549214816,351.06,350.84
352.32,0.978147600733805,351.13,370.8,361.69,350.85,450.0,350.95,351.06,351.12,351.2,351.02,351.64,350.98,351.03,355.94,351.11,350.86,200,350.99,351.12,350.86,363.65,351.25,150,350,351.24,0.20791169081776223,351.05,350.84
352.79,0.9723699203976762,351.12,370.07,360.11,350.85,450.0,350.98,351.05,351.1,351.17,351.06,351.83,350.97,351.02,352.21,351.09,350.85,200,350.98,351.17,350.86,352.9,351.22,150,350,351.22,0.23344536385590683,351.04,350.84
353.39,0.9659258262890683,351.11,369.26,358.81,350.86,450.0,351.0,351.04,351.08,351.07,351.11,352.05,350.97,351.01,351.53,351.08,350.85,200,350.97,351.26,350.86,351.76,351.19,150,350,351.2,0.25881904510252074,351.03,350.83
354.11,0.9588197348681924,351.1,368.41,357.79,350.88,450.0,351.03,351.03,351.07,351.0,351.18,352.28,350.96,351.0,351.29,351.06,350.84,200,350.97,351.39,350.86,351.41,351.17,150,350,351.19,0.28401534470392475,351.02,350.83
354.89,0.9510565162951533,351.09,367.55,357.02,350.88,450.0,351.05,351.02,351.06,350.94,351.2,352.52,350.96,350.99,351.16,351.05,350.84,200,350.96,351.39,350.86,351.25,351.14,150,350,351.18,0.3090169943749481,351.02,350.83
355.69,0.9426414910921774,351.08,366.75,356.45,350.88,450.0,351.07,351.02,351.05,350.87,351.17,352.75,350.95,350.98,351.02,351.03,350.84,200,350.96,351.34,350.86,351.08,351.12,150,350,351.17,0.33380685923377373,351.01,350.83
356.45,0.9335804264972012,351.08,371.13,362.44,350.88,1050.0,351.09,351.01,351.04,350.85,351.14,352.97,350.95,350.97,350.99,351.02,350.84,300,350.95,351.29,350.85,351.06,351.1,350,650,351.18,0.3583679495453016,351.01,350.83
357.12,0.9238795325112867,351.11,372.51,368.58,350.88,1050.0,351.1,351.01,351.03,350.84,351.12,353.17,350.96,350.97,351.01,351.01,350.83,300,350.95,351.24,350.85,351.11,351.08,350,650,351.23,0.3826834323650898,351.03,350.83
357.67,0.9135454576426,351.17,372.89,371.35,350.87,1050.0,351.12,351.03,351.02,350.85,351.09,353.34,350.98,350.96,351.09,351.0,350.83,300,350.96,351.21,350.84,351.23,351.07,350,650,351.32,0.4067366430758022,351.06,350.83
358.12,0.9025852843498603,351.25,372.97,372.12,350.87,1050.0,351.13,351.06,351.02,350.86,351.07,353.48,351.02,350.96,351.09,350.99,350.83,300,350.98,351.18,350.84,351.22,351.06,350,650,351.46,0.4305110968082958,351.11,350.84
358.47,0.8910065241883666,351.27,372.86,371.21,350.86,450.0,351.13,351.11,351.01,350.86,351.05,353.6,351.03,350.95,351.05,350.98,350.83,200,351.02,351.15,350.84,351.14,351.05,150,350,351.47,0.4539904997395494,351.13,350.84
358.74,0.8788171126619647,351.25,372.78,370.59,350.86,450.0,351.14,351.13,351.01,350.85,351.04,353.69,351.03,350.95,351.01,350.97,350.83,200,351.03,351.13,350.84,351.08,351.04,150,350,351.42,0.4771587602596097,351.12,350.85
358.95,0.8660254037844387,351.22,372.66,369.69,350.85,450.0,351.15,351.12,351.03,350.85,351.02,353.76,351.02,350.96,350.98,350.97,350.83,200,351.03,351.11,350.83,351.04,351.03,150,350,351.38,0.49999999999999994,351.11,350.85
359.11,0.8526401643540911,351.2,372.47,368.44,350.85,450.0,351.15,351.11,351.06,350.84,351.01,353.82,351.01,350.98,350.97,350.96,350.83,200,351.02,351.09,350.83,351.02,351.02,150,350,351.34,0.5224985647159507,351.09,350.85
354.87,0.8386705679454236,351.21,372.93,371.75,350.85,1050.0,351.14,351.09,351.11,350.84,351.0,352.72,351.01,351.02,350.96,350.96,350.84,300,351.01,351.07,350.83,351.01,351.02,350,650,351.37,0.5446390350150276,351.09,350.84
353.29,0.824126188622014,351.29,372.98,372.21,350.84,1050.0,351.09,351.09,351.13,350.83,350.99,352.15,351.04,351.03,350.95,350.95,350.84,300,351.01,351.06,350.83,351.0,351.01,350,650,351.53,0.5664062369248353,351.14,350.85
352.57,0.8090169943749466,351.43,372.99,372.31,350.84,1050.0,351.05,351.14,351.12,350.83,350.98,351.85,351.09,351.03,350.95,350.95,350.85,300,351.04,351.05,350.83,351.0,351.01,350,650,351.79,0.5877852522924742,351.22,350.86
352.16,0.7933533402912352,351.63,373.0,372.33,350.84,1050.0,351.01,351.22,351.11,350.83,351.0,351.65,351.15,351.02,350.94,350.96,350.85,300,351.09,351.09,350.83,351.0,351.03,350,650,352.21,0.6087614290087207,351.33,350.87
351.89,0.7771459614569696,351.93,373.0,372.34,350.85,1050.0,350.98,351.33,351.09,350.82,351.04,351.51,351.24,351.01,350.94,350.98,350.85,300,351.15,351.15,350.83,350.99,351.06,350,650,352.92,0.6293203910498392,351.48,350.89
351.71,0.7604059656000305,352.37,373.0,372.34,350.86,1050.0,350.96,351.48,351.09,350.82,351.09,351.41,351.34,351.01,350.94,351.02,350.84,300,351.24,351.23,350.84,350.99,351.11,350,650,354.24,0.6494480483301842,351.69,350.91
351.58,0.7431448254773922,353.06,373.0,372.34,350.86,1050.0,350.94,351.69,351.14,350.82,351.11,351.33,351.48,351.04,350.94,351.03,350.85,300,351.34,351.25,350.84,350.99,351.13,350,650,356.58,0.6691306063588603,351.96,350.93
351.47,0.7253743710122866,354.14,373.0,372.34,350.86,1050.0,350.93,351.96,351.22,350.82,351.09,351.27,351.64,351.09,350.93,351.03,350.86,300,351.48,351.22,350.85,350.99,351.12,350,650,359.87,0.688354575693755,352.32,350.95
351.4,0.7071067811865476,355.71,373.0,372.34,350.86,1050.0,350.91,352.32,351.33,350.82,351.08,351.22,351.83,351.15,350.94,351.02,350.87,300,351.64,351.19,350.85,350.99,351.11,350,650,362.87,0.7071067811865475,352.79,350.98
351.33,0.6883545756937524,357.75,373.0,372.34,350.86,1050.0,350.9,352.79,351.48,350.82,351.06,351.18,352.05,351.24,350.95,351.01,350.89,300,351.83,351.17,350.85,351.01,351.09,350,650,364.79,0.7253743710122892,353.39,351.0
351.28,0.6691306063588577,359.82,373.0,372.34,350.86,1050.0,350.89,353.39,351.69,350.83,351.05,351.14,352.28,351.34,350.99,351.01,350.91,300,352.05,351.14,350.84,351.07,351.09,350,650,365.81,0.7431448254773947,354.1,351.03
351.24,0.6494480483301814,361.56,373.0,372.34,350.86,1050.0,350.88,354.1,351.96,350.83,351.03,351.11,352.51,351.48,351.0,351.04,350.93,300,352.28,351.12,350.85,351.08,351.14,350,650,366.37,0.7604059656000328,354.88,351.05
351.2,0.6293203910498363,362.85,373.0,372.34,350.85,1050.0,350.87,354.88,352.32,350.84,351.02,351.09,352.75,351.64,350.98,351.09,350.95,300,352.51,351.1,350.86,351.05,351.22,350,650,366.69,0.7771459614569718,355.68,351.07
351.17,0.6087614290087207,363.74,373.0,372.34,350.85,1050.0,350.87,355.68,352.79,350.84,351.01,351.07,352.97,351.83,350.97,351.15,350.98,300,352.75,351.08,350.87,351.03,351.33,350,650,366.87,0.7933533402912352,356.44,351.09
351.14,0.5877852522924714,364.34,373.0,372.34,350.84,1050.0,350.86,356.44,353.39,350.83,351.0,351.05,353.17,352.05,350.96,351.24,351.0,300,352.97,351.07,350.89,351.01,351.48,350,650,366.98,0.8090169943749487,357.11,351.1
351.12,0.5664062369248323,364.75,373.0,372.34,350.84,1050.0,350.86,357.11,354.1,350.83,350.99,351.03,353.34,352.28,350.94,351.34,351.03,300,353.17,351.06,350.91,350.99,351.69,350,650,367.05,0.824126188622016,357.67,351.12
351.12,0.5446390350150246,365.03,373.0,372.34,350.84,1050.0,350.85,357.67,354.88,350.82,350.98,351.02,353.48,352.51,350.94,351.48,351.05,300,353.34,351.05,350.93,351.0,351.96,350,650,367.09,0.8386705679454256,358.12,351.13
351.17,0.5224985647159476,365.22,373.0,372.34,350.84,1050.0,350.85,358.12,355.68,350.82,350.97,351.06,353.6,352.75,350.96,351.64,351.07,300,353.48,351.04,350.95,351.02,352.32,350,650,367.12,0.8526401643540931,358.47,351.13
351.26,0.5000000000000001,365.36,373.0,372.34,350.83,1050.0,350.86,358.47,356.44,350.83,350.97,351.11,353.69,352.97,350.99,351.83,351.09,300,353.6,351.03,350.98,351.08,352.79,350,650,367.14,0.8660254037844386,358.74,351.14
351.39,0.47715876025960646,365.46,373.0,372.34,350.83,1050.0,350.88,358.74,357.11,350.85,350.96,351.18,353.76,353.17,351.06,352.05,351.1,300,353.69,351.02,351.0,351.2,353.39,350,650,367.16,0.8788171126619665,358.95,351.15
351.39,0.45399049973954625,360.04,372.94,371.92,350.83,450.0,350.88,358.95,357.67,350.87,350.96,351.2,352.7,353.34,351.18,352.28,351.12,200,353.76,351.02,351.03,351.4,354.1,150,350,364.43,0.8910065241883681,354.81,351.13
351.34,0.43051109680829247,356.27,372.94,371.92,350.83,450.0,350.88,354.81,358.12,350.9,350.95,351.17,352.14,353.48,351.38,352.51,351.13,200,352.7,351.01,351.05,351.79,354.88,150,350,362.09,0.9025852843498618,353.26,351.09
351.29,0.406736643075799,354.24,372.94,371.92,350.83,450.0,350.88,353.26,358.47,350.94,350.95,351.14,351.84,353.6,351.71,352.75,351.13,200,352.14,351.01,351.07,352.57,355.68,150,350,358.78,0.9135454576426014,352.55,351.05
351.24,0.38268343236508984,353.18,372.94,371.92,350.83,450.0,350.88,352.55,358.74,350.96,350.96,351.12,351.64,353.69,351.47,352.97,351.14,200,351.84,351.03,351.09,351.79,356.44,150,350,355.98,0.9238795325112867,352.14,351.01
351.21,0.3583679495452983,354.41,373.0,372.34,350.83,1050.0,350.87,352.14,358.95,350.94,350.98,351.09,351.69,353.76,351.25,353.17,351.15,300,351.64,351.06,351.1,351.39,357.11,350,650,360.52,0.9335804264972025,352.42,350.97
351.18,0.3338068592337703,356.25,373.0,372.34,350.84,1050.0,350.87,352.42,354.81,350.91,351.02,351.07,351.89,352.7,351.13,353.34,351.13,300,351.69,351.11,351.12,351.23,357.67,350,650,363.53,0.9426414910921787,352.94,350.99
351.15,0.30901699437494473,358.39,373.0,372.34,350.84,1050.0,350.86,352.94,353.26,350.89,351.03,351.05,352.12,352.14,351.06,353.48,351.09,300,351.89,351.13,351.13,351.13,358.12,350,650,365.17,0.9510565162951544,353.6,351.01
351.13,0.28401534470392126,360.39,373.0,372.34,350.85,1050.0,350.86,353.6,352.55,350.87,351.03,351.04,352.35,351.84,351.02,353.6,351.05,300,352.12,351.12,351.13,351.08,358.47,350,650,366.02,0.9588197348681935,354.33,351.04
351.11,0.25881904510252074,362.0,373.0,372.34,350.85,1050.0,350.85,354.33,352.14,350.91,351.02,351.02,352.59,351.64,351.13,353.69,351.01,300,352.35,351.11,351.14,351.22,358.74,350,650,366.49,0.9659258262890683,355.12,351.06
351.09,0.2334453638559033,363.16,373.0,372.34,350.85,1050.0,350.85,355.12,352.42,350.89,351.01,351.01,352.82,351.69,351.06,353.76,350.97,300,352.59,351.09,351.15,351.14,358.95,350,650,366.75,0.9723699203976771,355.92,351.08
351.07,0.2079116908177586,363.95,373.0,372.34,350.84,1050.0,350.85,355.92,352.94,350.87,351.01,351.0,353.03,351.89,351.03,352.7,350.99,300,352.82,351.09,351.13,351.1,354.81,350,650,366.91,0.9781476007338058,356.66,351.09
351.06,0.1822355254921444,364.48,373.0,372.34,350.85,1050.0,350.84,356.66,353.6,350.86,351.04,350.99,353.22,352.12,351.01,352.14,351.01,300,353.03,351.14,351.09,351.07,353.26,350,650,367.0,0.9832549075639552,357.29,351.11
351.05,0.1564344650402294,364.84,373.0,372.34,350.86,1050.0,350.84,357.29,354.33,350.85,351.09,350.98,353.39,352.35,350.99,351.84,351.04,300,353.22,351.22,351.05,351.05,352.55,350,650,367.06,0.987688340595138,357.82,351.12
351.09,0.1305261922200517,365.09,373.0,372.34,350.87,1050.0,350.84,357.82,355.12,350.84,351.15,351.0,353.52,352.59,350.98,351.64,351.06,300,353.39,351.33,351.01,351.04,352.14,350,650,367.1,0.9914448613738104,358.23,351.13
351.15,0.10452846326765125,365.27,373.0,372.34,350.89,1050.0,350.85,358.23,355.92,350.84,351.24,351.04,353.63,352.82,350.97,351.69,351.08,300,353.52,351.48,350.97,351.03,352.42,350,650,367.13,0.9945218953682736,358.56,351.14
351.23,0.07845909572784433,365.39,373.0,372.34,350.91,1050.0,350.86,358.56,356.66,350.83,351.34,351.09,353.71,353.03,350.96,351.89,351.09,300,353.63,351.69,350.99,351.02,352.94,350,650,367.15,0.9969173337331281,358.81,351.14
351.25,0.052335956242940865,365.48,373.0,372.34,350.93,1050.0,350.86,358.81,357.29,350.83,351.48,351.11,353.78,353.22,350.96,352.12,351.11,300,353.71,351.96,351.01,351.01,353.6,350,650,367.16,0.998629534754574,359.0,351.15
351.22,0.026176948307871584,365.55,373.0,372.34,350.95,1050.0,350.86,359.0,357.82,350.83,351.64,351.09,353.83,353.39,350.95,352.35,351.12,300,353.78,352.32,351.04,351.01,354.33,350,650,367.17,0.9996573249755574,359.14,351.15
351.19,6.123233995736766e-17,365.59,373.0,372.34,350.98,1050.0,350.86,359.14,358.23,350.83,351.83,351.08,353.87,353.52,350.95,352.59,351.13,300,353.83,352.79,351.06,351.01,355.12,350,650,367.18,1.0,359.26,351.15
351.17,-0.026176948307875238,365.63,373.0,372.34,351.0,1050.0,350.86,359.26,358.56,350.83,352.05,351.06,353.9,353.63,350.95,352.82,351.14,300,353.87,353.39,351.08,351.0,355.92,350,650,367.18,0.9996573249755573,359.34,351.15
351.14,-0.05233595624294473,365.66,373.0,372.34,351.03,1050.0,350.86,359.34,358.81,350.83,352.28,351.05,353.93,353.71,350.95,353.03,351.14,300,353.9,354.1,351.09,351.0,356.66,350,650,367.19,0.9986295347545738,359.4,351.16
351.12,-0.07845909572784798,365.68,373.0,372.34,351.05,1050.0,350.86,359.4,359.0,350.82,352.51,351.03,353.94,353.78,350.94,353.22,351.15,300,353.93,354.88,351.11,351.0,357.29,350,650,367.19,0.9969173337331277,359.45,351.16
351.1,-0.10452846326765487,365.69,373.0,372.34,351.07,1050.0,350.85,359.45,359.14,350.82,352.75,351.02,353.96,353.83,350.94,353.39,351.15,300,353.94,355.68,351.12,351.0,357.82,350,650,367.19,0.9945218953682732,359.48,351.16
351.08,-0.1305261922200516,365.7,373.0,372.34,351.09,1050.0,350.85,359.48,359.26,350.82,352.97,351.01,353.97,353.87,350.94,353.52,351.15,300,353.96,356.44,351.13,351.0,358.23,350,650,367.19,0.9914448613738104,359.51,351.16
351.07,-0.15643446504023323,365.71,373.0,372.34,351.1,1050.0,350.84,359.51,359.34,350.82,353.17,351.0,353.97,353.9,350.94,353.63,351.15,300,353.97,357.11,351.14,350.99,358.56,350,650,367.2,0.9876883405951373,359.53,351.16
351.06,-0.1822355254921482,365.72,373.0,372.34,351.12,1050.0,350.84,359.53,359.4,350.82,353.34,350.99,353.98,353.93,350.94,353.71,351.16,300,353.97,357.67,351.14,350.99,358.81,350,650,367.2,0.9832549075639544,359.55,351.16
351.05,-0.20791169081776217,365.72,373.0,372.34,351.13,1050.0,350.84,359.55,359.45,350.82,353.48,350.98,353.98,353.94,350.94,353.78,351.16,300,353.98,358.12,351.15,350.99,359.0,350,650,367.2,0.978147600733805,359.56,351.16
351.04,-0.23344536385590686,365.72,373.0,372.34,351.13,1050.0,350.84,359.56,359.48,350.82,353.6,350.97,353.99,353.96,350.94,353.83,351.16,300,353.98,358.47,351.15,350.99,359.14,350,650,367.2,0.9723699203976762,359.57,351.16
351.03,-0.25881904510252063,360.48,372.94,371.92,351.14,450.0,350.83,359.57,359.51,350.82,353.69,350.97,352.78,353.97,350.94,353.87,351.16,200,353.99,358.74,351.15,350.99,359.26,150,350,364.58,0.9659258262890683,355.06,351.14
351.02,-0.28401534470392475,356.6,372.94,371.92,351.15,450.0,350.83,355.06,359.53,350.82,353.76,350.96,352.19,353.97,350.94,353.9,351.16,200,352.78,358.95,351.15,350.99,359.34,150,350,362.42,0.9588197348681924,353.38,351.1
351.02,-0.3090169943749482,354.41,372.94,371.92,351.13,450.0,350.83,353.38,359.55,350.82,352.7,350.96,351.87,353.98,350.94,353.93,351.16,200,352.19,354.81,351.16,350.99,359.4,150,350,359.17,0.9510565162951533,352.61,351.05
351.01,-0.33380685923377373,353.28,372.94,371.92,351.09,450.0,350.83,352.61,359.56,350.82,352.14,350.95,351.66,353.98,350.94,353.94,351.16,200,351.87,353.26,351.16,350.99,359.45,150,350,356.26,0.9426414910921774,352.18,351.02
351.01,-0.3583679495453015,354.59,373.0,372.34,351.05,1050.0,350.83,352.18,359.57,350.82,351.84,350.95,351.71,353.99,350.94,353.96,351.16,300,351.66,352.55,351.16,350.99,359.48,350,650,360.92,0.9335804264972013,352.47,350.98
351.03,-0.3826834323650895,356.51,373.0,372.34,351.01,1050.0,350.83,352.47,355.06,350.82,351.64,350.96,351.92,352.78,350.94,353.97,351.14,300,351.71,352.14,351.16,350.99,359.51,350,650,363.8,0.9238795325112868,353.02,350.99
351.06,-0.4067366430758023,358.66,373.0,372.34,350.97,1050.0,350.83,353.02,353.38,350.82,351.69,350.98,352.15,352.19,350.94,353.97,351.1,300,351.92,352.42,351.16,350.99,359.53,350,650,365.31,0.9135454576426,353.69,351.01
351.11,-0.43051109680829575,360.62,373.0,372.34,350.99,1050.0,350.84,353.69,352.61,350.82,351.89,351.02,352.38,351.87,350.94,353.98,351.05,300,352.15,352.94,351.16,350.99,359.55,350,650,366.09,0.9025852843498603,354.43,351.04
351.13,-0.45399049973954947,355.89,372.94,371.92,351.01,450.0,350.84,354.43,352.18,350.82,352.12,351.03,352.05,351.66,350.94,353.98,351.02,200,352.38,353.6,351.16,350.99,359.56,150,350,361.68,0.8910065241883665,353.11,351.04
351.12,-0.4771587602596096,353.94,372.94,371.92,351.04,450.0,350.85,353.11,352.47,350.82,352.35,351.03,351.77,351.71,350.94,353.99,350.98,200,352.05,354.33,351.16,350.99,359.57,150,350,358.06,0.8788171126619647,352.43,351.02
351.11,-0.4999999999999998,352.99,372.94,371.92,351.06,450.0,350.85,352.43,353.02,350.82,352.59,351.02,351.59,351.92,350.94,352.78,350.99,200,351.77,355.12,351.14,350.99,355.06,150,350,355.44,0.8660254037844387,352.06,351.0
351.09,-0.5224985647159507,352.47,372.94,371.92,351.08,450.0,350.85,352.06,353.69,350.82,352.82,351.01,351.47,352.15,350.94,352.19,351.01,200,351.59,355.92,351.1,350.99,353.38,150,350,353.97,0.8526401643540911,351.82,350.97
351.09,-0.5446390350150279,352.14,372.94,371.91,351.09,450.0,350.84,351.82,354.43,350.82,353.03,351.01,351.38,352.38,350.94,351.87,351.04,200,351.47,356.66,351.05,350.99,352.61,150,350,353.13,0.8386705679454235,351.66,350.95
351.14,-0.5664062369248352,351.91,372.94,371.91,351.11,450.0,350.85,351.66,353.11,350.82,353.22,351.04,351.3,352.05,350.95,351.66,351.04,200,351.38,357.29,351.02,351.01,352.18,150,350,352.62,0.824126188622014,351.54,350.93
351.22,-0.5877852522924741,351.75,372.94,371.9,351.12,450.0,350.86,351.54,352.43,350.83,353.39,351.09,351.25,351.77,350.96,351.71,351.02,200,351.3,357.82,350.98,351.03,352.47,150,350,352.28,0.8090169943749467,351.45,350.92
351.33,-0.6087614290087207,351.62,372.94,371.88,351.13,450.0,350.87,351.45,352.06,350.83,353.52,351.15,351.2,351.59,350.99,351.92,351.0,200,351.25,358.23,350.99,351.07,353.02,150,350,352.04,0.7933533402912352,351.37,350.91
351.48,-0.6293203910498394,351.74,373.0,372.33,351.14,1050.0,350.89,351.37,351.82,350.84,353.63,351.24,351.2,351.47,351.0,352.15,350.97,300,351.2,358.56,351.01,351.08,353.69,350,650,352.44,0.7771459614569693,351.4,350.89
351.69,-0.6494480483301842,352.1,373.0,372.34,351.14,1050.0,350.91,351.4,351.66,350.84,353.71,351.34,351.28,351.38,351.0,352.38,350.95,300,351.2,358.81,351.04,351.08,354.43,350,650,353.39,0.7604059656000304,351.57,350.9
351.96,-0.6691306063588602,352.64,373.0,372.34,351.15,1050.0,350.93,351.57,351.54,350.84,353.78,351.48,351.4,351.3,351.0,352.05,350.93,300,351.28,359.0,351.04,351.07,353.11,350,650,355.12,0.7431448254773925,351.8,350.92
352.32,-0.6883545756937551,353.49,373.0,372.34,351.15,1050.0,350.95,351.8,351.45,350.84,353.83,351.64,351.55,351.25,350.99,351.77,350.92,300,351.4,359.14,351.02,351.06,352.43,350,650,358.0,0.7253743710122866,352.11,350.94
352.79,-0.7071067811865475,352.78,372.94,371.92,351.15,450.0,350.98,352.11,351.37,350.84,353.87,351.83,351.5,351.2,350.98,351.59,350.91,200,351.55,359.26,351.0,351.05,352.06,150,350,354.91,0.7071067811865476,351.94,350.95
353.39,-0.7253743710122892,352.31,372.94,371.92,351.15,450.0,351.0,351.94,351.4,350.84,353.9,352.05,351.41,351.2,350.98,351.47,350.89,200,351.5,359.34,350.97,351.04,351.82,150,350,353.57,0.6883545756937524,351.73,350.94
354.1,-0.7431448254773947,352.02,372.94,371.91,351.16,450.0,351.03,351.73,351.57,350.83,353.93,352.28,351.33,351.28,350.97,351.38,350.9,200,351.41,359.4,350.95,351.03,351.66,150,350,352.86,0.6691306063588577,351.59,350.93
354.88,-0.7604059656000329,351.82,372.94,371.9,351.16,450.0,351.05,351.59,351.8,350.83,353.94,352.51,351.27,351.4,350.97,351.3,350.92,200,351.33,359.45,350.93,351.03,351.54,150,350,352.44,0.6494480483301813,351.48,350.92
355.68,-0.7771459614569718,351.68,372.94,371.89,351.16,450.0,351.07,351.48,352.11,350.83,353.96,352.75,351.22,351.55,350.96,351.25,350.94,200,351.27,359.48,350.92,351.02,351.45,150,350,352.15,0.6293203910498364,351.4,350.91
356.44,-0.793353340291235,351.57,372.93,371.86,351.16,450.0,351.09,351.4,351.94,350.83,353.97,352.97,351.18,351.5,350.97,351.2,350.95,200,351.22,359.51,350.91,351.05,351.37,150,350,351.95,0.6087614290087209,351.34,350.9
357.11,-0.8090169943749487,351.49,372.93,371.79,351.16,450.0,351.1,351.34,351.73,350.84,353.97,353.17,351.15,351.41,351.0,351.2,350.94,200,351.18,359.53,350.89,351.09,351.4,150,350,351.8,0.5877852522924714,351.29,350.89
357.67,-0.8241261886220159,351.42,372.91,371.68,351.16,450.0,351.12,351.29,351.59,350.84,353.98,353.34,351.12,351.33,351.04,351.28,350.93,200,351.15,359.55,350.9,351.15,351.57,150,350,351.68,0.5664062369248324,351.24,350.88
358.12,-0.8386705679454256,351.36,372.89,371.48,351.16,450.0,351.13,351.24,351.48,350.85,353.98,353.48,351.09,351.27,351.05,351.4,350.92,200,351.12,359.56,350.92,351.17,351.8,150,350,351.59,0.5446390350150246,351.2,350.88
358.47,-0.8526401643540931,351.31,372.85,371.14,351.16,450.0,351.13,351.2,351.4,350.85,353.99,353.6,351.07,351.22,351.05,351.55,350.91,200,351.09,359.57,350.94,351.15,352.11,150,350,351.51,0.5224985647159475,351.17,350.87
358.74,-0.8660254037844387,351.27,372.78,370.6,351.14,450.0,351.14,351.17,351.34,350.85,352.78,353.69,351.05,351.18,351.04,351.5,350.9,200,351.07,355.06,350.95,351.14,351.94,150,350,351.45,0.49999999999999994,351.15,350.86
358.95,-0.8788171126619663,351.24,372.67,369.77,351.1,450.0,351.15,351.15,351.29,350.85,352.19,353.76,351.04,351.15,351.03,351.41,350.89,200,351.05,353.38,350.94,351.12,351.73,150,350,351.4,0.4771587602596067,351.12,350.86
354.81,-0.8910065241883682,351.21,372.5,368.63,351.05,450.0,351.13,351.12,351.24,350.85,351.87,352.7,351.02,351.12,351.02,351.33,350.88,200,351.04,352.61,350.93,351.1,351.59,150,350,351.35,0.4539904997395461,351.1,350.85
353.26,-0.9025852843498617,351.19,372.25,367.15,351.02,450.0,351.09,351.1,351.2,350.85,351.66,352.14,351.01,351.09,351.01,351.27,350.88,200,351.02,352.18,350.92,351.08,351.48,150,350,351.32,0.4305110968082927,351.09,350.85
352.55,-0.9135454576426015,351.16,371.9,365.42,350.98,450.0,351.05,351.09,351.17,350.84,351.71,351.84,351.0,351.07,351.0,351.22,350.87,200,351.01,352.47,350.91,351.07,351.4,150,350,351.29,0.4067366430757988,351.07,350.85
352.14,-0.9238795325112867,351.15,371.43,363.57,350.99,450.0,351.01,351.07,351.15,350.84,351.92,351.64,350.99,351.05,350.99,351.18,350.86,200,351.0,353.02,350.9,351.06,351.34,150,350,351.26,0.3826834323650899,351.06,350.84
352.42,-0.9335804264972024,351.13,370.83,361.78,351.01,450.0,350.97,351.06,351.12,350.84,352.15,351.69,350.98,351.04,350.98,351.15,350.86,200,350.99,353.69,350.89,351.05,351.29,150,350,351.24,0.3583679495452986,351.05,350.84
352.94,-0.9426414910921788,351.12,370.12,360.19,351.04,450.0,350.99,351.05,351.1,350.84,352.38,351.89,350.97,351.02,351.0,351.12,350.85,200,350.98,354.43,350.88,351.09,351.24,150,350,351.22,0.3338068592337699,351.04,350.84
353.6,-0.9510565162951545,351.11,369.31,358.88,351.04,450.0,351.01,351.04,351.09,350.84,352.05,352.12,350.97,351.01,351.04,351.09,350.85,200,350.97,353.11,350.88,351.14,351.2,150,350,351.21,0.30901699437494456,351.03,350.83
354.33,-0.9588197348681934,351.1,368.46,357.85,351.02,450.0,351.04,351.03,351.07,350.86,351.77,352.35,350.96,351.0,351.09,351.07,350.85,200,350.97,352.43,350.87,351.23,351.17,150,350,351.19,0.2840153447039213,351.02,350.83
355.12,-0.9659258262890682,351.1,371.84,364.97,351.0,1050.0,351.06,351.02,351.06,350.87,351.59,352.59,350.96,350.99,351.16,351.05,350.84,300,350.96,352.06,350.86,351.34,351.15,350,650,351.2,0.258819045102521,351.02,350.83
355.92,-0.9723699203976771,351.13,372.72,370.0,350.97,1050.0,351.08,351.02,351.05,350.89,351.47,352.82,350.97,350.98,351.24,351.04,350.84,300,350.96,351.82,350.86,351.49,351.12,350,650,351.26,0.23344536385590337,351.04,350.83
356.66,-0.9781476007338057,351.19,372.93,371.78,350.95,1050.0,351.09,351.04,351.04,350.91,351.38,353.03,350.99,350.97,351.35,351.02,350.84,300,350.97,351.66,350.85,351.7,351.1,350,650,351.36,0.20791169081775887,351.08,350.83
357.29,-0.9832549075639551,351.29,372.98,372.21,350.93,1050.0,351.11,351.08,351.03,350.93,351.3,353.22,351.03,350.97,351.49,351.01,350.83,300,350.99,351.54,350.85,351.98,351.09,350,650,351.53,0.18223552549214467,351.14,350.84
357.82,-0.9876883405951379,351.43,372.99,372.31,350.92,1050.0,351.12,351.14,351.02,350.94,351.25,353.39,351.08,350.96,351.46,351.0,350.83,300,351.03,351.45,350.85,351.85,351.07,350,650,351.79,0.15643446504022968,351.22,350.85
358.23,-0.9914448613738104,351.63,373.0,372.33,350.91,1050.0,351.13,351.22,351.02,350.93,351.2,353.52,351.15,350.96,351.37,350.99,350.83,300,351.08,351.37,350.84,351.67,351.06,350,650,352.2,0.130526192220052,351.33,350.87
358.56,-0.9945218953682736,351.92,373.0,372.34,350.89,1050.0,351.14,351.33,351.04,350.93,351.2,353.63,351.23,350.97,351.3,350.98,350.83,300,351.15,351.4,350.84,351.54,351.05,350,650,352.9,0.10452846326765108,351.48,350.89
358.81,-0.9969173337331281,352.36,373.0,372.34,350.9,1050.0,351.14,351.48,351.08,350.92,351.28,353.71,351.34,350.99,351.25,350.97,350.83,300,351.23,351.57,350.84,351.45,351.04,350,650,354.21,0.07845909572784418,351.68,350.9
359.0,-0.998629534754574,352.14,372.94,371.92,350.92,450.0,351.15,351.68,351.14,350.91,351.4,353.78,351.34,351.03,351.2,350.97,350.84,200,351.34,351.8,350.83,351.38,351.03,150,350,353.21,0.0523359562429407,351.63,350.91
359.14,-0.9996573249755574,351.9,372.94,371.91,350.94,450.0,351.15,351.63,351.22,350.9,351.55,353.83,351.28,351.08,351.17,350.96,350.85,200,351.34,352.11,350.83,351.32,351.02,150,350,352.62,0.026176948307871647,351.52,350.91
359.26,-1.0,351.73,372.94,371.9,350.95,450.0,351.15,351.52,351.33,350.89,351.5,353.87,351.23,351.15,351.13,350.96,350.87,200,351.28,351.94,350.83,351.27,351.02,150,350,352.26,1.2246467991473532e-16,351.43,350.91
359.34,-0.9996573249755573,351.61,372.94,371.87,350.94,450.0,351.15,351.43,351.48,350.88,351.41,353.9,351.19,351.23,351.11,350.97,350.89,200,351.23,351.73,350.83,351.23,351.04,150,350,352.03,-0.026176948307875397,351.36,350.9
359.4,-0.9986295347545738,351.52,372.93,371.83,350.93,450.0,351.16,351.36,351.68,350.87,351.33,353.93,351.16,351.34,351.08,350.99,350.9,200,351.19,351.59,350.83,351.19,351.08,150,350,351.85,-0.052335956242944445,351.3,350.89
359.45,-0.9969173337331277,351.44,372.92,371.74,350.92,450.0,351.16,351.3,351.63,350.87,351.27,353.94,351.13,351.34,351.06,351.03,350.91,200,351.16,351.48,350.84,351.16,351.14,150,350,351.72,-0.07845909572784747,351.26,350.88
359.48,-0.9945218953682732,351.38,372.9,371.58,350.91,450.0,351.16,351.26,351.52,350.86,351.22,353.96,351.1,351.28,351.05,351.08,350.91,200,351.13,351.4,350.85,351.14,351.22,150,350,351.62,-0.10452846326765526,351.22,350.88
359.51,-0.9914448613738104,351.33,372.87,371.3,350.9,450.0,351.16,351.22,351.43,350.86,351.18,353.97,351.08,351.23,351.03,351.15,350.91,200,351.1,351.34,350.87,351.12,351.33,150,350,351.54,-0.13052619222005177,351.19,350.87
359.53,-0.9876883405951374,351.36,372.99,372.27,350.89,1050.0,351.16,351.19,351.36,350.85,351.15,353.97,351.07,351.19,351.02,351.23,350.9,300,351.08,351.29,350.89,351.1,351.48,350,650,351.63,-0.15643446504023292,351.19,350.86
359.55,-0.9832549075639544,351.51,372.99,372.32,350.88,1050.0,351.16,351.19,351.3,350.85,351.12,353.98,351.12,351.16,351.01,351.34,350.89,300,351.07,351.24,350.9,351.08,351.68,350,650,351.95,-0.18223552549214836,351.27,350.86
359.56,-0.978147600733805,351.75,373.0,372.33,350.88,1050.0,351.16,351.27,351.26,350.84,351.09,353.98,351.19,351.13,351.0,351.34,350.88,300,351.12,351.2,350.91,351.07,351.63,350,650,352.48,-0.20791169081776212,351.4,350.88
359.57,-0.9723699203976763,352.11,373.0,372.34,350.87,1050.0,351.16,351.4,351.22,350.84,351.07,353.99,351.28,351.1,350.99,351.28,350.88,300,351.19,351.17,350.91,351.05,351.52,350,650,353.42,-0.23344536385590658,351.57,350.89
355.06,-0.9659258262890683,351.97,372.94,371.91,350.86,450.0,351.14,351.57,351.19,350.84,351.05,352.78,351.28,351.08,350.98,351.23,350.87,200,351.28,351.15,350.91,351.05,351.43,150,350,352.81,-0.2588190451025208,351.54,350.9
353.38,-0.9588197348681925,351.78,372.94,371.9,350.86,450.0,351.1,351.54,351.19,350.84,351.04,352.19,351.24,351.07,351.0,351.19,350.86,200,351.28,351.12,350.9,351.08,351.36,150,350,352.37,-0.2840153447039245,351.45,350.9
352.61,-0.9510565162951535,351.65,372.94,371.88,350.85,450.0,351.05,351.45,351.27,350.84,351.02,351.87,351.2,351.12,351.03,351.16,350.86,200,351.24,351.1,350.89,351.14,351.3,150,350,352.1,-0.30901699437494773,351.38,350.9
352.18,-0.9426414910921773,351.54,372.93,371.85,350.85,450.0,351.02,351.38,351.4,350.85,351.01,351.66,351.16,351.19,351.08,351.13,350.88,200,351.2,351.09,350.88,351.22,351.26,150,350,351.9,-0.33380685923377384,351.32,350.89
352.47,-0.9335804264972012,351.46,372.92,371.77,350.85,450.0,350.98,351.32,351.57,350.87,351.0,351.71,351.13,351.28,351.15,351.1,350.89,200,351.16,351.07,350.88,351.32,351.22,150,350,351.76,-0.35836794954530166,351.27,350.89
353.02,-0.9238795325112868,351.4,372.91,371.64,350.84,450.0,350.99,351.27,351.54,350.88,350.99,351.92,351.11,351.28,351.23,351.08,350.9,200,351.13,351.06,350.87,351.47,351.19,150,350,351.65,-0.38268343236508967,351.23,350.88
353.69,-0.9135454576426,351.34,372.88,371.41,350.84,450.0,351.01,351.23,351.45,350.9,350.98,352.15,351.08,351.24,351.34,351.07,350.9,200,351.11,351.05,350.86,351.67,351.19,150,350,351.56,-0.40673664307580226,351.19,350.87
354.43,-0.9025852843498603,351.3,372.83,371.02,350.84,450.0,351.04,351.19,351.38,350.93,350.97,352.38,351.06,351.2,351.47,351.12,350.9,200,351.08,351.04,350.86,351.94,351.27,150,350,351.49,-0.4305110968082957,351.17,350.87
353.11,-0.8910065241883666,351.26,372.76,370.41,350.83,450.0,351.04,351.17,351.32,350.95,350.97,352.05,351.05,351.16,351.63,351.19,350.89,200,351.06,351.03,350.88,352.3,351.4,150,350,351.43,-0.4539904997395494,351.14,350.86
352.43,-0.8788171126619647,351.23,372.63,369.5,350.83,450.0,351.02,351.14,351.27,350.98,350.96,351.77,351.03,351.13,351.81,351.28,350.89,200,351.05,351.02,350.89,352.75,351.57,150,350,351.38,-0.47715876025960957,351.12,350.86
352.06,-0.8660254037844388,351.2,372.44,368.26,350.83,450.0,351.0,351.12,351.23,351.0,350.96,351.59,351.02,351.11,352.03,351.28,350.88,200,351.03,351.02,350.9,353.35,351.54,150,350,351.34,-0.4999999999999997,351.1,350.85
351.82,-0.852640164354091,351.18,372.17,366.7,350.83,450.0,350.97,351.1,351.19,351.03,350.97,351.47,351.01,351.08,352.26,351.24,350.87,200,351.02,351.04,350.9,354.06,351.45,150,350,351.31,-0.522498564715951,351.08,350.85
351.66,-0.8386705679454235,351.18,372.88,371.31,350.83,1050.0,350.95,351.08,351.17,351.03,350.99,351.38,351.0,351.06,351.98,351.2,350.87,300,351.01,351.08,350.9,352.94,351.38,350,650,351.33,-0.5446390350150279,351.08,350.84
351.54,-0.824126188622014,351.25,372.97,372.12,350.84,1050.0,350.93,351.08,351.14,351.01,351.03,351.3,351.02,351.05,351.73,351.16,350.86,300,351.0,351.14,350.89,352.34,351.32,350,650,351.46,-0.5664062369248352,351.12,350.84
351.45,-0.8090169943749465,351.37,372.99,372.29,350.85,1050.0,350.92,351.12,351.12,350.99,351.08,351.25,351.06,351.03,351.56,351.13,350.86,300,351.02,351.22,350.89,352.0,351.27,350,650,351.68,-0.5877852522924745,351.19,350.85
351.37,-0.7933533402912352,351.55,372.99,372.33,350.87,1050.0,350.91,351.19,351.1,350.97,351.15,351.2,351.12,351.02,351.45,351.11,350.85,300,351.06,351.33,350.88,351.79,351.23,350,650,352.03,-0.6087614290087207,351.29,350.86
351.4,-0.7771459614569697,351.8,373.0,372.34,350.89,1050.0,350.89,351.29,351.08,350.95,351.23,351.2,351.2,351.01,351.36,351.08,350.85,300,351.12,351.48,350.87,351.63,351.19,350,650,352.6,-0.629320391049839,351.42,350.88
351.57,-0.7604059656000305,352.19,373.0,372.34,350.9,1050.0,350.9,351.42,351.08,350.93,351.34,351.28,351.3,351.0,351.29,351.06,350.84,300,351.2,351.68,350.87,351.52,351.17,350,650,353.65,-0.6494480483301842,351.6,350.9
351.8,-0.7431448254773925,352.76,373.0,372.34,350.91,1050.0,350.92,351.6,351.12,350.92,351.34,351.4,351.42,351.02,351.24,351.05,350.84,300,351.3,351.63,350.86,351.43,351.14,350,650,355.55,-0.6691306063588602,351.85,350.92
352.11,-0.725374371012287,353.69,373.0,372.34,350.91,1050.0,350.94,351.85,351.19,350.91,351.28,351.55,351.58,351.06,351.19,351.03,350.85,300,351.42,351.52,350.86,351.36,351.12,350,650,358.61,-0.6883545756937547,352.17,350.94
351.94,-0.7071067811865479,355.06,373.0,372.34,350.91,1050.0,350.95,352.17,351.29,350.89,351.23,351.5,351.75,351.12,351.19,351.02,350.86,300,351.58,351.43,350.85,351.39,351.1,350,650,361.86,-0.7071067811865471,352.6,350.97
351.73,-0.6883545756937524,356.96,373.0,372.34,350.9,1050.0,350.94,352.6,351.42,350.9,351.19,351.41,351.96,351.2,351.27,351.01,350.88,300,351.75,351.36,350.85,351.54,351.08,350,650,364.2,-0.7253743710122892,353.15,350.99
351.59,-0.6691306063588578,359.07,373.0,372.34,350.89,1050.0,350.93,353.15,351.6,350.91,351.16,351.33,352.19,351.3,351.39,351.0,350.9,300,351.96,351.3,350.84,351.77,351.08,350,650,365.51,-0.7431448254773946,353.83,351.02
351.48,-0.6494480483301814,360.96,373.0,372.34,350.88,1050.0,350.92,353.83,351.85,350.94,351.13,351.27,352.43,351.42,351.53,351.02,350.92,300,352.19,351.26,350.84,352.07,351.12,350,650,366.2,-0.7604059656000328,354.59,351.04
351.4,-0.6293203910498364,356.07,372.94,371.92,350.88,450.0,350.91,354.59,352.17,350.94,351.1,351.22,352.08,351.58,351.49,351.06,350.94,200,352.43,351.22,350.85,351.91,351.19,150,350,361.89,-0.7771459614569717,353.17,351.04
351.34,-0.6087614290087209,354.03,372.94,371.92,350.87,450.0,350.9,353.17,352.6,350.94,351.08,351.18,351.79,351.75,351.4,351.12,350.97,200,352.08,351.19,350.86,351.71,351.29,150,350,358.28,-0.7933533402912349,352.46,351.02
351.29,-0.5877852522924711,353.04,372.94,371.92,350.86,450.0,350.89,352.46,353.15,350.93,351.07,351.15,351.6,351.96,351.32,351.2,350.99,200,351.79,351.19,350.88,351.58,351.42,150,350,355.58,-0.8090169943749489,352.08,351.0
351.24,-0.5664062369248322,352.5,372.94,371.92,350.86,450.0,350.88,352.08,353.83,350.92,351.12,351.12,351.48,352.19,351.26,351.3,351.02,200,351.6,351.27,350.9,351.47,351.6,150,350,354.05,-0.8241261886220161,351.84,350.97
351.2,-0.5446390350150248,353.12,373.0,372.34,350.88,1050.0,350.88,351.84,354.59,350.9,351.19,351.09,351.5,352.43,351.27,351.42,351.04,300,351.48,351.4,350.92,351.53,351.85,350,650,356.78,-0.8386705679454256,351.99,350.95
351.17,-0.5224985647159479,354.34,373.0,372.34,350.89,1050.0,350.87,351.99,353.17,350.91,351.28,351.07,351.67,352.08,351.37,351.58,351.04,300,351.5,351.57,350.94,351.74,352.17,350,650,360.35,-0.8526401643540928,352.38,350.96
351.15,-0.5000000000000004,356.01,373.0,372.34,350.9,1050.0,350.86,352.38,352.46,350.93,351.28,351.05,351.86,351.79,351.51,351.75,351.02,300,351.67,351.54,350.97,352.04,352.6,350,650,363.26,-0.8660254037844384,352.87,350.98
351.12,-0.47715876025960635,358.1,373.0,372.34,350.9,1050.0,350.86,352.87,352.08,350.96,351.24,351.04,352.08,351.6,351.68,351.96,351.0,300,351.86,351.45,350.99,352.42,353.15,350,650,365.0,-0.8788171126619665,353.5,351.01
351.1,-0.45399049973954614,354.75,372.94,371.92,350.9,450.0,350.85,353.5,351.84,350.97,351.2,351.02,351.87,351.48,351.61,352.19,350.97,200,352.08,351.38,351.02,352.14,353.83,150,350,359.89,-0.8910065241883682,352.7,351.01
351.09,-0.43051109680829275,353.36,372.94,371.92,350.89,450.0,350.85,352.7,351.99,350.96,351.16,351.01,351.66,351.5,351.48,352.43,350.95,200,351.87,351.32,351.04,351.86,354.59,150,350,356.5,-0.9025852843498617,352.2,351.0
351.07,-0.4067366430757985,352.67,372.94,371.92,350.89,450.0,350.85,352.2,352.38,350.95,351.13,351.0,351.52,351.67,351.38,352.08,350.96,200,351.66,351.27,351.04,351.68,353.17,150,350,354.53,-0.9135454576426016,351.91,350.98
351.06,-0.3826834323650895,352.27,372.94,371.92,350.88,450.0,350.84,351.91,352.87,350.93,351.11,350.99,351.41,351.86,351.31,351.79,350.98,200,351.52,351.23,351.02,351.55,352.46,150,350,353.44,-0.9238795325112868,351.72,350.96
351.05,-0.3583679495452982,352.0,372.94,371.91,350.87,450.0,350.84,351.72,353.5,350.92,351.08,350.98,351.33,352.08,351.25,351.6,351.01,200,351.41,351.19,351.0,351.46,352.08,150,350,352.81,-0.9335804264972025,351.59,350.94
351.04,-0.3338068592337704,351.81,372.94,371.9,350.87,450.0,350.84,351.59,352.7,350.91,351.06,350.97,351.27,351.87,351.21,351.48,351.01,200,351.33,351.17,350.97,351.38,351.84,150,350,352.41,-0.9426414910921785,351.48,350.93
351.03,-0.30901699437494506,351.67,372.94,371.89,350.86,450.0,350.83,351.48,352.2,350.9,351.05,350.97,351.22,351.66,351.17,351.5,351.0,200,351.27,351.14,350.95,351.32,351.99,150,350,352.14,-0.9510565162951543,351.4,350.91
351.02,-0.2840153447039218,351.57,372.93,371.85,350.86,450.0,350.83,351.4,351.91,350.89,351.03,350.96,351.18,351.52,351.14,351.67,350.98,200,351.22,351.12,350.96,351.27,352.38,150,350,351.94,-0.9588197348681933,351.34,350.9
351.02,-0.25881904510252063,351.48,372.93,371.79,350.85,450.0,350.83,351.34,351.72,350.88,351.02,350.96,351.14,351.41,351.11,351.86,350.96,200,351.18,351.1,350.98,351.23,352.87,150,350,351.79,-0.9659258262890683,351.28,350.89
351.04,-0.23344536385590342,351.41,372.91,371.67,350.85,450.0,350.83,351.28,351.59,350.87,351.01,350.97,351.12,351.33,351.08,352.08,350.94,200,351.14,351.08,351.01,351.19,353.5,150,350,351.67,-0.9723699203976771,351.24,350.88
351.08,-0.20791169081775893,351.36,372.89,371.47,350.84,450.0,350.83,351.24,351.48,350.87,351.0,350.99,351.09,351.27,351.06,351.87,350.93,200,351.12,351.08,351.01,351.17,352.7,150,350,351.58,-0.9781476007338057,351.2,350.88
351.14,-0.18223552549214428,351.31,372.85,371.12,350.84,450.0,350.84,351.2,351.4,350.86,351.02,351.03,351.07,351.22,351.05,351.66,350.91,200,351.09,351.12,351.0,351.14,352.2,150,350,351.51,-0.9832549075639552,351.17,350.87
351.22,-0.1564344650402293,351.33,372.99,372.25,350.85,1050.0,350.85,351.17,351.34,350.85,351.06,351.08,351.06,351.18,351.04,351.52,350.9,300,351.07,351.19,350.98,351.14,351.91,350,650,351.59,-0.987688340595138,351.17,350.86
351.33,-0.13052619222005163,351.48,372.99,372.32,350.86,1050.0,350.87,351.17,351.28,350.86,351.12,351.15,351.1,351.14,351.07,351.41,350.89,300,351.06,351.29,350.96,351.2,351.72,350,650,351.87,-0.9914448613738104,351.25,350.86
351.48,-0.10452846326765158,351.7,373.0,372.33,350.88,1050.0,350.89,351.25,351.24,350.87,351.2,351.23,351.17,351.12,351.13,351.33,350.88,300,351.1,351.42,350.94,351.3,351.59,350,650,352.35,-0.9945218953682735,351.37,350.87
351.68,-0.07845909572784468,352.02,373.0,372.34,350.9,1050.0,350.9,351.37,351.2,350.88,351.3,351.34,351.26,351.09,351.21,351.27,350.88,300,351.17,351.6,350.93,351.44,351.48,350,650,353.18,-0.996917333733128,351.53,350.89
351.63,-0.05233595624294076,351.91,372.94,371.91,350.92,450.0,350.91,351.53,351.17,350.9,351.42,351.34,351.27,351.07,351.31,351.22,350.87,200,351.26,351.85,350.91,351.63,351.4,150,350,352.68,-0.998629534754574,351.51,350.9
351.52,-0.026176948307871706,351.74,372.94,371.9,350.94,450.0,350.91,351.51,351.17,350.92,351.58,351.28,351.23,351.06,351.44,351.18,350.86,200,351.27,352.17,350.9,351.88,351.34,150,350,352.29,-0.9996573249755574,351.43,350.9
351.43,-1.8369701987210297e-16,351.61,372.94,371.88,350.97,450.0,350.91,351.43,351.25,350.94,351.75,351.23,351.19,351.1,351.59,351.14,350.86,200,351.23,352.6,350.89,352.22,351.28,150,350,352.04,-1.0,351.36,350.9
351.36,0.02617694830787578,351.52,372.93,371.83,350.99,450.0,350.9,351.36,351.37,350.97,351.96,351.19,351.15,351.17,351.78,351.12,350.87,200,351.19,353.15,350.88,352.65,351.24,150,350,351.86,-0.9996573249755573,351.3,350.89
351.3,0.05233595624294483,351.6,372.99,372.33,351.02,1050.0,350.89,351.3,351.53,350.98,352.19,351.16,351.15,351.26,351.67,351.09,350.89,300,351.15,353.83,350.88,352.27,351.2,350,650,352.12,-0.9986295347545738,351.33,350.88
351.26,0.07845909572784786,351.88,373.0,372.34,351.04,1050.0,350.88,351.33,351.51,350.97,352.43,351.13,351.23,351.27,351.52,351.07,350.9,300,351.15,354.59,350.87,351.95,351.17,350,650,352.79,-0.9969173337331277,351.46,350.89
351.22,0.10452846326765476,352.31,373.0,372.34,351.04,1050.0,350.88,351.46,351.43,350.96,352.08,351.1,351.33,351.23,351.42,351.06,350.9,300,351.23,353.17,350.86,351.74,351.17,350,650,354.03,-0.9945218953682732,351.66,350.9
351.19,0.13052619222005127,352.96,373.0,372.34,351.02,1050.0,350.87,351.66,351.36,350.94,351.79,351.08,351.46,351.19,351.34,351.1,350.9,300,351.33,352.46,350.86,351.6,351.25,350,650,356.23,-0.9914448613738105,351.92,350.92
351.19,0.15643446504023242,353.99,373.0,372.34,351.0,1050.0,350.86,351.92,351.3,350.92,351.6,351.07,351.62,351.15,351.35,351.17,350.89,300,351.46,352.08,350.87,351.68,351.37,350,650,359.47,-0.9876883405951374,352.27,350.95
351.27,0.18223552549214828,355.5,373.0,372.34,350.97,1050.0,350.86,352.27,351.33,350.93,351.48,351.12,351.8,351.15,351.48,351.26,350.88,300,351.62,351.84,350.89,351.96,351.53,350,650,362.57,-0.9832549075639544,352.72,350.97
351.4,0.20791169081776203,357.5,373.0,372.34,350.95,1050.0,350.88,352.72,351.46,350.95,351.5,351.19,352.02,351.23,351.64,351.27,350.89,300,351.8,351.99,350.9,352.32,351.51,350,650,364.62,-0.978147600733805,353.31,351.0
351.57,0.23344536385590653,359.58,373.0,372.34,350.96,1050.0,350.89,353.31,351.66,350.98,351.67,351.28,352.25,351.33,351.83,351.23,350.9,300,352.02,352.38,350.9,352.79,351.43,350,650,365.72,-0.9723699203976763,354.02,351.02
351.54,0.2588190451025203,355.39,372.94,371.92,350.98,450.0,350.9,354.02,351.92,351.0,351.86,351.28,351.97,351.46,352.05,351.19,350.92,200,352.25,352.87,350.9,353.39,351.36,150,350,360.99,-0.9659258262890684,352.93,351.03
351.45,0.28401534470392487,353.68,372.94,371.92,351.01,450.0,350.9,352.93,352.27,351.03,352.08,351.24,351.72,351.62,352.28,351.15,350.95,200,351.97,353.5,350.89,354.11,351.3,150,350,357.4,-0.9588197348681924,352.33,351.01
351.38,0.30901699437494806,352.85,372.94,371.92,351.01,450.0,350.9,352.33,352.72,351.05,351.87,351.2,351.56,351.8,352.52,351.15,350.97,200,351.72,352.7,350.88,354.89,351.33,150,350,355.05,-0.9510565162951533,352.0,350.99
351.32,0.3338068592337734,352.39,372.94,371.92,351.0,450.0,350.89,352.0,353.31,351.07,351.66,351.16,351.45,352.02,352.75,351.23,351.0,200,351.56,352.2,350.89,355.69,351.46,150,350,353.74,-0.9426414910921775,351.78,350.97
351.27,0.3583679495453012,352.08,372.94,371.91,350.98,450.0,350.89,351.78,354.02,351.09,351.52,351.13,351.36,352.25,352.97,351.33,351.02,200,351.45,351.91,350.9,356.45,351.66,150,350,352.99,-0.9335804264972014,351.63,350.95
351.23,0.38268343236508917,350.94,373.05,372.89,350.96,1950.0,350.88,351.63,352.93,351.1,351.41,351.11,350.84,351.97,353.17,351.46,351.03,200,351.36,351.72,350.92,357.12,351.92,150,350,351.06,-0.923879532511287,350.88,350.78
351.19,0.4067366430758022,350.93,373.05,372.82,350.94,1950.0,350.87,350.88,352.33,351.12,351.33,351.08,350.83,351.72,353.34,351.62,351.01,200,350.84,351.59,350.95,357.67,352.27,150,350,351.04,-0.9135454576426,350.87,350.78
351.17,0.43051109680829563,350.92,373.04,372.72,350.93,1950.0,350.87,350.87,352.0,351.13,351.27,351.06,350.83,351.56,353.48,351.8,350.99,200,350.83,351.48,350.97,358.12,352.72,150,350,351.02,-0.9025852843498604,350.86,350.78
351.14,0.4539904997395498,350.91,373.03,372.58,350.91,1950.0,350.86,350.86,351.78,351.13,351.22,351.05,350.82,351.45,353.6,352.02,350.97,200,350.83,351.4,351.0,358.47,353.31,150,350,351.0,-0.8910065241883663,350.86,350.77
351.12,0.4771587602596099,350.9,373.01,372.4,350.9,1950.0,350.86,350.86,351.63,351.14,351.18,351.03,350.82,351.36,353.69,352.25,350.95,200,350.82,351.34,351.02,358.74,354.02,150,350,350.98,-0.8788171126619646,350.85,350.77
351.1,0.5000000000000001,350.89,372.99,372.16,350.89,1950.0,350.85,350.85,350.88,351.15,351.14,351.02,350.82,350.84,353.76,351.97,350.78,200,350.82,351.28,351.03,358.95,352.93,150,350,350.97,-0.8660254037844386,350.85,350.77
351.08,0.5224985647159506,350.89,372.96,371.85,350.88,1950.0,350.85,350.85,350.87,351.15,351.12,351.01,350.81,350.83,353.82,351.72,350.78,200,350.82,351.24,351.01,359.11,352.33,150,350,350.96,-0.8526401643540912,350.84,350.77
351.08,0.5446390350150274,350.88,372.93,371.47,350.88,1950.0,350.84,350.84,350.86,351.14,351.09,351.0,350.81,350.83,352.72,351.56,350.78,200,350.81,351.2,350.99,354.87,352.0,150,350,350.95,-0.8386705679454238,350.84,350.77
351.12,0.5664062369248347,350.88,372.88,371.0,350.87,1950.0,350.84,350.84,350.86,351.09,351.07,351.02,350.81,350.82,352.15,351.45,350.77,200,350.81,351.17,350.97,353.29,351.78,150,350,350.94,-0.8241261886220144,350.84,350.77
351.19,0.5877852522924744,350.87,372.83,370.44,350.86,1950.0,350.85,350.84,350.85,351.05,351.06,351.06,350.81,350.82,351.85,351.36,350.77,200,350.81,351.17,350.95,352.57,351.63,150,350,350.93,-0.8090169943749465,350.83,350.77
351.29,0.6087614290087199,350.87,372.76,369.79,350.86,1950.0,350.86,350.83,350.85,351.01,351.1,351.12,350.81,350.82,351.65,350.84,350.77,200,350.81,351.25,350.78,352.16,350.88,150,350,350.92,-0.7933533402912357,350.83,350.77
351.42,0.629320391049839,350.86,372.67,369.03,350.87,1950.0,350.88,350.83,350.84,350.98,351.17,351.2,350.8,350.81,351.51,350.83,350.77,200,350.81,351.37,350.78,351.89,350.87,150,350,350.92,-0.7771459614569697,350.83,350.77
351.6,0.6494480483301845,350.86,372.57,368.19,350.89,1950.0,350.9,350.83,350.84,350.96,351.26,351.3,350.8,350.81,351.41,350.83,350.77,200,350.8,351.53,350.78,351.71,350.86,150,350,350.91,-0.7604059656000303,350.82,350.77
351.85,0.6691306063588605,350.85,372.44,367.27,350.9,1950.0,350.92,350.82,350.84,350.94,351.27,351.42,350.8,350.81,351.33,350.82,350.77,200,350.8,351.51,350.77,351.58,350.86,150,350,350.9,-0.7431448254773922,350.82,350.77
352.17,0.688354575693755,350.85,372.3,366.3,350.9,1950.0,350.94,350.82,350.83,350.93,351.23,351.58,350.8,350.81,351.27,350.82,350.77,200,350.8,351.43,350.77,351.47,350.85,150,350,350.9,-0.7253743710122866,350.82,350.77
352.6,0.7071067811865474,350.85,372.13,365.32,350.9,1950.0,350.97,350.82,350.83,350.91,351.19,351.75,350.8,350.81,351.22,350.82,350.77,200,350.8,351.36,350.77,351.4,350.85,150,350,350.89,-0.7071067811865477,350.82,350.76
353.15,0.7253743710122894,350.84,371.94,364.34,350.89,1950.0,350.99,350.82,350.83,350.9,351.15,351.96,350.8,350.8,351.18,350.81,350.77,200,350.8,351.3,350.77,351.33,350.84,150,350,350.89,-0.6883545756937521,350.82,350.76
353.83,0.7431448254773942,350.84,371.73,363.39,350.88,1950.0,351.02,350.82,350.82,350.89,351.15,352.19,350.79,350.8,351.14,350.81,350.77,200,350.8,351.33,350.77,351.28,350.84,150,350,350.89,-0.6691306063588581,350.81,350.76
354.59,0.7604059656000328,350.84,371.51,362.48,350.89,1950.0,351.04,350.81,350.82,350.88,351.23,352.43,350.79,350.8,351.11,350.81,350.77,200,350.79,351.46,350.77,351.24,350.84,150,350,350.88,-0.6494480483301814,350.81,350.76
353.17,0.7771459614569722,350.84,371.26,361.64,350.9,1950.0,351.04,350.81,350.82,350.87,351.33,352.08,350.79,350.8,351.09,350.81,350.77,200,350.79,351.66,350.77,351.2,350.83,150,350,350.88,-0.6293203910498358,350.81,350.76
352.46,0.7933533402912349,350.84,371.0,360.86,350.92,1950.0,351.02,350.81,350.82,350.87,351.46,351.79,350.79,350.8,351.07,350.81,350.76,200,350.79,351.92,350.77,351.17,350.83,150,350,350.88,-0.6087614290087209,350.81,350.76
352.08,0.8090169943749489,350.83,370.73,360.16,350.95,1950.0,351.0,350.81,350.82,350.86,351.62,351.6,350.79,350.8,351.05,350.8,350.76,200,350.79,352.27,350.77,351.14,350.83,150,350,350.87,-0.5877852522924711,350.81,350.76
351.84,0.8241261886220161,350.83,370.45,359.53,350.97,1950.0,350.97,350.81,350.81,350.86,351.8,351.48,350.79,350.79,351.03,350.8,350.76,200,350.79,352.72,350.77,351.12,350.82,150,350,350.87,-0.5664062369248322,350.81,350.76
351.99,0.8386705679454255,350.83,370.16,358.96,351.0,1950.0,350.95,350.81,350.81,350.85,352.02,351.5,350.79,350.79,351.02,350.8,350.76,200,350.79,353.31,350.77,351.12,350.82,150,350,350.87,-0.5446390350150248,350.81,350.76
352.38,0.8526401643540928,350.83,369.87,358.47,351.02,1950.0,350.96,350.81,350.81,350.85,352.25,351.67,350.79,350.79,351.06,350.8,350.76,200,350.79,354.02,350.77,351.17,350.82,150,350,350.87,-0.5224985647159479,350.81,350.76
352.87,0.8660254037844384,350.83,369.59,358.04,351.03,1950.0,350.98,350.81,350.81,350.86,351.97,351.86,350.79,350.79,351.11,350.8,350.76,200,350.79,352.93,350.76,351.26,350.82,150,350,350.86,-0.5000000000000004,350.8,350.76
353.5,0.878817112661966,350.83,369.31,357.66,351.01,1950.0,351.01,350.8,350.81,350.88,351.72,352.08,350.79,350.79,351.18,350.8,350.76,200,350.79,352.33,350.76,351.39,350.82,150,350,350.86,-0.4771587602596072,350.8,350.76
352.7,0.8910065241883681,350.83,369.04,357.33,350.99,1950.0,351.01,350.8,350.81,350.88,351.56,351.87,350.79,350.79,351.2,350.79,350.76,200,350.79,352.0,350.76,351.39,350.81,150,350,350.86,-0.4539904997395462,350.8,350.76
352.2,0.9025852843498621,350.83,368.78,357.05,350.97,1950.0,351.0,350.8,350.81,350.88,351.45,351.66,350.79,350.79,351.17,350.79,350.76,200,350.79,351.78,350.76,351.34,350.81,150,350,350.86,-0.430511096808292,350.8,350.76
351.91,0.9135454576426013,350.82,368.53,356.8,350.95,1950.0,350.98,350.8,350.81,350.88,351.36,351.52,350.79,350.79,351.14,350.79,350.76,200,350.79,351.63,350.76,351.29,350.81,150,350,350.86,-0.4067366430757993,350.8,350.76
351.72,0.9238795325112868,350.82,368.3,356.59,350.78,1950.0,350.96,350.8,350.8,350.88,350.84,351.41,350.79,350.79,351.12,350.79,350.76,200,350.79,350.88,350.76,351.24,350.81,150,350,350.86,-0.38268343236508956,350.8,350.76
351.59,0.9335804264972025,350.82,368.09,356.41,350.78,1950.0,350.94,350.8,350.8,350.87,350.83,351.33,350.79,350.79,351.09,350.79,350.76,200,350.79,350.87,350.76,351.21,350.81,150,350,350.86,-0.35836794954529827,350.8,350.76
351.48,0.9426414910921785,350.84,371.71,363.27,350.78,1950.0,350.93,350.8,350.8,350.87,350.83,351.27,350.79,350.79,351.07,350.79,350.76,300,350.79,350.86,350.76,351.18,350.81,350,650,350.88,-0.33380685923377046,350.81,350.76
351.4,0.9510565162951543,350.87,372.81,370.31,350.77,1950.0,350.91,350.81,350.8,350.86,350.82,351.22,350.8,350.79,351.05,350.79,350.76,300,350.79,350.86,350.76,351.15,350.81,350,650,350.93,-0.3090169943749451,350.83,350.77
351.34,0.9588197348681935,350.91,373.03,372.63,350.77,1950.0,350.9,350.83,350.8,350.86,350.82,351.18,350.82,350.79,351.04,350.79,350.76,300,350.8,350.85,350.76,351.13,350.81,350,650,351.0,-0.284015344703921,350.86,350.77
351.28,0.9659258262890681,350.98,373.06,373.01,350.77,1950.0,350.89,350.86,350.8,350.85,350.82,351.14,350.85,350.79,351.02,350.79,350.76,300,350.82,350.85,350.76,351.11,350.8,350,650,351.12,-0.25881904510252157,350.9,350.78
351.24,0.9723699203976771,350.97,373.06,372.97,350.77,1950.0,350.88,350.9,350.8,350.85,350.81,351.12,350.85,350.79,351.01,350.79,350.76,200,350.85,350.84,350.76,351.09,350.8,150,350,351.1,-0.23344536385590348,350.89,350.78
351.2,0.9781476007338059,350.95,373.06,372.92,350.77,1950.0,350.88,350.89,350.81,350.85,350.81,351.09,350.84,350.79,351.0,350.79,350.76,200,350.85,350.84,350.76,351.07,350.8,150,350,351.07,-0.20791169081775812,350.88,350.78
351.17,0.983254907563955,350.94,373.05,372.87,350.77,1950.0,350.87,350.88,350.83,350.84,350.81,351.07,350.84,350.8,350.99,350.79,350.77,200,350.84,350.84,350.76,351.06,350.8,150,350,351.05,-0.18223552549214522,350.88,350.78
351.17,0.987688340595138,350.93,373.05,372.79,350.77,1950.0,350.86,350.88,350.86,350.84,350.81,351.06,350.83,350.82,350.98,350.79,350.77,200,350.84,350.83,350.76,351.05,350.8,150,350,351.03,-0.15643446504022934,350.87,350.78
351.25,0.9914448613738104,350.92,373.04,372.68,350.77,1950.0,350.86,350.87,350.9,350.84,350.81,351.1,350.83,350.85,351.0,350.79,350.78,200,350.83,350.83,350.76,351.09,350.8,150,350,351.01,-0.13052619222005168,350.86,350.78
351.37,0.9945218953682735,350.91,373.02,372.53,350.77,1950.0,350.87,350.86,350.89,350.85,350.8,351.17,350.82,350.85,351.04,350.79,350.78,200,350.83,350.83,350.76,351.15,350.8,150,350,350.99,-0.10452846326765165,350.86,350.77
351.53,0.996917333733128,350.9,373.01,372.32,350.77,1950.0,350.89,350.86,350.88,350.86,350.8,351.26,350.82,350.84,351.09,350.79,350.78,200,350.82,350.82,350.76,351.23,350.81,150,350,350.98,-0.07845909572784475,350.85,350.77
351.51,0.998629534754574,350.89,372.98,372.06,350.77,1950.0,350.9,350.85,350.88,350.86,350.8,351.27,350.82,350.84,351.11,350.8,350.78,200,350.82,350.82,350.77,351.25,350.83,150,350,350.97,-0.05233595624294082,350.85,350.77
351.43,0.9996573249755573,350.95,373.06,372.94,350.77,1950.0,350.9,350.85,350.87,350.86,350.8,351.23,350.84,350.83,351.09,350.82,350.78,300,350.82,350.82,350.77,351.22,350.86,350,650,351.07,-0.026176948307872656,350.88,350.78
351.36,1.0,351.04,373.07,373.05,350.76,1950.0,350.9,350.88,350.86,350.86,350.8,351.19,350.87,350.83,351.08,350.85,350.78,300,350.84,350.82,350.78,351.19,350.9,350,650,351.25,0.0,350.93,350.79
351.3,0.9996573249755573,351.19,373.07,373.06,350.76,1950.0,350.89,350.93,350.86,350.86,350.8,351.15,350.92,350.82,351.06,350.85,350.77,300,350.87,350.82,350.78,351.17,350.89,350,650,351.59,0.026176948307875383,351.01,350.8
351.33,0.9986295347545738,351.45,373.07,373.06,350.76,1950.0,350.88,351.01,350.85,350.86,350.79,351.15,350.98,350.82,351.05,350.84,350.77,300,350.92,350.81,350.78,351.14,350.88,350,650,352.29,0.05233595624294457,351.13,350.82
351.46,0.9969173337331277,351.36,373.07,373.05,350.76,1950.0,350.89,351.13,350.85,350.86,350.79,351.23,350.96,350.82,351.03,350.84,350.77,200,350.98,350.81,350.78,351.12,350.88,150,350,352.02,0.07845909572784791,351.09,350.81
351.66,0.9945218953682732,351.29,373.07,373.05,350.76,1950.0,350.9,351.09,350.88,350.85,350.79,351.33,350.94,350.84,351.02,350.83,350.78,200,350.96,350.81,350.78,351.1,350.87,150,350,351.82,0.10452846326765494,351.06,350.81
351.92,0.9914448613738104,351.22,373.07,373.05,350.76,1950.0,350.92,351.06,350.93,350.85,350.79,351.46,350.93,350.87,351.01,350.83,350.79,200,350.94,350.81,350.78,351.08,350.86,150,350,351.66,0.13052619222005157,351.03,350.81
352.27,0.9876883405951373,351.17,373.07,373.05,350.76,1950.0,350.95,351.03,351.01,350.84,350.79,351.62,350.91,350.92,351.0,350.82,350.8,200,350.93,350.81,350.77,351.07,350.86,150,350,351.53,0.1564344650402331,351.0,350.8
352.72,0.9832549075639545,351.13,373.07,373.05,350.76,1950.0,350.97,351.0,351.13,350.84,350.79,351.8,350.9,350.98,350.99,350.82,350.82,200,350.91,350.81,350.77,351.06,350.85,150,350,351.43,0.18223552549214816,350.98,350.8
353.31,0.978147600733805,351.09,373.07,373.05,350.76,1950.0,351.0,350.98,351.09,350.84,350.79,352.02,350.89,350.96,350.98,350.82,350.81,200,350.9,350.81,350.77,351.05,350.85,150,350,351.36,0.20791169081776223,350.96,350.8
354.02,0.9723699203976762,351.06,373.07,373.04,350.76,1950.0,351.02,350.96,351.06,350.84,350.79,352.25,350.88,350.94,350.97,350.84,350.81,200,350.89,350.81,350.78,351.04,350.88,150,350,351.29,0.23344536385590683,350.95,350.79
352.93,0.9659258262890683,351.04,373.07,373.04,350.76,1950.0,351.03,350.95,351.03,350.83,350.79,351.97,350.87,350.93,350.97,350.87,350.81,200,350.88,350.8,350.79,351.03,350.93,150,350,351.24,0.25881904510252074,350.93,350.79
352.33,0.9588197348681924,351.18,373.07,373.06,350.76,1950.0,351.01,350.93,351.0,350.83,350.79,351.72,350.91,350.91,350.96,350.92,350.8,300,350.87,350.8,350.8,351.02,351.01,350,650,351.56,0.28401534470392475,351.01,350.8
352.0,0.9510565162951533,351.43,373.07,373.06,350.76,1950.0,350.99,351.01,350.98,350.83,350.79,351.56,350.98,350.9,350.96,350.98,350.8,300,350.91,350.8,350.82,351.02,351.13,350,650,352.24,0.3090169943749481,351.12,350.82
351.78,0.9426414910921774,351.9,373.07,373.06,350.76,1950.0,350.97,351.12,350.96,350.83,350.79,351.45,351.07,350.89,350.95,350.96,350.8,300,350.98,350.8,350.81,351.01,351.09,350,650,353.99,0.33380685923377373,351.31,350.84
351.63,0.9335804264972012,352.83,373.07,373.06,350.76,1950.0,350.95,351.31,350.95,350.83,350.79,351.36,351.2,350.88,350.95,350.94,350.79,300,351.07,350.8,350.81,351.01,351.06,350,650,358.45,0.3583679495453016,351.61,350.86
350.88,0.9238795325112867,354.87,373.07,373.06,350.76,1950.0,350.78,351.61,350.93,350.83,350.79,350.84,351.38,350.87,350.96,350.93,350.79,300,351.2,350.8,350.81,351.03,351.03,350,650,365.48,0.3826834323650898,352.09,350.89
350.87,0.9135454576426,358.83,373.07,373.06,350.76,1950.0,350.78,352.09,351.01,350.83,350.79,350.83,351.63,350.91,350.98,350.91,350.8,300,351.38,350.8,350.8,351.06,351.0,350,650,370.06,0.4067366430758022,352.91,350.92
350.86,0.9025852843498603,363.91,373.07,373.06,350.76,1950.0,350.78,352.91,351.12,350.84,350.79,350.83,351.96,350.98,351.02,350.9,350.82,300,351.63,350.81,350.8,351.11,350.98,350,650,371.81,0.4305110968082958,354.26,350.95
350.86,0.8910065241883666,367.85,373.07,373.06,350.77,1950.0,350.77,354.26,351.31,350.84,350.8,350.82,352.37,351.07,351.03,350.89,350.84,300,351.96,350.83,350.8,351.13,350.96,350,650,372.47,0.4539904997395494,356.22,350.99
350.85,0.8788171126619647,363.06,373.07,373.05,350.77,1950.0,350.77,356.22,351.61,350.85,350.82,350.82,351.91,351.2,351.03,350.88,350.86,200,352.37,350.86,350.79,351.12,350.95,150,350,371.51,0.4771587602596097,354.02,350.95
350.85,0.8660254037844387,358.65,373.07,373.05,350.78,1950.0,350.77,354.02,352.09,350.85,350.85,350.82,351.63,351.38,351.02,350.87,350.89,200,351.91,350.9,350.79,351.11,350.93,150,350,369.86,0.49999999999999994,352.89,350.92
350.84,0.8526401643540911,355.68,373.07,373.05,350.78,1950.0,350.77,352.89,352.91,350.85,350.85,350.81,351.44,351.63,351.01,350.91,350.92,200,351.63,350.89,350.8,351.09,351.01,150,350,366.97,0.5224985647159507,352.27,350.9
350.84,0.8386705679454236,354.02,373.07,373.05,350.78,1950.0,350.77,352.27,354.26,350.84,350.84,350.81,351.32,351.96,351.01,350.98,350.95,200,351.44,350.88,350.82,351.09,351.12,150,350,363.06,0.5446390350150276,351.91,350.88
350.84,0.824126188622014,353.03,373.07,373.05,350.78,1950.0,350.77,351.91,356.22,350.85,350.84,350.81,351.23,352.37,351.04,351.07,350.99,200,351.32,350.88,350.84,351.14,351.31,150,350,359.3,0.5664062369248353,351.67,350.87
350.83,0.8090169943749466,352.43,373.07,373.05,350.78,1950.0,350.77,351.67,354.02,350.86,350.83,350.81,351.16,351.91,351.09,351.2,350.95,200,351.23,350.87,350.86,351.22,351.61,150,350,356.49,0.5877852522924742,351.5,350.86
350.83,0.7933533402912352,352.07,373.07,373.05,350.78,1950.0,350.77,351.5,352.89,350.87,350.83,350.81,351.1,351.63,351.15,351.38,350.92,200,351.16,350.86,350.89,351.33,352.09,150,350,354.72,0.6087614290087207,351.38,350.85
350.83,0.7771459614569696,351.82,373.07,373.05,350.77,1950.0,350.77,351.38,352.27,350.89,350.82,350.8,351.06,351.44,351.24,351.63,350.9,200,351.1,350.86,350.92,351.48,352.91,150,350,353.63,0.6293203910498392,351.29,350.84
350.82,0.7604059656000305,351.64,373.07,373.05,350.77,1950.0,350.77,351.29,351.91,350.91,350.82,350.8,351.02,351.32,351.34,351.96,350.88,200,351.06,350.85,350.95,351.69,354.26,150,350,352.9,0.6494480483301842,351.21,350.83
350.82,0.7431448254773922,351.49,373.07,373.05,350.77,1950.0,350.77,351.21,351.67,350.93,350.82,350.8,350.99,351.23,351.48,352.37,350.87,200,351.02,350.85,350.99,351.96,356.22,150,350,352.42,0.6691306063588603,351.15,350.82
350.82,0.7253743710122866,351.39,373.07,373.05,350.78,1950.0,350.77,351.15,351.5,350.95,350.84,350.8,350.97,351.16,351.64,351.91,350.86,200,350.99,350.88,350.95,352.32,354.02,150,350,352.11,0.688354575693755,351.11,350.82
350.82,0.7071067811865476,351.31,373.07,373.05,350.79,1950.0,350.76,351.11,351.38,350.98,350.87,350.8,350.95,351.1,351.83,351.63,350.85,200,350.97,350.93,350.92,352.79,352.89,150,350,351.89,0.7071067811865475,351.07,350.81
350.82,0.6883545756937524,351.25,373.07,373.05,350.8,1950.0,350.76,351.07,351.29,351.0,350.92,350.8,350.93,351.06,352.05,351.44,350.84,200,350.95,351.01,350.9,353.39,352.27,150,350,351.71,0.7253743710122892,351.04,350.81
350.81,0.6691306063588577,351.19,373.07,373.05,350.82,1950.0,350.76,351.04,351.21,351.03,350.98,350.79,350.92,351.02,352.28,351.32,350.83,200,350.93,351.13,350.88,354.1,351.91,150,350,351.57,0.7431448254773947,351.01,350.8
350.81,0.6494480483301814,351.14,373.07,373.05,350.81,1950.0,350.76,351.01,351.15,351.05,350.96,350.79,350.9,350.99,352.51,351.23,350.82,200,350.92,351.09,350.87,354.88,351.67,150,350,351.47,0.7604059656000328,350.99,350.8
350.81,0.6293203910498363,351.11,373.07,373.05,350.81,1950.0,350.76,350.99,351.11,351.07,350.94,350.79,350.89,350.97,352.75,351.16,350.82,200,350.9,351.06,350.86,355.68,351.5,150,350,351.38,0.7771459614569718,350.97,350.8
350.81,0.6087614290087207,351.3,373.07,373.06,350.81,1950.0,350.76,350.97,351.07,351.09,350.93,350.79,350.95,350.95,352.97,351.1,350.81,300,350.89,351.03,350.85,356.44,351.38,350,650,351.87,0.7933533402912352,351.07,350.81
350.81,0.5877852522924714,351.65,373.07,373.06,350.8,1950.0,350.76,351.07,351.04,351.1,350.91,350.79,351.02,350.93,353.17,351.06,350.81,300,350.95,351.0,350.84,357.11,351.29,350,650,352.97,0.8090169943749487,351.22,350.83
350.81,0.5664062369248323,352.3,373.07,373.06,350.8,1950.0,350.76,351.22,351.01,351.12,350.9,350.79,351.13,350.92,353.34,351.02,350.8,300,351.02,350.98,350.83,357.67,351.21,350,650,355.88,0.824126188622016,351.45,350.85
350.81,0.5446390350150246,353.75,373.07,373.06,350.8,1950.0,350.76,351.45,350.99,351.13,350.89,350.79,351.29,350.9,353.48,350.99,350.8,300,351.13,350.96,350.82,358.12,351.15,350,650,362.23,0.8386705679454256,351.84,350.88
350.81,0.5224985647159476,356.72,373.07,373.06,350.79,1950.0,350.76,351.84,350.97,351.13,350.88,350.79,351.5,350.89,353.6,350.97,350.8,300,351.29,350.95,350.82,358.47,351.11,350,650,368.43,0.8526401643540931,352.47,350.91
350.8,0.5000000000000001,361.58,373.07,373.06,350.79,1950.0,350.76,352.47,351.07,351.14,350.87,350.79,351.8,350.95,353.69,350.95,350.81,300,351.5,350.93,350.81,358.74,351.07,350,650,371.2,0.8660254037844386,353.57,350.94
350.8,0.47715876025960646,366.26,373.07,373.06,350.8,1950.0,350.76,353.57,351.22,351.15,350.91,350.79,352.16,351.02,353.76,350.93,350.83,300,351.8,351.01,350.81,358.95,351.04,350,650,372.24,0.8788171126619665,355.23,350.97
350.8,0.45399049973954625,369.18,373.07,373.06,350.82,1950.0,350.76,355.23,351.45,351.13,350.98,350.79,352.63,351.13,352.7,350.92,350.85,300,352.16,351.12,350.8,354.81,351.01,350,650,372.64,0.8910065241883681,357.52,351.0
350.8,0.43051109680829247,370.65,373.07,373.06,350.84,1950.0,350.76,357.52,351.84,351.09,351.07,350.79,353.19,351.29,352.14,350.9,350.88,300,352.63,351.31,350.8,353.26,350.99,350,650,372.8,0.9025852843498618,360.05,351.03
350.8,0.406736643075799,371.41,373.07,373.06,350.86,1950.0,350.76,360.05,352.47,351.05,351.2,350.79,353.77,351.5,351.84,350.89,350.91,300,353.19,351.61,350.8,352.55,350.97,350,650,372.87,0.9135454576426014,362.3,351.06
350.8,0.38268343236508984,371.84,373.07,373.06,350.89,1950.0,350.76,362.3,353.57,351.01,351.38,350.79,354.32,351.8,351.64,350.95,350.94,300,353.77,352.09,350.81,352.14,351.07,350,650,372.91,0.9238795325112867,364.09,351.08
350.8,0.3583679495452983,372.1,373.07,373.06,350.92,1950.0,350.76,364.09,355.23,350.97,351.63,350.79,354.84,352.16,351.69,351.02,350.97,300,354.32,352.91,350.83,352.42,351.22,350,650,372.93,0.9335804264972025,365.42,351.1
350.81,0.3338068592337703,370.37,373.07,373.05,350.95,1950.0,350.76,365.42,357.52,350.99,351.96,350.79,353.11,352.63,351.89,351.13,351.0,200,354.84,354.26,350.85,352.94,351.45,150,350,372.66,0.9426414910921787,359.63,351.03
350.83,0.30901699437494473,367.13,373.07,373.05,350.99,1950.0,350.77,359.63,360.05,351.01,352.37,350.8,352.29,353.19,352.12,351.29,351.03,200,353.11,356.22,350.88,353.6,351.84,150,350,372.27,0.9510565162951544,355.79,350.98
350.86,0.28401534470392126,362.44,373.07,373.05,350.95,1950.0,350.77,355.79,362.3,351.04,351.91,350.82,351.87,353.77,352.35,351.5,351.06,200,352.29,354.02,350.91,354.33,352.47,150,350,371.35,0.9588197348681935,353.83,350.95
350.9,0.25881904510252074,358.18,373.07,373.05,350.92,1950.0,350.78,353.83,364.09,351.06,351.63,350.85,351.6,354.32,352.59,351.8,351.08,200,351.87,352.89,350.94,355.12,353.57,150,350,369.56,0.9659258262890683,352.79,350.92
350.89,0.2334453638559033,355.41,373.07,373.05,350.9,1950.0,350.78,352.79,365.42,351.08,351.44,350.85,351.43,354.84,352.82,352.16,351.1,200,351.6,352.27,350.97,355.92,355.23,150,350,366.5,0.9723699203976771,352.21,350.9
350.88,0.2079116908177586,353.87,373.07,373.05,350.88,1950.0,350.78,352.21,359.63,351.09,351.32,350.84,351.31,353.11,353.03,352.63,351.03,200,351.43,351.91,351.0,356.66,357.52,150,350,362.55,0.9781476007338058,351.88,350.88
350.88,0.1822355254921444,352.94,373.07,373.05,350.87,1950.0,350.78,351.88,355.79,351.11,351.23,350.84,351.22,352.29,353.22,353.19,350.98,200,351.31,351.67,351.03,357.29,360.05,150,350,358.88,0.9832549075639552,351.65,350.87
350.87,0.1564344650402294,352.38,373.07,373.05,350.86,1950.0,350.78,351.65,353.83,351.12,351.16,350.83,351.15,351.87,353.39,353.77,350.95,200,351.22,351.5,351.06,357.82,362.3,150,350,356.21,0.987688340595138,351.48,350.85
350.86,0.1305261922200517,353.94,373.07,373.06,350.85,1950.0,350.78,351.48,352.79,351.13,351.1,350.83,351.31,351.6,353.52,354.32,350.92,300,351.15,351.38,351.08,358.23,364.09,350,650,362.87,0.9914448613738104,351.89,350.88
350.86,0.10452846326765125,357.09,373.07,373.06,350.84,1950.0,350.77,351.89,352.21,351.14,351.06,350.82,351.53,351.43,353.63,354.84,350.9,300,351.31,351.29,351.1,358.56,365.42,350,650,368.8,0.9945218953682736,352.54,350.91
350.85,0.07845909572784433,362.04,373.07,373.06,350.83,1950.0,350.77,352.54,351.88,351.14,351.02,350.82,351.83,351.31,353.71,353.11,350.88,300,351.53,351.21,351.03,358.81,359.63,350,650,371.34,0.9969173337331281,353.69,350.94
350.85,0.052335956242940865,366.6,373.07,373.06,350.82,1950.0,350.77,353.69,351.65,351.15,350.99,350.82,352.2,351.22,353.78,352.29,350.87,300,351.83,351.15,350.98,359.0,355.79,350,650,372.29,0.998629534754574,355.41,350.97
350.88,0.026176948307871584,361.65,373.07,373.05,350.82,1950.0,350.78,355.41,351.48,351.15,350.97,350.84,351.82,351.15,353.83,351.87,350.85,200,352.2,351.11,350.95,359.14,353.83,150,350,371.12,0.9996573249755574,353.61,350.94
350.93,6.123233995736766e-17,357.6,373.07,373.05,350.81,1950.0,350.79,353.61,351.89,351.15,350.95,350.87,351.57,351.31,353.87,351.6,350.88,200,351.82,351.07,350.92,359.26,352.79,150,350,369.14,1.0,352.66,350.92
351.01,-0.026176948307875238,355.08,373.07,373.05,350.81,1950.0,350.8,352.66,352.54,351.15,350.93,350.92,351.4,351.53,353.9,351.43,350.91,200,351.57,351.04,350.9,359.34,352.21,150,350,365.87,0.9996573249755573,352.14,350.89
351.13,-0.05233595624294473,353.68,373.07,373.05,350.8,1950.0,350.82,352.14,353.69,351.16,350.92,350.98,351.29,351.83,353.93,351.31,350.94,200,351.4,351.01,350.88,359.4,351.88,150,350,361.88,0.9986295347545738,351.83,350.88
351.09,-0.07845909572784798,356.63,373.07,373.06,350.8,1950.0,350.81,351.83,355.41,351.16,350.9,350.96,351.5,352.2,353.94,351.22,350.97,300,351.29,350.99,350.87,359.45,351.65,350,650,368.33,0.9969173337331277,352.45,350.91
351.06,-0.10452846326765487,361.47,373.07,373.06,350.8,1950.0,350.81,352.45,353.61,351.16,350.89,350.94,351.79,351.82,353.96,351.15,350.94,300,351.5,350.97,350.85,359.48,351.48,350,650,371.17,0.9945218953682732,353.54,350.94
351.03,-0.1305261922200516,366.17,373.07,373.06,350.81,1950.0,350.81,353.54,352.66,351.16,350.95,350.93,352.16,351.57,353.97,351.31,350.92,300,351.79,351.07,350.88,359.51,351.89,350,650,372.23,0.9914448613738104,355.19,350.97
351.0,-0.15643446504023323,369.14,373.07,373.06,350.83,1950.0,350.8,355.19,352.14,351.16,351.02,350.91,352.62,351.4,353.97,351.53,350.89,300,352.16,351.22,350.91,359.53,352.54,350,650,372.63,0.9876883405951373,357.47,351.0
350.98,-0.1822355254921482,364.8,373.07,373.05,350.85,1950.0,350.8,357.47,351.83,351.16,351.13,350.9,352.05,351.29,353.98,351.83,350.88,200,352.62,351.45,350.94,359.55,353.69,150,350,371.88,0.9832549075639544,354.62,350.96
350.96,-0.20791169081776217,360.1,373.07,373.05,350.88,1950.0,350.8,354.62,352.45,351.16,351.29,350.89,351.72,351.5,353.98,352.2,350.91,200,352.05,351.84,350.97,359.56,355.41,150,350,370.57,0.978147600733805,353.22,350.93
350.95,-0.23344536385590686,356.56,373.07,373.05,350.91,1950.0,350.79,353.22,353.54,351.16,351.5,350.88,351.5,351.79,353.99,351.82,350.94,200,351.72,352.47,350.94,359.57,353.61,150,350,368.16,0.9723699203976762,352.45,350.91
350.93,-0.25881904510252063,354.51,373.07,373.05,350.94,1950.0,350.79,352.45,355.19,351.14,351.8,350.87,351.36,352.16,352.78,351.57,350.97,200,351.5,353.57,350.92,355.06,352.66,150,350,364.51,0.9659258262890683,352.02,350.89
351.01,-0.28401534470392475,353.33,373.07,373.05,350.97,1950.0,350.8,352.02,357.47,351.1,352.16,350.91,351.26,352.62,352.19,351.4,351.0,200,351.36,355.23,350.89,353.38,352.14,150,350,360.57,0.9588197348681924,351.75,350.87
351.12,-0.3090169943749482,352.61,373.07,373.05,351.0,1950.0,350.82,351.75,354.62,351.05,352.63,350.98,351.18,352.05,351.87,351.29,350.96,200,351.26,357.52,350.88,352.61,351.83,150,350,357.36,0.9510565162951533,351.55,350.86
351.31,-0.33380685923377373,352.18,373.07,373.05,351.03,1950.0,350.84,351.55,353.22,351.02,353.19,351.07,351.12,351.72,351.66,351.5,350.93,200,351.18,360.05,350.91,352.18,352.45,150,350,355.25,0.9426414910921774,351.42,350.85
351.61,-0.3583679495453015,351.9,373.07,373.05,351.06,1950.0,350.86,351.42,352.45,350.98,353.77,351.2,351.07,351.5,351.71,351.79,350.91,200,351.12,362.3,350.94,352.47,353.54,150,350,353.97,0.9335804264972013,351.32,350.84
352.09,-0.3826834323650895,351.7,373.07,373.05,351.08,1950.0,350.89,351.32,352.02,350.99,354.32,351.38,351.04,351.36,351.92,352.16,350.89,200,351.07,364.09,350.97,353.02,355.19,150,350,353.13,0.9238795325112868,351.24,350.83
352.91,-0.4067366430758023,351.54,373.07,373.05,351.1,1950.0,350.92,351.24,351.75,351.01,354.84,351.63,351.0,351.26,352.15,352.62,350.87,200,351.04,365.42,351.0,353.69,357.47,150,350,352.57,0.9135454576426,351.17,350.82
354.26,-0.43051109680829575,351.42,373.07,373.05,351.03,1950.0,350.95,351.17,351.55,351.04,353.11,351.96,350.98,351.18,352.38,352.05,350.86,200,351.0,359.63,350.96,354.43,354.62,150,350,352.21,0.9025852843498603,351.12,350.82
356.22,-0.45399049973954947,351.34,373.07,373.05,350.98,1950.0,350.99,351.12,351.42,351.04,352.29,352.37,350.96,351.12,352.05,351.72,350.85,200,350.98,355.79,350.93,353.11,353.22,150,350,351.96,0.8910065241883665,351.08,350.81
354.02,-0.4771587602596096,351.72,373.07,373.06,350.95,1950.0,350.95,351.08,351.32,351.02,351.87,351.91,351.04,351.07,351.77,351.5,350.84,300,350.96,353.83,350.91,352.43,352.45,350,650,353.23,0.8788171126619647,351.24,350.83
352.89,-0.4999999999999998,352.43,373.07,373.06,350.92,1950.0,350.92,351.24,351.24,351.0,351.6,351.63,351.15,351.04,351.59,351.36,350.83,300,351.04,352.79,350.89,352.06,352.02,350,650,356.55,0.8660254037844387,351.49,350.85
352.27,-0.5224985647159472,354.05,373.07,373.06,350.9,1950.0,350.9,351.49,351.17,350.97,351.43,351.44,351.32,351.0,351.47,351.26,350.82,300,351.15,352.21,350.87,351.82,351.75,350,650,363.24,0.8526401643540932,351.91,350.88
351.91,-0.5446390350150309,357.31,373.07,373.06,350.88,1950.0,350.88,351.91,351.12,350.95,351.31,351.32,351.54,350.98,351.38,351.18,350.82,300,351.32,351.88,350.86,351.66,351.55,350,650,369.0,0.8386705679454216,352.59,350.91
351.67,-0.5664062369248352,362.29,373.07,373.06,350.87,1950.0,350.87,352.59,351.08,350.93,351.22,351.23,351.85,350.96,351.3,351.12,350.81,300,351.54,351.65,350.85,351.54,351.42,350,650,371.41,0.824126188622014,353.77,350.94
351.5,-0.5877852522924741,366.78,373.07,373.06,350.85,1950.0,350.86,353.77,351.24,350.92,351.15,351.16,352.22,351.04,351.25,351.07,350.83,300,351.85,351.48,350.84,351.45,351.32,350,650,372.32,0.8090169943749467,355.51,350.98
351.38,-0.6087614290087207,369.45,373.07,373.06,350.88,1950.0,350.85,355.51,351.49,350.91,351.31,351.1,352.71,351.15,351.2,351.04,350.85,300,352.22,351.89,350.83,351.37,351.24,350,650,372.67,0.7933533402912352,357.87,351.01
351.29,-0.6293203910498363,370.79,373.07,373.06,350.91,1950.0,350.84,357.87,351.91,350.89,351.53,351.06,353.27,351.32,351.2,351.0,350.88,300,352.71,352.54,350.82,351.4,351.17,350,650,372.81,0.7771459614569719,360.38,351.04
351.21,-0.649448048330187,367.62,373.07,373.05,350.94,1950.0,350.83,360.38,352.59,350.9,351.83,351.02,352.36,351.54,351.28,350.98,350.91,200,353.27,353.69,350.82,351.57,351.12,150,350,372.34,0.7604059656000282,356.13,350.99
351.15,-0.6691306063588602,363.02,373.07,373.05,350.97,1950.0,350.82,356.13,353.77,350.92,352.2,350.99,351.91,351.85,351.4,350.96,350.94,200,352.36,355.41,350.81,351.8,351.08,150,350,371.5,0.7431448254773925,354.01,350.95
351.11,-0.6883545756937551,358.62,373.07,373.05,350.94,1950.0,350.82,354.01,355.51,350.94,351.82,350.97,351.63,352.22,351.55,351.04,350.98,200,351.91,353.61,350.83,352.11,351.24,150,350,369.84,0.7253743710122866,352.88,350.92
351.07,-0.7071067811865475,355.66,373.07,373.05,350.92,1950.0,350.81,352.88,357.87,350.95,351.57,350.95,351.44,352.71,351.5,351.15,351.01,200,351.63,352.66,350.85,351.94,351.49,150,350,366.94,0.7071067811865476,352.26,350.9
351.04,-0.7253743710122864,360.23,373.07,373.06,350.89,1950.0,350.81,352.26,360.38,350.94,351.4,350.93,351.72,353.27,351.41,351.32,351.04,300,351.44,352.14,350.88,351.73,351.91,350,650,370.73,0.6883545756937552,353.23,350.93
351.01,-0.743144825477397,365.18,373.07,373.06,350.88,1950.0,350.8,353.23,356.13,350.93,351.29,350.92,352.06,352.36,351.33,351.54,350.99,300,351.72,351.83,350.91,351.59,352.59,350,650,372.06,0.6691306063588551,354.74,350.96
350.99,-0.7604059656000329,368.59,373.07,373.06,350.91,1950.0,350.8,354.74,354.01,350.92,351.5,350.9,352.5,351.91,351.27,351.85,350.95,300,352.06,352.45,350.94,351.48,353.77,350,650,372.57,0.6494480483301813,356.88,351.0
350.97,-0.7771459614569718,370.36,373.07,373.06,350.94,1950.0,350.8,356.88,352.88,350.91,351.79,350.89,353.04,351.63,351.22,352.22,350.92,300,352.5,353.54,350.98,351.4,355.51,350,650,372.77,0.6293203910498364,359.4,351.03
351.07,-0.793353340291235,371.26,373.07,373.06,350.97,1950.0,350.81,359.4,352.26,350.9,352.16,350.95,353.62,351.44,351.18,352.71,350.9,300,353.04,355.19,351.01,351.34,357.87,350,650,372.86,0.6087614290087209,361.75,351.05
351.22,-0.8090169943749466,371.75,373.07,373.06,351.0,1950.0,350.83,361.75,353.23,350.89,352.62,351.02,354.18,351.72,351.15,353.27,350.93,300,353.62,357.47,351.04,351.29,360.38,350,650,372.9,0.5877852522924742,363.67,351.08
351.45,-0.8241261886220183,372.04,373.07,373.06,350.96,1950.0,350.85,363.67,354.74,350.88,352.05,351.13,354.71,352.06,351.12,352.36,350.96,300,354.18,354.62,350.99,351.24,356.13,350,650,372.93,0.5664062369248292,365.11,351.1
351.84,-0.8386705679454256,372.22,373.07,373.06,350.93,1950.0,350.88,365.11,356.88,350.88,351.72,351.29,355.17,352.5,351.09,351.91,351.0,300,354.71,353.22,350.95,351.2,354.01,350,650,372.94,0.5446390350150246,366.14,351.11
352.47,-0.8526401643540931,372.34,373.07,373.06,350.91,1950.0,350.91,366.14,359.4,350.87,351.5,351.5,355.57,353.04,351.07,351.63,351.03,300,355.17,352.45,350.92,351.17,352.88,350,650,372.95,0.5224985647159475,366.88,351.12
353.57,-0.8660254037844387,372.41,373.07,373.06,350.89,1950.0,350.94,366.88,361.75,350.86,351.36,351.8,355.89,353.62,351.05,351.44,351.05,300,355.57,352.02,350.9,351.15,352.26,350,650,372.96,0.49999999999999994,367.38,351.13
355.23,-0.8788171126619646,372.46,373.07,373.06,350.87,1950.0,350.97,367.38,363.67,350.86,351.26,352.16,356.14,354.18,351.04,351.72,351.08,300,355.89,351.75,350.93,351.12,353.23,350,650,372.96,0.4771587602596098,367.74,351.14
357.52,-0.8910065241883698,372.49,373.07,373.06,350.86,1950.0,351.0,367.74,365.11,350.85,351.18,352.63,356.34,354.71,351.02,352.06,351.1,300,356.14,351.55,350.96,351.1,354.74,350,650,372.97,0.4539904997395429,367.99,351.14
360.05,-0.9025852843498617,372.51,373.07,373.06,350.85,1950.0,351.03,367.99,366.14,350.85,351.12,353.19,356.48,355.17,351.01,352.5,351.11,300,356.34,351.42,351.0,351.09,356.88,350,650,372.97,0.4305110968082927,368.17,351.15
362.3,-0.9135454576426015,372.53,373.07,373.06,350.84,1950.0,351.06,368.17,366.88,350.85,351.07,353.77,356.59,355.57,351.0,353.04,351.12,300,356.48,351.32,351.03,351.07,359.4,350,650,372.97,0.4067366430757988,368.29,351.15
364.09,-0.9238795325112867,372.54,373.07,373.06,350.83,1950.0,351.08,368.29,367.38,350.84,351.04,354.32,356.67,355.89,350.99,353.62,351.13,300,356.59,351.24,351.05,351.06,361.75,350,650,372.97,0.3826834323650899,368.38,351.15
365.42,-0.9335804264972011,372.55,373.07,373.06,350.82,1950.0,351.1,368.38,367.74,350.84,351.0,354.84,356.73,356.14,350.98,354.18,351.14,300,356.67,351.17,351.08,351.05,363.67,350,650,372.97,0.3583679495453019,368.44,351.15
359.63,-0.94264149109218,371.46,373.07,373.05,350.82,1950.0,351.03,368.44,367.99,350.84,350.98,353.11,353.96,356.34,350.97,354.71,351.14,200,356.73,351.12,351.1,351.04,365.11,150,350,372.77,0.3338068592337666,362.86,351.07
355.79,-0.9510565162951545,369.28,373.07,373.05,350.81,1950.0,350.98,362.86,368.17,350.83,350.96,352.29,352.7,356.48,350.97,355.17,351.15,200,353.96,351.08,351.11,351.03,366.14,150,350,372.54,0.30901699437494456,357.78,351.01
353.83,-0.9588197348681934,365.29,373.07,373.05,350.83,1950.0,350.95,357.78,368.29,350.83,351.04,351.87,352.09,356.59,350.96,355.57,351.15,200,352.7,351.24,351.12,351.02,366.88,150,350,371.97,0.2840153447039213,354.82,350.97
352.79,-0.9659258262890682,360.55,373.07,373.05,350.85,1950.0,350.92,354.82,368.38,350.83,351.15,351.6,351.75,356.67,350.96,355.89,351.15,200,352.09,351.49,351.13,351.02,367.38,150,350,370.75,0.258819045102521,353.33,350.94
352.21,-0.9723699203976762,356.86,373.07,373.05,350.88,1950.0,350.9,353.33,368.44,350.83,351.32,351.43,351.52,356.73,350.97,356.14,351.15,200,351.75,351.91,351.14,351.04,367.74,150,350,368.47,0.2334453638559068,352.51,350.91
351.88,-0.9781476007338066,354.67,373.07,373.05,350.91,1950.0,350.88,352.51,362.86,350.83,351.54,351.31,351.37,353.96,350.99,356.34,351.07,200,351.52,352.59,351.14,351.08,367.99,150,350,364.93,0.20791169081775496,352.06,350.89
351.65,-0.9832549075639551,353.43,373.07,373.05,350.94,1950.0,350.87,352.06,357.78,350.84,351.85,351.22,351.27,352.7,351.03,356.48,351.01,200,351.37,353.77,351.15,351.14,368.17,150,350,360.96,0.18223552549214467,351.78,350.87
351.48,-0.9876883405951379,352.67,373.07,373.05,350.98,1950.0,350.85,351.78,354.82,350.85,352.22,351.15,351.19,352.09,351.08,356.59,350.97,200,351.27,355.51,351.15,351.22,368.29,150,350,357.65,0.15643446504022968,351.57,350.86
351.89,-0.9914448613738104,352.22,373.07,373.05,351.01,1950.0,350.88,351.57,353.33,350.87,352.71,351.31,351.13,351.75,351.15,356.67,350.94,200,351.19,357.87,351.15,351.33,368.38,150,350,355.43,0.130526192220052,351.43,350.85
352.54,-0.9945218953682732,351.93,373.07,373.05,351.04,1950.0,350.91,351.43,352.51,350.89,353.27,351.53,351.08,351.52,351.23,356.73,350.91,200,351.13,360.38,351.15,351.48,368.44,150,350,354.07,0.1045284632676555,351.33,350.84
353.69,-0.9969173337331283,351.72,373.07,373.05,350.99,1950.0,350.94,351.33,352.06,350.9,352.36,351.83,351.04,351.37,351.34,353.96,350.89,200,351.08,356.13,351.07,351.68,362.86,150,350,353.2,0.07845909572784064,351.25,350.83
355.41,-0.998629534754574,351.55,373.07,373.05,350.95,1950.0,350.97,351.25,351.78,350.91,351.91,352.2,351.01,351.27,351.34,352.7,350.87,200,351.04,354.01,351.01,351.63,357.78,150,350,352.62,0.0523359562429407,351.18,350.83
353.61,-0.9996573249755574,351.43,373.07,373.05,350.92,1950.0,350.94,351.18,351.57,350.91,351.63,351.82,350.98,351.19,351.28,352.09,350.86,200,351.01,352.88,350.97,351.52,354.82,150,350,352.24,0.026176948307871647,351.13,350.82
352.66,-1.0,351.35,373.07,373.05,350.9,1950.0,350.92,351.13,351.43,350.91,351.44,351.57,350.96,351.13,351.23,351.75,350.85,200,350.98,352.26,350.94,351.43,353.33,150,350,351.98,1.2246467991473532e-16,351.09,350.81
352.14,-0.9996573249755574,351.28,373.07,373.05,350.93,1950.0,350.89,351.09,351.33,350.9,351.72,351.4,350.94,351.08,351.19,351.52,350.84,200,350.96,353.23,350.91,351.36,352.51,150,350,351.79,-0.0261769483078714,351.05,350.81
351.83,-0.9986295347545736,351.21,373.07,373.05,350.96,1950.0,350.88,351.05,351.25,350.89,352.06,351.29,350.92,351.04,351.16,351.37,350.83,200,350.94,354.74,350.89,351.3,352.06,150,350,351.63,-0.052335956242948,351.02,350.8
352.45,-0.9969173337331277,351.48,373.07,373.06,351.0,1950.0,350.91,351.02,351.18,350.88,352.5,351.5,350.99,351.01,351.13,351.27,350.83,300,350.92,356.88,350.87,351.26,351.78,350,650,352.4,-0.07845909572784747,351.15,350.82
353.54,-0.9945218953682732,352.0,373.07,373.06,351.03,1950.0,350.94,351.15,351.13,350.88,353.04,351.79,351.09,350.98,351.1,351.19,350.82,300,350.99,359.4,350.86,351.22,351.57,350,650,354.42,-0.10452846326765526,351.35,350.84
355.19,-0.9914448613738104,353.05,373.07,373.06,351.05,1950.0,350.97,351.35,351.09,350.87,353.62,352.16,351.22,350.96,351.08,351.13,350.81,300,351.09,361.75,350.85,351.19,351.43,350,650,359.45,-0.13052619222005177,351.67,350.87
357.47,-0.987688340595138,355.31,373.07,373.06,351.08,1950.0,351.0,351.67,351.05,350.86,354.18,352.62,351.41,350.94,351.07,351.08,350.81,300,351.22,363.67,350.84,351.19,351.33,350,650,366.41,-0.15643446504022943,352.18,350.89
354.62,-0.9832549075639537,353.77,373.07,373.05,351.1,1950.0,350.96,352.18,351.02,350.86,354.71,352.05,351.3,350.92,351.12,351.04,350.8,200,351.41,365.11,350.83,351.27,351.25,150,350,362.23,-0.18223552549215183,351.86,350.88
353.22,-0.978147600733805,352.88,373.07,373.05,351.11,1950.0,350.93,351.86,351.15,350.88,355.17,351.72,351.21,350.99,351.19,351.01,350.82,200,351.3,366.14,350.83,351.4,351.18,150,350,358.62,-0.20791169081776212,351.63,350.87
352.45,-0.9723699203976763,352.34,373.07,373.05,351.12,1950.0,350.91,351.63,351.35,350.89,355.57,351.5,351.14,351.09,351.28,350.98,350.84,200,351.21,366.88,350.82,351.57,351.13,150,350,356.04,-0.23344536385590658,351.47,350.85
352.02,-0.9659258262890683,352.01,373.07,373.05,351.13,1950.0,350.89,351.47,351.67,350.9,355.89,351.36,351.09,351.22,351.28,350.96,350.87,200,351.14,367.38,350.81,351.54,351.09,150,350,354.45,-0.2588190451025208,351.36,350.84
351.75,-0.9588197348681935,351.78,373.07,373.05,351.14,1950.0,350.87,351.36,352.18,350.9,356.14,351.26,351.05,351.41,351.24,350.94,350.89,200,351.09,367.74,350.81,351.45,351.05,150,350,353.45,-0.2840153447039211,351.27,350.84
351.55,-0.9510565162951521,351.6,373.07,373.05,351.14,1950.0,350.86,351.27,351.86,350.9,356.34,351.18,351.02,351.3,351.2,350.92,350.88,200,351.05,367.99,350.8,351.38,351.02,150,350,352.78,-0.30901699437495195,351.2,350.83
351.42,-0.9426414910921773,351.47,373.07,373.05,351.15,1950.0,350.85,351.2,351.63,350.89,356.48,351.12,350.99,351.21,351.16,350.99,350.87,200,351.02,368.17,350.82,351.32,351.15,150,350,352.35,-0.33380685923377384,351.14,350.82
351.32,-0.9335804264972012,351.37,373.07,373.05,351.15,1950.0,350.84,351.14,351.47,350.89,356.59,351.07,350.97,351.14,351.13,351.09,350.85,200,350.99,368.29,350.84,351.27,351.35,150,350,352.06,-0.35836794954530166,351.1,350.82
351.24,-0.9238795325112868,351.3,373.07,373.05,351.15,1950.0,350.83,351.1,351.36,350.88,356.67,351.04,350.95,351.09,351.11,351.22,350.84,200,350.97,368.38,350.87,351.23,351.67,150,350,351.85,-0.38268343236508967,351.07,350.81
351.17,-0.9135454576426016,351.23,373.07,373.05,351.15,1950.0,350.82,351.07,351.27,350.87,356.73,351.0,350.93,351.05,351.08,351.41,350.84,200,350.95,368.44,350.89,351.19,352.18,150,350,351.68,-0.4067366430757986,351.03,350.81
351.12,-0.9025852843498589,351.18,373.07,373.05,351.07,1950.0,350.82,351.03,351.2,350.87,353.96,350.98,350.91,351.02,351.06,351.3,350.83,200,350.93,362.86,350.88,351.17,351.86,150,350,351.55,-0.4305110968082989,351.01,350.8
351.08,-0.8910065241883666,351.13,373.07,373.05,351.01,1950.0,350.81,351.01,351.14,350.86,352.7,350.96,350.9,350.99,351.05,351.21,350.82,200,350.91,357.78,350.87,351.14,351.63,150,350,351.45,-0.4539904997395494,350.98,350.8
351.24,-0.8788171126619647,351.35,373.07,373.06,350.97,1950.0,350.83,350.98,351.1,350.86,352.09,351.04,350.96,350.97,351.03,351.14,350.82,300,350.9,354.82,350.85,351.12,351.47,350,650,352.0,-0.47715876025960957,351.09,350.81
351.49,-0.8660254037844388,351.74,373.07,373.06,350.94,1950.0,350.85,351.09,351.07,350.85,351.75,351.15,351.04,350.95,351.02,351.09,350.81,300,350.96,353.33,350.84,351.1,351.36,350,650,353.33,-0.4999999999999997,351.25,350.83
351.91,-0.8526401643540932,352.49,373.07,373.06,350.91,1950.0,350.88,351.25,351.03,350.85,351.52,351.32,351.16,350.93,351.01,351.05,350.81,300,351.04,352.51,350.84,351.08,351.27,350,650,356.82,-0.5224985647159472,351.51,350.85
352.59,-0.8386705679454216,354.16,373.07,373.06,350.89,1950.0,350.91,351.51,351.01,350.84,351.37,351.54,351.33,350.91,351.0,351.02,350.8,300,351.16,352.06,350.83,351.08,351.2,350,650,363.6,-0.5446390350150309,351.94,350.88
353.77,-0.824126188622014,353.1,373.07,373.05,350.87,1950.0,350.94,351.94,350.98,350.84,351.27,351.85,351.24,350.9,351.02,350.99,350.8,200,351.33,351.78,350.82,351.12,351.14,150,350,359.59,-0.5664062369248352,351.69,350.87
355.51,-0.8090169943749465,352.47,373.07,373.05,350.86,1950.0,350.98,351.69,351.09,350.85,351.19,352.22,351.16,350.96,351.06,350.97,350.81,200,351.24,351.57,350.82,351.19,351.1,150,350,356.68,-0.5877852522924745,351.51,350.86
357.87,-0.7933533402912352,352.09,373.07,373.05,350.85,1950.0,351.01,351.51,351.25,350.86,351.13,352.71,351.11,351.04,351.12,350.95,350.83,200,351.16,351.43,350.81,351.29,351.07,150,350,354.84,-0.6087614290087207,351.39,350.85
360.38,-0.7771459614569719,351.84,373.07,373.05,350.84,1950.0,351.04,351.39,351.51,350.88,351.08,353.27,351.06,351.16,351.2,350.93,350.85,200,351.11,351.33,350.81,351.42,351.03,150,350,353.7,-0.6293203910498362,351.29,350.84
356.13,-0.7604059656000282,351.65,373.07,373.05,350.83,1950.0,350.99,351.29,351.94,350.9,351.04,352.36,351.03,351.33,351.3,350.91,350.88,200,351.06,351.25,350.8,351.6,351.01,150,350,352.95,-0.6494480483301869,351.22,350.83
354.01,-0.7431448254773925,351.5,373.07,373.05,350.83,1950.0,350.95,351.22,351.69,350.92,351.01,351.91,351.0,351.24,351.42,350.9,350.87,200,351.03,351.18,350.8,351.85,350.98,150,350,352.45,-0.6691306063588602,351.16,350.82
352.88,-0.725374371012287,351.4,373.07,373.05,350.82,1950.0,350.92,351.16,351.51,350.94,350.98,351.63,350.97,351.16,351.58,350.96,350.86,200,351.0,351.13,350.81,352.17,351.09,150,350,352.13,-0.6883545756937547,351.11,350.82
352.26,-0.7071067811865479,351.32,373.07,373.05,350.81,1950.0,350.9,351.11,351.39,350.97,350.96,351.44,350.95,351.11,351.75,351.04,350.85,200,350.97,351.09,350.83,352.6,351.25,150,350,351.9,-0.7071067811865471,351.08,350.81
353.23,-0.6883545756937549,351.25,373.07,373.05,350.81,1950.0,350.93,351.08,351.29,350.99,350.94,351.72,350.94,351.06,351.96,351.16,350.84,200,350.95,351.05,350.85,353.15,351.51,150,350,351.73,-0.7253743710122867,351.04,350.81
354.74,-0.6691306063588548,351.19,373.07,373.05,350.8,1950.0,350.96,351.04,351.22,351.02,350.92,352.06,350.92,351.03,352.19,351.33,350.83,200,350.94,351.02,350.88,353.83,351.94,150,350,351.58,-0.7431448254773974,351.01,350.8
356.88,-0.6494480483301814,351.15,373.07,373.05,350.82,1950.0,351.0,351.01,351.16,351.04,350.99,352.5,350.91,351.0,352.43,351.24,350.82,200,350.92,351.15,350.87,354.59,351.69,150,350,351.47,-0.7604059656000328,350.99,350.8
359.4,-0.6293203910498364,351.11,373.07,373.05,350.84,1950.0,351.03,350.99,351.11,351.04,351.09,353.04,350.89,350.97,352.08,351.16,350.82,200,350.91,351.35,350.86,353.17,351.51,150,350,351.39,-0.7771459614569717,350.97,350.8
361.75,-0.6087614290087209,351.08,373.07,373.04,350.87,1950.0,351.05,350.97,351.08,351.02,351.22,353.62,350.88,350.95,351.79,351.11,350.81,200,350.89,351.67,350.85,352.46,351.39,150,350,351.32,-0.7933533402912349,350.95,350.79
363.67,-0.5877852522924747,351.05,373.07,373.04,350.89,1950.0,351.08,350.95,351.04,351.0,351.41,354.18,350.88,350.94,351.6,351.06,350.81,200,350.88,352.18,350.84,352.08,351.29,150,350,351.26,-0.8090169943749463,350.94,350.79
365.11,-0.5664062369248292,351.02,373.07,373.03,350.88,1950.0,351.1,350.94,351.01,350.97,351.3,354.71,350.87,350.92,351.48,351.03,350.8,200,350.88,351.86,350.83,351.84,351.22,150,350,351.21,-0.8241261886220181,350.93,350.79
366.14,-0.5446390350150248,351.0,373.07,373.02,350.87,1950.0,351.11,350.93,350.99,350.95,351.21,355.17,350.86,350.91,351.5,351.0,350.8,200,350.87,351.63,350.82,351.99,351.16,150,350,351.17,-0.8386705679454256,350.91,350.79
366.88,-0.5224985647159479,351.12,373.07,373.06,350.85,1950.0,351.12,350.91,350.97,350.96,351.14,355.57,350.9,350.89,351.67,350.97,350.8,300,350.86,351.47,350.82,352.38,351.11,350,650,351.43,-0.8526401643540928,350.98,350.8
367.38,-0.5000000000000004,351.34,373.07,373.06,350.84,1950.0,351.13,350.98,350.95,350.98,351.09,355.89,350.96,350.88,351.86,350.95,350.79,300,350.9,351.36,350.81,352.87,351.08,350,650,351.97,-0.8660254037844384,351.08,350.81
367.74,-0.47715876025961024,351.72,373.07,373.06,350.84,1950.0,351.14,351.08,350.94,351.01,351.05,356.14,351.04,350.88,352.08,350.94,350.79,300,350.96,351.27,350.81,353.5,351.04,350,650,353.24,-0.8788171126619644,351.24,350.83
367.99,-0.453990499739543,352.44,373.07,373.06,350.83,1950.0,351.14,351.24,350.93,351.01,351.02,356.34,351.15,350.87,351.87,350.92,350.79,300,351.04,351.2,350.8,352.7,351.01,350,650,356.58,-0.8910065241883698,351.49,350.85
368.17,-0.43051109680829275,352.07,373.07,373.05,350.82,1950.0,351.15,351.49,350.91,351.0,350.99,356.48,351.1,350.86,351.66,350.91,350.79,200,351.15,351.14,350.8,352.2,350.99,150,350,354.72,-0.9025852843498617,351.38,350.85
368.29,-0.4067366430757985,351.82,373.07,373.05,350.82,1950.0,351.15,351.38,350.98,350.98,350.97,356.59,351.06,350.9,351.52,350.89,350.8,200,351.1,351.1,350.8,351.91,350.97,150,350,353.62,-0.9135454576426016,351.29,350.84
368.38,-0.3826834323650895,351.64,373.07,373.05,350.81,1950.0,351.15,351.29,351.08,350.96,350.95,356.67,351.02,350.96,351.41,350.88,350.81,200,351.06,351.07,350.79,351.72,350.95,150,350,352.9,-0.9238795325112868,351.21,350.83
368.44,-0.35836794954530155,351.49,373.07,373.05,350.81,1950.0,351.15,351.21,351.24,350.94,350.93,356.73,350.99,351.04,351.33,350.88,350.83,200,351.02,351.03,350.79,351.59,350.94,150,350,352.42,-0.9335804264972013,351.15,350.82
362.86,-0.333806859233767,352.01,373.07,373.06,350.8,1950.0,351.07,351.15,351.49,350.93,350.91,353.96,351.09,351.15,351.27,350.87,350.85,300,350.99,351.01,350.79,351.48,350.93,350,650,354.51,-0.9426414910921798,351.35,350.84
357.78,-0.30901699437494506,353.09,373.07,373.06,350.8,1950.0,351.01,351.35,351.38,350.91,350.9,352.7,351.23,351.1,351.22,350.86,350.85,300,351.09,350.98,350.79,351.4,350.91,350,650,359.64,-0.9510565162951543,351.68,350.87
354.82,-0.2840153447039218,355.4,373.07,373.06,350.81,1950.0,350.97,351.68,351.29,350.9,350.96,352.09,351.42,351.06,351.18,350.9,350.84,300,351.23,351.09,350.8,351.34,350.98,350,650,366.58,-0.9588197348681933,352.2,350.89
353.33,-0.25881904510252063,359.72,373.07,373.06,350.83,1950.0,350.94,352.2,351.21,350.89,351.04,351.75,351.69,351.02,351.14,350.96,350.83,300,351.42,351.25,350.81,351.28,351.08,350,650,370.51,-0.9659258262890683,353.11,350.93
352.51,-0.2334453638559069,364.74,373.07,373.06,350.85,1950.0,350.91,353.11,351.15,350.88,351.16,351.52,352.03,350.99,351.12,351.04,350.82,300,351.69,351.51,350.83,351.24,351.24,350,650,371.97,-0.9723699203976762,354.56,350.96
352.06,-0.2079116908177546,368.34,373.07,373.06,350.88,1950.0,350.89,354.56,351.35,350.88,351.33,351.37,352.45,351.09,351.09,351.15,350.84,300,352.03,351.94,350.85,351.2,351.49,350,650,372.54,-0.9781476007338067,356.64,350.99
351.78,-0.18223552549214428,370.23,373.07,373.06,350.87,1950.0,350.87,356.64,351.68,350.87,351.24,351.27,352.98,351.23,351.07,351.1,350.87,300,352.45,351.69,350.85,351.17,351.38,350,650,372.75,-0.9832549075639552,359.15,351.02
351.57,-0.1564344650402293,371.19,373.07,373.06,350.86,1950.0,350.86,359.15,352.2,350.86,351.16,351.19,353.56,351.42,351.06,351.06,350.89,300,352.98,351.51,350.84,351.17,351.29,350,650,372.85,-0.987688340595138,361.54,351.05
351.43,-0.13052619222005163,371.72,373.07,373.06,350.85,1950.0,350.85,361.54,353.11,350.86,351.11,351.13,354.13,351.69,351.1,351.02,350.93,300,353.56,351.39,350.83,351.25,351.21,350,650,372.9,-0.9914448613738104,363.5,351.08
351.33,-0.10452846326765512,372.02,373.07,373.06,350.84,1950.0,350.84,363.5,354.56,350.87,351.06,351.08,354.66,352.03,351.17,350.99,350.96,300,354.13,351.29,350.82,351.37,351.15,350,650,372.93,-0.9945218953682732,364.99,351.09
351.25,-0.07845909572784114,372.21,373.07,373.06,350.83,1950.0,350.83,364.99,356.64,350.89,351.03,351.04,355.13,352.45,351.26,351.09,350.99,300,354.66,351.22,350.84,351.53,351.35,350,650,372.94,-0.9969173337331283,366.06,351.11
351.18,-0.05233595624294076,372.33,373.07,373.06,350.82,1950.0,350.83,366.06,359.15,350.9,351.0,351.01,355.53,352.98,351.27,351.23,351.02,300,355.13,351.16,350.87,351.51,351.68,350,650,372.95,-0.998629534754574,366.81,351.12
351.13,-0.026176948307871706,372.4,373.07,373.06,350.82,1950.0,350.82,366.81,361.54,350.9,350.97,350.98,355.86,353.56,351.23,351.42,351.05,300,355.53,351.11,350.89,351.43,352.2,350,650,372.96,-0.9996573249755574,367.34,351.13
351.09,-1.8369701987210297e-16,372.45,373.07,373.06,350.81,1950.0,350.81,367.34,363.5,350.9,350.95,350.96,356.12,354.13,351.19,351.69,351.08,300,355.86,351.08,350.93,351.36,353.11,350,650,372.96,-1.0,367.71,351.14
351.05,0.02617694830787134,372.49,373.07,373.06,350.81,1950.0,350.81,367.71,364.99,350.89,350.94,350.94,356.32,354.66,351.15,352.03,351.09,300,356.12,351.04,350.96,351.3,354.56,350,650,372.97,-0.9996573249755574,367.97,351.14
351.02,0.05233595624294838,372.51,373.07,373.06,350.8,1950.0,350.8,367.97,366.06,350.88,350.92,350.92,356.47,355.13,351.15,352.45,351.11,300,356.32,351.01,350.99,351.33,356.64,350,650,372.97,-0.9986295347545736,368.15,351.15
351.15,0.07845909572784786,372.53,373.07,373.06,350.8,1950.0,350.82,368.15,366.81,350.89,350.91,350.99,356.58,355.53,351.23,352.98,351.12,300,356.47,350.99,351.02,351.46,359.15,350,650,372.97,-0.9969173337331277,368.28,351.15
351.35,0.10452846326765476,372.54,373.07,373.06,350.8,1950.0,350.84,368.28,367.34,350.9,350.89,351.09,356.66,355.86,351.33,353.56,351.13,300,356.58,350.97,351.05,351.66,361.54,350,650,372.97,-0.9945218953682732,368.37,351.15
351.67,0.13052619222005127,372.55,373.07,373.06,350.79,1950.0,350.87,368.37,367.71,350.92,350.88,351.22,356.73,356.12,351.46,354.13,351.14,300,356.66,350.95,351.08,351.92,363.5,350,650,372.97,-0.9914448613738105,368.44,351.15
352.18,0.15643446504022893,372.55,373.07,373.06,350.79,1950.0,350.89,368.44,367.97,350.95,350.88,351.41,356.77,356.32,351.62,354.66,351.14,300,356.73,350.94,351.09,352.27,364.99,350,650,372.97,-0.987688340595138,368.48,351.16
351.86,0.18223552549215177,371.47,373.07,373.05,350.79,1950.0,350.88,368.48,368.15,350.97,350.87,351.3,353.97,356.47,351.8,355.13,351.15,200,356.77,350.93,351.11,352.72,366.06,150,350,372.77,-0.9832549075639537,362.92,351.07
351.63,0.20791169081776203,369.31,373.07,373.05,350.79,1950.0,350.87,362.92,368.28,351.0,350.86,351.21,352.71,356.58,352.02,355.53,351.15,200,353.97,350.91,351.12,353.31,366.81,150,350,372.55,-0.978147600733805,357.82,351.01
351.47,0.23344536385590653,365.34,373.07,373.05,350.8,1950.0,350.85,357.82,368.37,351.02,350.9,351.14,352.09,356.66,352.25,355.86,351.15,200,352.71,350.98,351.13,354.02,367.34,150,350,371.98,-0.9723699203976763,354.84,350.97
351.36,0.2588190451025203,360.6,373.07,373.05,350.81,1950.0,350.84,354.84,368.44,351.03,350.96,351.09,351.75,356.73,351.97,356.12,351.15,200,352.09,351.08,351.14,352.93,367.71,150,350,370.77,-0.9659258262890684,353.34,350.94
351.27,0.2840153447039214,365.62,373.07,373.06,350.83,1950.0,350.84,353.34,368.48,351.01,351.04,351.05,352.1,356.77,351.72,356.32,351.16,300,351.75,351.24,351.14,352.33,367.97,350,650,372.13,-0.9588197348681934,354.92,350.97
351.2,0.30901699437495145,368.84,373.07,373.06,350.85,1950.0,350.83,354.92,362.92,350.99,351.15,351.02,352.55,353.97,351.56,356.47,351.07,300,352.1,351.49,351.15,352.0,368.15,350,650,372.6,-0.9510565162951523,357.13,351.0
351.14,0.3338068592337734,370.48,373.07,373.06,350.85,1950.0,350.82,357.13,357.82,350.97,351.1,350.99,353.1,352.71,351.45,356.58,351.01,300,352.55,351.38,351.15,351.78,368.28,350,650,372.78,-0.9426414910921775,359.66,351.03
351.1,0.3583679495453012,371.32,373.07,373.06,350.84,1950.0,350.82,359.66,354.84,350.95,351.06,350.97,353.68,352.09,351.36,356.66,350.97,300,353.1,351.29,351.15,351.63,368.37,350,650,372.86,-0.9335804264972014,361.97,351.06
351.07,0.38268343236508917,371.79,373.07,373.06,350.83,1950.0,350.81,361.97,353.34,350.78,351.02,350.95,354.24,351.75,350.84,356.73,350.94,300,353.68,351.21,351.15,350.88,368.44,350,650,372.9,-0.923879532511287,363.83,351.08
351.03,0.40673664307579815,372.07,373.07,373.06,350.82,1950.0,350.81,363.83,354.92,350.78,350.99,350.93,354.76,352.1,350.83,356.77,350.97,300,354.24,351.15,351.16,350.87,368.48,350,650,372.93,-0.9135454576426019,365.23,351.1
351.01,0.43051109680829885,372.24,373.07,373.06,350.84,1950.0,350.8,365.23,357.13,350.78,351.09,350.91,355.22,352.55,350.83,353.97,351.0,300,354.76,351.35,351.07,350.86,362.92,350,650,372.94,-0.9025852843498589,366.23,351.11
350.98,0.4539904997395498,372.34,373.07,373.06,350.87,1950.0,350.8,366.23,359.66,350.77,351.23,350.9,355.6,353.1,350.82,352.71,351.03,300,355.22,351.68,351.01,350.86,357.82,350,650,372.95,-0.8910065241883663,366.94,351.12
351.09,0.4771587602596099,372.41,373.07,373.06,350.89,1950.0,350.81,366.94,361.97,350.77,351.42,350.96,355.92,353.68,350.82,352.09,351.06,300,355.6,352.2,350.97,350.85,354.84,350,650,372.96,-0.8788171126619646,367.43,351.13
351.25,0.5000000000000001,372.46,373.07,373.06,350.93,1950.0,350.83,367.43,363.83,350.77,351.69,351.04,356.16,354.24,350.82,351.75,351.08,300,355.92,353.11,350.94,350.85,353.34,350,650,372.96,-0.8660254037844386,367.77,351.14
351.51,0.5224985647159476,372.49,373.07,373.06,350.96,1950.0,350.85,367.77,365.23,350.77,352.03,351.16,356.35,354.76,350.81,352.1,351.1,300,356.16,354.56,350.97,350.84,354.92,350,650,372.97,-0.8526401643540931,368.01,351.14
351.94,0.5446390350150304,372.51,373.07,373.06,350.99,1950.0,350.88,368.01,366.23,350.77,352.45,351.33,356.5,355.22,350.81,352.55,351.11,300,356.35,356.64,351.0,350.84,357.13,350,650,372.97,-0.8386705679454218,368.18,351.15
351.69,0.5664062369248347,372.53,373.07,373.06,351.02,1950.0,350.87,368.18,366.94,350.77,352.98,351.24,356.6,355.6,350.81,353.1,351.12,300,356.5,359.15,351.03,350.84,359.66,350,650,372.97,-0.8241261886220144,368.3,351.15
351.51,0.5877852522924744,372.54,373.07,373.06,351.05,1950.0,350.86,368.3,367.43,350.77,353.56,351.16,356.68,355.92,350.81,353.68,351.13,300,356.6,361.54,351.06,350.83,361.97,350,650,372.97,-0.8090169943749465,368.39,351.15
351.39,0.6087614290087199,372.55,373.07,373.06,351.08,1950.0,350.85,368.39,367.77,350.77,354.13,351.11,356.74,356.16,350.81,354.24,351.14,300,356.68,363.5,351.08,350.83,363.83,350,650,372.97,-0.7933533402912357,368.45,351.16
351.29,0.6293203910498362,372.55,373.07,373.06,351.09,1950.0,350.84,368.45,368.01,350.77,354.66,351.06,356.78,356.35,350.8,354.76,351.14,300,356.74,364.99,351.1,350.83,365.23,350,650,372.97,-0.7771459614569719,368.49,351.16
351.22,0.6494480483301872,372.56,373.07,373.06,351.11,1950.0,350.83,368.49,368.18,350.77,355.13,351.03,356.81,356.5,350.8,355.22,351.15,300,356.78,366.06,351.11,350.82,366.23,350,650,372.97,-0.7604059656000279,368.52,351.16
351.16,0.6691306063588605,372.56,373.07,373.06,351.12,1950.0,350.82,368.52,368.3,350.77,355.53,351.0,356.83,356.6,350.8,355.6,351.15,300,356.81,366.81,351.12,350.82,366.94,350,650,372.97,-0.7431448254773922,368.55,351.16
351.11,0.688354575693755,372.56,373.07,373.06,351.13,1950.0,350.82,368.55,368.39,350.77,355.86,350.97,356.85,356.68,350.8,355.92,351.15,300,356.83,367.34,351.13,350.82,367.43,350,650,372.97,-0.7253743710122866,368.56,351.16
351.08,0.7071067811865474,372.56,373.07,373.06,351.14,1950.0,350.81,368.56,368.45,350.76,356.12,350.95,356.86,356.74,350.8,356.16,351.16,300,356.85,367.71,351.14,350.82,367.77,350,650,372.97,-0.7071067811865477,368.57,351.16
351.04,0.7253743710122864,372.57,373.07,373.06,351.14,1950.0,350.81,368.57,368.49,350.76,356.32,350.94,356.86,356.78,350.8,356.35,351.16,300,356.86,367.97,351.14,350.82,368.01,350,650,372.97,-0.6883545756937554,368.58,351.16
351.01,0.7431448254773967,372.57,373.07,373.06,351.15,1950.0,350.8,368.58,368.52,350.76,356.47,350.92,356.87,356.81,350.79,356.5,351.16,300,356.86,368.15,351.15,350.81,368.18,350,650,372.97,-0.6691306063588555,368.59,351.16
350.99,0.7604059656000328,372.57,373.07,373.06,351.15,1950.0,350.8,368.59,368.55,350.76,356.58,350.91,356.88,356.83,350.79,356.6,351.16,300,356.87,368.28,351.15,350.81,368.3,350,650,372.97,-0.6494480483301814,368.59,351.16
350.97,0.7771459614569722,372.57,373.07,373.06,351.15,1950.0,350.8,368.59,368.56,350.76,356.66,350.89,356.88,356.85,350.79,356.68,351.16,300,356.88,368.37,351.15,350.81,368.39,350,650,372.97,-0.6293203910498358,368.6,351.16
350.95,0.7933533402912349,371.51,373.07,373.05,351.15,1950.0,350.79,368.6,368.57,350.76,356.73,350.88,354.02,356.86,350.79,356.74,351.16,200,356.88,368.44,351.16,350.81,368.45,150,350,372.77,-0.6087614290087209,363.07,351.07
350.94,0.8090169943749468,369.39,373.07,373.05,351.16,1950.0,350.79,363.07,368.58,350.76,356.77,350.88,352.73,356.86,350.79,356.78,351.16,200,354.02,368.48,351.16,350.81,368.49,150,350,372.56,-0.587785252292474,357.93,351.01
350.93,0.8241261886220181,365.46,373.07,373.05,351.07,1950.0,350.79,357.93,368.59,350.76,353.97,350.87,352.11,356.87,350.79,356.81,351.16,200,352.73,362.92,351.16,350.81,368.52,150,350,372.0,-0.5664062369248293,354.9,350.97
350.91,0.8386705679454255,360.71,373.07,373.05,351.01,1950.0,350.79,354.9,368.59,350.76,352.71,350.86,351.76,356.88,350.79,356.83,351.16,200,352.11,357.82,351.16,350.81,368.55,150,350,370.81,-0.5446390350150248,353.37,350.94
350.98,0.8526401643540928,365.71,373.07,373.06,350.97,1950.0,350.8,353.37,368.6,350.76,352.09,350.9,352.11,356.88,350.79,356.85,351.16,300,351.76,354.84,351.16,350.81,368.56,350,650,372.15,-0.5224985647159479,354.97,350.97
351.08,0.8660254037844384,368.89,373.07,373.06,350.94,1950.0,350.81,354.97,363.07,350.76,351.75,350.96,352.56,354.02,350.79,356.86,351.07,300,352.11,353.34,351.16,350.8,368.57,350,650,372.6,-0.5000000000000004,357.18,351.0
351.24,0.8788171126619644,370.51,373.07,373.06,350.97,1950.0,350.83,357.18,357.93,350.76,352.1,351.04,353.11,352.73,350.79,356.86,351.01,300,352.56,354.92,351.16,350.8,368.58,350,650,372.78,-0.4771587602596103,359.71,351.03
351.49,0.8910065241883698,371.34,373.07,373.06,351.0,1950.0,350.85,359.71,354.9,350.76,352.55,351.15,353.69,352.11,350.79,356.87,350.97,300,353.11,357.13,351.16,350.8,368.59,350,650,372.86,-0.45399049973954303,362.02,351.06
351.38,0.9025852843498621,368.72,373.07,373.05,351.03,1950.0,350.85,362.02,353.37,350.76,353.1,351.1,352.56,351.76,350.79,356.88,350.94,200,353.69,359.66,351.16,350.8,368.59,150,350,372.48,-0.430511096808292,357.11,351.0
351.29,0.9135454576426013,364.46,373.07,373.05,351.06,1950.0,350.84,357.11,354.97,350.76,353.68,351.06,352.02,352.11,350.79,356.88,350.97,200,352.56,361.97,351.16,350.8,368.6,150,350,371.82,-0.4067366430757993,354.49,350.96
351.21,0.9238795325112868,359.8,373.07,373.05,351.08,1950.0,350.83,354.49,357.18,350.76,354.24,351.02,351.7,352.56,350.79,354.02,351.0,200,352.02,363.83,351.07,350.8,363.07,150,350,370.44,-0.38268343236508956,353.15,350.93
351.15,0.933580426497201,356.38,373.07,373.05,351.1,1950.0,350.82,353.15,359.71,350.76,354.76,350.99,351.49,353.11,350.79,352.73,351.03,200,351.7,365.23,351.01,350.8,357.93,150,350,367.94,-0.35836794954530243,352.41,350.91
351.35,0.9426414910921798,354.41,373.07,373.05,351.11,1950.0,350.84,352.41,362.02,350.76,355.22,351.09,351.35,353.69,350.79,352.11,351.06,200,351.49,366.23,350.97,350.81,354.9,150,350,364.23,-0.33380685923376713,352.0,350.89
351.68,0.9510565162951543,353.27,373.07,373.05,351.12,1950.0,350.87,352.0,357.11,350.77,355.6,351.23,351.25,352.56,350.8,351.76,351.0,200,351.35,366.94,350.94,350.83,353.37,150,350,360.31,-0.3090169943749451,351.73,350.87
352.2,0.9588197348681935,352.58,373.07,373.05,351.13,1950.0,350.89,351.73,354.49,350.77,355.92,351.42,351.17,352.02,350.82,352.11,350.96,200,351.25,367.43,350.97,350.86,354.97,150,350,357.18,-0.284015344703921,351.54,350.86
353.11,0.9659258262890681,352.16,373.07,373.05,351.14,1950.0,350.93,351.54,353.15,350.78,356.16,351.69,351.12,351.7,350.85,352.56,350.93,200,351.17,367.77,351.0,350.9,357.18,150,350,355.14,-0.25881904510252157,351.41,350.85
354.56,0.9723699203976762,353.44,373.07,373.06,351.14,1950.0,350.96,351.41,352.41,350.78,356.35,352.03,351.26,351.49,350.85,353.11,350.91,300,351.12,368.01,351.03,350.89,359.71,350,650,361.07,-0.23344536385590695,351.77,350.87
356.64,0.9781476007338067,356.09,373.07,373.06,351.15,1950.0,350.99,351.77,352.0,350.78,356.5,352.45,351.46,351.35,350.84,353.69,350.89,300,351.26,368.18,351.06,350.88,362.02,350,650,367.68,-0.20791169081775465,352.34,350.9
359.15,0.983254907563955,360.75,373.07,373.06,351.15,1950.0,351.02,352.34,351.73,350.78,356.6,352.98,351.75,351.25,350.84,352.56,350.87,300,351.46,368.3,351.0,350.88,357.11,350,650,370.93,-0.18223552549214522,353.36,350.93
361.54,0.987688340595138,365.61,373.07,373.06,351.15,1950.0,351.05,353.36,351.54,350.78,356.68,353.56,352.1,351.17,350.83,352.02,350.86,300,351.75,368.39,350.96,350.87,354.49,350,650,372.13,-0.15643446504022934,354.92,350.97
363.5,0.9914448613738104,360.67,373.07,373.05,351.16,1950.0,351.08,354.92,351.41,350.78,356.74,354.13,351.76,351.12,350.83,351.7,350.85,200,352.1,368.45,350.93,350.86,353.15,150,350,370.79,-0.13052619222005168,353.36,350.94
364.99,0.9945218953682732,356.93,373.07,373.05,351.16,1950.0,351.09,353.36,351.77,350.77,356.78,354.66,351.53,351.26,350.82,351.49,350.87,200,351.76,368.49,350.91,350.86,352.41,150,350,368.55,-0.10452846326765518,352.52,350.91
366.06,0.9969173337331283,354.71,373.07,373.05,351.16,1950.0,351.11,352.52,352.34,350.77,356.81,355.13,351.38,351.46,350.82,351.35,350.9,200,351.53,368.52,350.89,350.85,352.0,150,350,365.03,-0.0784590957278412,352.07,350.89
366.81,0.998629534754574,353.46,373.07,373.05,351.16,1950.0,351.12,352.07,353.36,350.77,356.83,355.53,351.27,351.75,350.82,351.25,350.93,200,351.38,368.55,350.87,350.85,351.73,150,350,361.06,-0.05233595624294082,351.78,350.87
367.34,0.9996573249755573,352.69,373.07,373.05,351.16,1950.0,351.13,351.78,354.92,350.78,356.85,355.86,351.19,352.1,350.84,351.17,350.97,200,351.27,368.56,350.86,350.88,351.54,150,350,357.72,-0.026176948307872656,351.57,350.86
367.71,1.0,352.23,373.07,373.05,351.16,1950.0,351.14,351.57,353.36,350.79,356.86,356.12,351.13,351.76,350.87,351.12,350.94,200,351.19,368.57,350.85,350.93,351.41,150,350,355.47,0.0,351.43,350.85
367.97,0.9996573249755574,351.93,373.07,373.05,351.16,1950.0,351.14,351.43,352.52,350.8,356.86,356.32,351.08,351.53,350.92,351.26,350.91,200,351.13,368.58,350.87,351.01,351.77,150,350,354.1,0.026176948307871664,351.33,350.84
368.15,0.9986295347545736,351.72,373.07,373.05,351.16,1950.0,351.15,351.33,352.07,350.82,356.87,356.47,351.04,351.38,350.98,351.46,350.89,200,351.08,368.59,350.9,351.13,352.34,150,350,353.22,0.05233595624294829,351.25,350.83
368.28,0.9969173337331277,351.56,373.07,373.05,351.16,1950.0,351.15,351.25,351.78,350.81,356.88,356.58,351.01,351.27,350.96,351.75,350.87,200,351.04,368.59,350.93,351.09,353.36,150,350,352.63,0.07845909572784791,351.18,350.83
368.37,0.9945218953682732,351.44,373.07,373.05,351.16,1950.0,351.15,351.18,351.57,350.81,356.88,356.66,350.98,351.19,350.94,352.1,350.86,200,351.01,368.6,350.97,351.06,354.92,150,350,352.25,0.10452846326765494,351.13,350.82
368.44,0.9914448613738104,351.35,373.07,373.05,351.07,1950.0,351.15,351.13,351.43,350.81,354.02,356.73,350.96,351.13,350.93,351.76,350.85,200,350.98,363.07,350.94,351.03,353.36,150,350,351.99,0.13052619222005157,351.09,350.81
368.48,0.987688340595138,351.28,373.07,373.05,351.01,1950.0,351.16,351.09,351.33,350.8,352.73,356.77,350.94,351.08,350.91,351.53,350.84,200,350.96,357.93,350.91,351.0,352.52,150,350,351.79,0.1564344650402294,351.06,350.81
362.92,0.9832549075639537,351.22,373.07,373.05,350.97,1950.0,351.07,351.06,351.25,350.8,352.11,353.97,350.93,351.04,350.9,351.38,350.83,200,350.94,354.9,350.89,350.98,352.07,150,350,351.64,0.18223552549215186,351.03,350.81
357.82,0.978147600733805,351.16,373.07,373.05,350.94,1950.0,351.01,351.03,351.18,350.8,351.76,352.71,350.91,351.01,350.89,351.27,350.83,200,350.93,353.37,350.87,350.96,351.78,150,350,351.52,0.20791169081776223,351.0,350.8
354.84,0.9723699203976762,351.12,373.07,373.05,350.97,1950.0,350.97,351.0,351.13,350.79,352.11,352.09,350.9,350.98,350.88,351.19,350.82,200,350.91,354.97,350.86,350.95,351.57,150,350,351.42,0.23344536385590683,350.98,350.8
353.34,0.9659258262890683,351.09,373.07,373.05,351.0,1950.0,350.94,350.98,351.09,350.79,352.56,351.75,350.89,350.96,350.87,351.13,350.81,200,350.9,357.18,350.85,350.93,351.43,150,350,351.35,0.25881904510252074,350.96,350.79
354.92,0.9588197348681935,351.06,373.07,373.04,351.03,1950.0,350.97,350.96,351.06,350.8,353.11,352.1,350.88,350.94,350.91,351.08,350.81,200,350.89,359.71,350.84,351.01,351.33,150,350,351.29,0.2840153447039212,350.95,350.79
357.13,0.9510565162951522,351.03,373.07,373.03,351.06,1950.0,351.0,350.95,351.03,350.82,353.69,352.55,350.87,350.93,350.98,351.04,350.81,200,350.88,362.02,350.83,351.12,351.25,150,350,351.23,0.30901699437495167,350.93,350.79
359.66,0.9426414910921774,351.01,373.07,373.02,351.0,1950.0,351.03,350.93,351.0,350.84,352.56,353.1,350.86,350.91,351.07,351.01,350.8,200,350.87,357.11,350.83,351.31,351.18,150,350,351.19,0.33380685923377373,350.92,350.79
361.97,0.9335804264972012,350.99,373.06,373.01,350.96,1950.0,351.06,350.92,350.98,350.86,352.02,353.68,350.85,350.9,351.2,350.98,350.8,200,350.86,354.49,350.82,351.61,351.13,150,350,351.15,0.3583679495453016,350.91,350.78
363.83,0.9238795325112867,351.11,373.07,373.06,350.93,1950.0,351.08,350.91,350.96,350.89,351.7,354.24,350.89,350.89,351.38,350.96,350.79,300,350.85,353.15,350.81,352.09,351.09,350,650,351.39,0.3826834323650898,350.97,350.8
365.23,0.9135454576426015,351.31,373.07,373.06,350.91,1950.0,351.1,350.97,350.95,350.92,351.49,354.76,350.95,350.88,351.63,350.94,350.79,300,350.89,352.41,350.81,352.91,351.06,350,650,351.88,0.4067366430757989,351.07,350.81
366.23,0.9025852843498587,351.66,373.07,373.06,350.89,1950.0,351.11,351.07,350.93,350.95,351.35,355.22,351.03,350.87,351.96,350.93,350.79,300,350.95,352.0,350.81,354.26,351.03,350,650,353.01,0.43051109680829913,351.22,350.83
366.94,0.8910065241883666,352.32,373.07,373.06,350.87,1950.0,351.12,351.22,350.92,350.99,351.25,355.6,351.14,350.86,352.37,350.91,350.79,300,351.03,351.73,350.8,356.22,351.0,350,650,356.0,0.4539904997395494,351.46,350.85
367.43,0.8788171126619647,353.8,373.07,373.06,350.86,1950.0,351.13,351.46,350.91,350.95,351.17,355.92,351.3,350.85,351.91,350.9,350.78,300,351.14,351.54,350.8,354.02,350.98,350,650,362.41,0.4771587602596097,351.86,350.88
367.77,0.8660254037844387,356.82,373.07,373.06,350.85,1950.0,351.14,351.86,350.97,350.92,351.12,356.16,351.51,350.89,351.63,350.89,350.8,300,351.3,351.41,350.79,352.89,350.96,350,650,368.54,0.49999999999999994,352.49,350.91
368.01,0.852640164354093,361.71,373.07,373.06,350.87,1950.0,351.14,352.49,351.07,350.9,351.26,356.35,351.81,350.95,351.44,350.88,350.81,300,351.51,351.77,350.79,352.27,350.95,350,650,371.24,0.5224985647159476,353.61,350.94
368.18,0.8386705679454216,366.36,373.07,373.06,350.9,1950.0,351.15,353.61,351.22,350.88,351.46,356.5,352.17,351.03,351.32,350.87,350.83,300,351.81,352.34,350.79,351.91,350.93,350,650,372.26,0.5446390350150309,355.28,350.97
368.3,0.824126188622014,361.4,373.07,373.05,350.93,1950.0,351.15,355.28,351.46,350.87,351.75,356.6,351.8,351.14,351.23,350.86,350.85,200,352.17,353.36,350.79,351.67,350.92,150,350,371.04,0.5664062369248353,353.55,350.94
368.39,0.8090169943749466,357.43,373.07,373.05,350.97,1950.0,351.15,353.55,351.86,350.86,352.1,356.68,351.56,351.3,351.16,350.85,350.88,200,351.8,354.92,350.78,351.5,350.91,150,350,369.0,0.5877852522924742,352.63,350.91
368.45,0.7933533402912352,354.99,373.07,373.05,350.94,1950.0,351.16,352.63,352.49,350.85,351.76,356.74,351.4,351.51,351.1,350.89,350.91,200,351.56,353.36,350.8,351.38,350.97,150,350,365.66,0.6087614290087207,352.12,350.89
368.49,0.7771459614569718,353.62,373.07,373.05,350.91,1950.0,351.16,352.12,353.61,350.84,351.53,356.78,351.29,351.81,351.06,350.95,350.94,200,351.4,352.52,350.81,351.29,351.07,150,350,361.67,0.6293203910498363,351.82,350.88
368.52,0.760405965600028,352.79,373.07,373.05,350.89,1950.0,351.16,351.82,355.28,350.83,351.38,356.81,351.2,352.17,351.02,351.03,350.97,200,351.29,352.07,350.83,351.21,351.22,150,350,358.19,0.649448048330187,351.6,350.86
368.55,0.7431448254773922,352.29,373.07,373.05,350.87,1950.0,351.16,351.6,353.55,350.82,351.27,356.83,351.14,351.8,350.99,351.14,350.94,200,351.2,351.78,350.85,351.15,351.46,150,350,355.76,0.6691306063588603,351.45,350.85
368.56,0.7253743710122866,351.97,373.07,373.05,350.86,1950.0,351.16,351.45,352.63,350.82,351.19,356.85,351.09,351.56,350.97,351.3,350.91,200,351.14,351.57,350.88,351.11,351.86,150,350,354.28,0.688354575693755,351.34,350.84
368.57,0.7071067811865476,351.75,373.07,373.05,350.85,1950.0,351.16,351.34,352.12,350.81,351.13,356.86,351.05,351.4,350.95,351.51,350.89,200,351.09,351.43,350.91,351.07,352.49,150,350,353.34,0.7071067811865475,351.26,350.83
368.58,0.6883545756937551,352.5,373.07,373.06,350.84,1950.0,351.16,351.26,351.82,350.81,351.08,356.86,351.16,351.29,350.93,351.81,350.88,300,351.05,351.33,350.94,351.04,353.61,350,650,356.9,0.7253743710122865,351.51,350.86
368.59,0.669130606358855,354.2,373.07,373.06,350.83,1950.0,351.16,351.51,351.6,350.8,351.04,356.87,351.33,351.2,350.92,352.17,350.86,300,351.16,351.25,350.97,351.01,355.28,350,650,363.71,0.7431448254773971,351.95,350.88
368.59,0.6494480483301814,357.6,373.07,373.06,350.83,1950.0,351.16,351.95,351.45,350.8,351.01,356.88,351.56,351.14,350.9,351.8,350.85,300,351.33,351.18,350.94,350.99,353.55,350,650,369.24,0.7604059656000328,352.65,350.91
368.6,0.6293203910498363,362.62,373.07,373.06,350.82,1950.0,351.16,352.65,351.34,350.8,350.98,356.88,351.87,351.09,350.89,351.56,350.84,300,351.56,351.13,350.91,350.97,352.63,350,650,371.5,0.7771459614569718,353.86,350.95
363.07,0.6087614290087207,358.18,373.07,373.05,350.81,1950.0,351.07,353.86,351.26,350.81,350.96,354.02,351.6,351.05,350.95,351.4,350.83,200,351.87,351.09,350.89,351.07,352.12,150,350,369.56,0.7933533402912352,352.79,350.92
357.93,0.5877852522924744,355.41,373.07,373.05,350.81,1950.0,351.01,352.79,351.51,350.83,350.94,352.73,351.43,351.16,351.02,351.29,350.86,200,351.6,351.06,350.88,351.22,351.82,150,350,366.5,0.8090169943749466,352.21,350.9
354.9,0.5664062369248292,353.87,373.07,373.05,350.81,1950.0,350.97,352.21,351.95,350.85,350.93,352.11,351.31,351.33,351.13,351.2,350.88,200,351.43,351.03,350.86,351.45,351.6,150,350,362.55,0.8241261886220181,351.88,350.88
353.37,0.5446390350150246,352.94,373.07,373.05,350.8,1950.0,350.94,351.88,352.65,350.88,350.91,351.76,351.22,351.56,351.29,351.14,350.91,200,351.31,351.0,350.85,351.84,351.45,150,350,358.88,0.8386705679454256,351.65,350.87
354.97,0.5224985647159476,352.38,373.07,373.05,350.8,1950.0,350.97,351.65,353.86,350.91,350.9,352.11,351.15,351.87,351.5,351.09,350.95,200,351.22,350.98,350.84,352.47,351.34,150,350,356.21,0.8526401643540931,351.48,350.85
357.18,0.5000000000000001,352.03,373.07,373.05,350.79,1950.0,351.0,351.48,352.79,350.94,350.89,352.56,351.1,351.6,351.8,351.05,350.92,200,351.15,350.96,350.83,353.57,351.26,150,350,354.55,0.8660254037844386,351.36,350.84
359.71,0.47715876025960974,351.8,373.07,373.05,350.79,1950.0,351.03,351.36,352.21,350.97,350.88,353.11,351.06,351.43,352.16,351.16,350.9,200,351.1,350.95,350.86,355.23,351.51,150,350,353.52,0.8788171126619646,351.28,350.84
362.02,0.45399049973954286,351.61,373.07,373.05,350.79,1950.0,351.06,351.28,351.88,351.0,350.87,353.69,351.02,351.31,352.63,351.33,350.88,200,351.06,350.93,350.88,357.52,351.95,150,350,352.83,0.8910065241883699,351.21,350.83
357.11,0.43051109680829247,351.48,373.07,373.05,350.79,1950.0,351.0,351.21,351.65,351.03,350.86,352.56,350.99,351.22,353.19,351.56,350.87,200,351.02,350.92,350.91,360.05,352.65,150,350,352.37,0.9025852843498618,351.15,350.82
354.49,0.406736643075799,351.38,373.07,373.05,350.78,1950.0,350.96,351.15,351.48,351.06,350.85,352.02,350.97,351.15,353.77,351.87,350.85,200,350.99,350.91,350.95,362.3,353.86,150,350,352.08,0.9135454576426014,351.1,350.82
353.15,0.38268343236508984,351.3,373.07,373.05,350.8,1950.0,350.93,351.1,351.36,351.08,350.89,351.7,350.95,351.1,354.32,351.6,350.84,200,350.97,350.97,350.92,364.09,352.79,150,350,351.86,0.9238795325112867,351.07,350.81
352.41,0.35836794954530166,351.24,373.07,373.05,350.81,1950.0,350.91,351.07,351.28,351.1,350.95,351.49,350.93,351.06,354.84,351.43,350.84,200,350.95,351.07,350.9,365.42,352.21,150,350,351.69,0.9335804264972012,351.04,350.81
352.0,0.33380685923376674,351.52,373.07,373.06,350.83,1950.0,350.89,351.04,351.21,351.03,351.03,351.35,351.0,351.02,353.11,351.31,350.83,300,350.93,351.22,350.88,359.63,351.88,350,650,352.53,0.9426414910921799,351.16,350.82
351.73,0.30901699437494473,352.07,373.07,373.06,350.85,1950.0,350.87,351.16,351.15,350.98,351.14,351.25,351.1,350.99,352.29,351.22,350.82,300,351.0,351.46,350.87,355.79,351.65,350,650,354.77,0.9510565162951544,351.37,350.84
351.54,0.28401534470392126,353.23,373.07,373.06,350.88,1950.0,350.86,351.37,351.1,350.95,351.3,351.17,351.24,350.97,351.87,351.15,350.82,300,351.1,351.86,350.85,353.83,351.48,350,650,360.21,0.9588197348681935,351.72,350.87
351.41,0.25881904510252074,355.67,373.07,373.06,350.91,1950.0,350.85,351.72,351.07,350.92,351.51,351.12,351.44,350.95,351.6,351.1,350.81,300,351.24,352.49,350.84,352.79,351.36,350,650,367.05,0.9659258262890683,352.25,350.9
351.77,0.23344536385590697,360.14,373.07,373.06,350.94,1950.0,350.87,352.25,351.04,350.9,351.81,351.26,351.71,350.93,351.43,351.06,350.81,300,351.44,353.61,350.84,352.21,351.28,350,650,370.69,0.9723699203976762,353.21,350.93
352.34,0.20791169081775512,365.1,373.07,373.06,350.97,1950.0,350.9,353.21,351.16,350.88,352.17,351.46,352.06,351.0,351.31,351.02,350.82,300,351.71,355.28,350.83,351.88,351.21,350,650,372.04,0.9781476007338066,354.7,350.96
353.36,0.1822355254921444,368.55,373.07,373.06,350.94,1950.0,350.93,354.7,351.37,350.87,351.8,351.75,352.49,351.1,351.22,350.99,350.84,300,352.06,353.55,350.82,351.65,351.15,350,650,372.56,0.9832549075639552,356.83,350.99
354.92,0.1564344650402294,370.34,373.07,373.06,350.91,1950.0,350.97,356.83,351.72,350.85,351.56,352.1,353.03,351.24,351.15,350.97,350.87,300,352.49,352.63,350.82,351.48,351.1,350,650,372.76,0.987688340595138,359.35,351.03
353.36,0.1305261922200517,371.25,373.07,373.06,350.89,1950.0,350.94,359.35,352.25,350.88,351.4,351.76,353.61,351.44,351.31,350.95,350.9,300,353.03,352.12,350.81,351.89,351.07,350,650,372.85,0.9914448613738104,361.71,351.05
352.52,0.104528463267655,371.75,373.07,373.06,350.88,1950.0,350.91,361.71,353.21,350.91,351.29,351.53,354.17,351.71,351.53,350.93,350.93,300,353.61,351.82,350.81,352.54,351.04,350,650,372.9,0.9945218953682732,363.64,351.08
352.07,0.07845909572784035,372.04,373.07,373.06,350.86,1950.0,350.89,363.64,354.7,350.94,351.2,351.38,354.7,352.06,351.83,351.0,350.96,300,354.17,351.6,350.82,353.69,351.16,350,650,372.93,0.9969173337331283,365.09,351.1
351.78,0.052335956242940865,372.22,373.07,373.06,350.85,1950.0,350.87,365.09,356.83,350.97,351.14,351.27,355.17,352.49,352.2,351.1,350.99,300,354.7,351.45,350.84,355.41,351.37,350,650,372.94,0.998629534754574,366.13,351.11
351.57,0.026176948307871584,370.64,373.07,373.05,350.84,1950.0,350.86,366.13,359.35,350.94,351.09,351.19,353.26,353.03,351.82,351.24,351.03,200,355.17,351.34,350.87,353.61,351.72,150,350,372.69,0.9996573249755574,360.28,351.04
351.43,6.123233995736766e-17,367.65,373.07,373.05,350.83,1950.0,350.85,360.28,361.71,350.92,351.05,351.13,352.36,353.61,351.57,351.44,351.05,200,353.26,351.26,350.9,352.66,352.25,150,350,372.34,1.0,356.15,350.99
351.33,-0.026176948307871463,363.06,373.07,373.05,350.86,1950.0,350.84,356.15,363.64,350.89,351.16,351.08,351.91,354.17,351.4,351.71,351.08,200,352.36,351.51,350.93,352.14,353.21,150,350,371.51,0.9996573249755574,354.02,350.95
351.25,-0.052335956242948276,358.65,373.07,373.05,350.88,1950.0,350.83,354.02,365.09,350.88,351.33,351.04,351.63,354.7,351.29,352.06,351.1,200,351.91,351.95,350.96,351.83,354.7,150,350,369.85,0.9986295347545736,352.89,350.92
351.18,-0.07845909572784798,363.86,373.07,373.06,350.91,1950.0,350.83,352.89,366.13,350.91,351.56,351.01,351.96,355.17,351.5,352.49,351.11,300,351.63,352.65,350.99,352.45,356.83,350,650,371.8,0.9969173337331277,354.25,350.95
351.13,-0.10452846326765487,367.82,373.07,373.06,350.95,1950.0,350.82,354.25,360.28,350.94,351.87,350.98,352.36,353.26,351.79,353.03,351.04,300,351.96,353.86,351.03,353.54,359.35,350,650,372.47,0.9945218953682732,356.2,350.99
351.09,-0.1305261922200516,369.97,373.07,373.06,350.92,1950.0,350.81,356.2,356.15,350.97,351.6,350.96,352.88,352.36,352.16,353.61,350.99,300,352.36,352.79,351.05,355.19,361.71,350,650,372.72,0.9914448613738104,358.67,351.02
351.06,-0.15643446504022926,371.05,373.07,373.06,350.9,1950.0,350.81,358.67,354.02,351.0,351.43,350.94,353.45,351.91,352.62,354.17,350.95,300,352.88,352.21,351.08,357.47,363.64,350,650,372.84,0.987688340595138,361.11,351.05
351.03,-0.1822355254921519,368.15,373.07,373.05,350.88,1950.0,350.81,361.11,352.89,350.96,351.31,350.93,352.45,351.63,352.05,354.7,350.92,200,353.45,351.88,351.1,354.62,365.09,150,350,372.41,0.9832549075639537,356.55,350.99
351.0,-0.20791169081776217,363.68,373.07,373.05,350.87,1950.0,350.8,356.55,354.25,350.93,351.22,350.91,351.96,351.96,351.72,355.17,350.95,200,352.45,351.65,351.11,353.22,366.13,150,350,371.65,0.978147600733805,354.22,350.96
350.98,-0.23344536385590686,359.14,373.07,373.05,350.85,1950.0,350.8,354.22,356.2,350.91,351.15,350.9,351.66,352.36,351.5,353.26,350.99,200,351.96,351.48,351.04,352.45,360.28,150,350,370.13,0.9723699203976762,353.0,350.93
350.96,-0.25881904510252063,355.97,373.07,373.05,350.84,1950.0,350.79,353.0,358.67,350.89,351.1,350.89,351.46,352.88,351.36,352.36,351.02,200,351.66,351.36,350.99,352.02,356.15,150,350,367.41,0.9659258262890683,352.33,350.9
350.95,-0.2840153447039209,354.18,373.07,373.05,350.84,1950.0,350.79,352.33,361.11,350.87,351.06,350.88,351.34,353.45,351.26,351.91,351.05,200,351.46,351.28,350.95,351.75,354.02,150,350,363.58,0.9588197348681936,351.95,350.88
350.93,-0.30901699437495156,353.14,373.07,373.05,350.83,1950.0,350.79,351.95,356.55,350.86,351.02,350.87,351.24,352.45,351.18,351.63,350.99,200,351.34,351.21,350.92,351.55,352.89,150,350,359.74,0.9510565162951522,351.7,350.87
350.92,-0.33380685923377373,352.49,373.07,373.05,350.82,1950.0,350.79,351.7,354.22,350.85,350.99,350.86,351.16,351.96,351.12,351.96,350.96,200,351.24,351.15,350.95,351.42,354.25,150,350,356.78,0.9426414910921774,351.52,350.86
350.91,-0.3583679495453015,352.11,373.07,373.05,350.82,1950.0,350.78,351.52,353.0,350.84,350.97,350.85,351.11,351.66,351.07,352.36,350.93,200,351.16,351.1,350.99,351.32,356.2,150,350,354.9,0.9335804264972013,351.39,350.85
350.97,-0.3826834323650895,351.85,373.07,373.05,350.81,1950.0,350.8,351.39,352.33,350.83,350.95,350.89,351.07,351.46,351.04,352.88,350.9,200,351.11,351.07,351.02,351.24,358.67,150,350,353.74,0.9238795325112868,351.3,350.84
351.07,-0.4067366430757989,351.66,373.07,373.05,350.81,1950.0,350.81,351.3,351.95,350.82,350.93,350.95,351.03,351.34,351.0,353.45,350.88,200,351.07,351.04,351.05,351.17,361.11,150,350,352.98,0.9135454576426015,351.22,350.83
351.22,-0.43051109680829935,351.51,373.07,373.05,350.82,1950.0,350.83,351.22,351.7,350.82,351.0,351.03,351.0,351.24,350.98,352.45,350.87,200,351.03,351.16,350.99,351.12,356.55,150,350,352.47,0.9025852843498586,351.16,350.82
351.46,-0.45399049973954947,351.4,373.07,373.05,350.84,1950.0,350.85,351.16,351.52,350.81,351.1,351.14,350.97,351.16,350.96,351.96,350.86,200,351.0,351.37,350.96,351.08,354.22,150,350,352.14,0.8910065241883665,351.11,350.82
351.86,-0.4771587602596096,351.84,373.07,373.06,350.87,1950.0,350.88,351.11,351.39,350.83,351.24,351.3,351.06,351.11,351.04,351.66,350.85,300,350.97,351.72,350.93,351.24,353.0,350,650,353.74,0.8788171126619647,351.29,350.84
352.49,-0.4999999999999998,352.7,373.07,373.06,350.9,1950.0,350.91,351.29,351.3,350.85,351.44,351.51,351.19,351.07,351.15,351.46,350.84,300,351.06,352.25,350.9,351.49,352.33,350,650,357.85,0.8660254037844387,351.57,350.86
353.61,-0.5224985647159472,354.6,373.07,373.06,350.93,1950.0,350.94,351.57,351.22,350.88,351.71,351.81,351.36,351.03,351.32,351.34,350.83,300,351.19,353.21,350.88,351.91,351.95,350,650,364.85,0.8526401643540932,352.03,350.89
355.28,-0.5446390350150309,358.37,373.07,373.06,350.96,1950.0,350.97,352.03,351.16,350.91,352.06,352.17,351.6,351.0,351.54,351.24,350.82,300,351.36,354.7,350.87,352.59,351.7,350,650,369.79,0.8386705679454216,352.81,350.92
353.55,-0.5664062369248352,355.44,373.07,373.05,350.99,1950.0,350.94,352.81,351.11,350.94,352.49,351.8,351.43,350.97,351.85,351.16,350.82,200,351.6,356.83,350.86,353.77,351.52,150,350,366.56,0.824126188622014,352.22,350.9
352.63,-0.5877852522924741,353.88,373.07,373.05,351.03,1950.0,350.91,352.22,351.29,350.98,353.03,351.56,351.31,351.06,352.22,351.11,350.84,200,351.43,359.35,350.85,355.51,351.39,150,350,362.62,0.8090169943749467,351.88,350.88
352.12,-0.6087614290087207,352.95,373.07,373.05,351.05,1950.0,350.89,351.88,351.57,351.01,353.61,351.4,351.22,351.19,352.71,351.07,350.86,200,351.31,361.71,350.84,357.87,351.3,150,350,358.93,0.7933533402912352,351.65,350.87
351.82,-0.6293203910498363,352.38,373.07,373.05,351.08,1950.0,350.88,351.65,352.03,351.04,354.17,351.29,351.15,351.36,353.27,351.03,350.89,200,351.22,363.64,350.83,360.38,351.22,150,350,356.24,0.7771459614569719,351.48,350.85
351.6,-0.649448048330187,353.95,373.07,373.06,351.1,1950.0,350.86,351.48,352.81,350.99,354.7,351.2,351.31,351.6,352.36,351.0,350.92,300,351.15,365.09,350.82,356.13,351.16,350,650,362.93,0.7604059656000282,351.89,350.88
351.45,-0.6691306063588602,357.12,373.07,373.06,351.11,1950.0,350.85,351.89,352.22,350.95,355.17,351.14,351.53,351.43,351.91,350.97,350.9,300,351.31,366.13,350.82,354.01,351.11,350,650,368.83,0.7431448254773925,352.55,350.91
351.34,-0.6883545756937551,362.07,373.07,373.06,351.04,1950.0,350.84,352.55,351.88,350.92,353.26,351.09,351.83,351.31,351.63,351.06,350.88,300,351.53,360.28,350.84,352.88,351.29,350,650,371.35,0.7253743710122866,353.71,350.94
351.26,-0.7071067811865475,366.62,373.07,373.06,350.99,1950.0,350.83,353.71,351.65,350.9,352.36,351.05,352.2,351.22,351.44,351.19,350.87,300,351.83,356.15,350.86,352.26,351.57,350,650,372.3,0.7071067811865476,355.42,350.97
351.51,-0.7253743710122864,369.37,373.07,373.06,350.95,1950.0,350.86,355.42,351.48,350.93,351.91,351.16,352.68,351.15,351.72,351.36,350.85,300,352.2,354.02,350.89,353.23,352.03,350,650,372.66,0.6883545756937552,357.76,351.01
351.95,-0.743144825477397,370.75,373.07,373.06,350.92,1950.0,350.88,357.76,351.89,350.96,351.63,351.33,353.24,351.31,352.06,351.6,350.88,300,352.68,352.89,350.92,354.74,352.81,350,650,372.81,0.6691306063588551,360.28,351.04
352.65,-0.7604059656000329,371.47,373.07,373.06,350.95,1950.0,350.91,360.28,352.55,351.0,351.96,351.56,353.82,351.53,352.5,351.43,350.91,300,353.24,354.25,350.9,356.88,352.22,350,650,372.87,0.6494480483301813,362.49,351.06
353.86,-0.7771459614569718,371.87,373.07,373.06,350.99,1950.0,350.95,362.49,353.71,351.03,352.36,351.87,354.38,351.83,353.04,351.31,350.94,300,353.82,356.2,350.88,359.4,351.88,350,650,372.91,0.6293203910498364,364.23,351.08
352.79,-0.793353340291235,369.86,373.07,373.05,351.02,1950.0,350.92,364.23,355.42,351.05,352.88,351.6,352.89,352.2,353.62,351.22,350.97,200,354.38,358.67,350.87,361.75,351.65,150,350,372.61,0.6087614290087209,358.66,351.02
352.21,-0.8090169943749508,366.25,373.07,373.05,351.05,1950.0,350.9,358.66,357.76,351.08,353.45,351.43,352.18,352.68,354.18,351.15,351.01,200,352.89,361.11,350.85,363.67,351.48,150,350,372.13,0.5877852522924686,355.27,350.98
351.88,-0.8241261886220183,361.48,373.07,373.05,350.99,1950.0,350.88,355.27,360.28,351.1,352.45,351.31,351.81,353.24,354.71,351.31,351.04,200,352.18,356.55,350.88,365.11,351.89,150,350,371.07,0.5664062369248292,353.57,350.94
351.65,-0.8386705679454256,357.49,373.07,373.05,350.96,1950.0,350.87,353.57,362.49,351.11,351.96,351.22,351.56,353.82,355.17,351.53,351.06,200,351.81,354.22,350.91,366.14,352.55,150,350,369.05,0.5446390350150246,352.64,350.91
351.48,-0.8526401643540931,355.02,373.07,373.05,350.93,1950.0,350.85,352.64,364.23,351.12,351.66,351.15,351.4,354.38,355.57,351.83,351.08,200,351.56,353.0,350.94,366.88,353.71,150,350,365.73,0.5224985647159475,352.13,350.89
351.36,-0.8660254037844387,351.72,357.44,353.98,350.9,75.0,350.84,352.13,358.66,351.13,351.46,351.1,351.4,352.89,355.89,352.2,351.02,450,351.4,352.33,350.97,367.38,355.42,150,600,351.93,0.49999999999999994,351.55,350.94
351.28,-0.8788171126619683,351.88,355.29,353.61,350.88,75.0,350.84,351.55,355.27,351.14,351.34,351.06,351.53,352.18,356.14,352.68,350.98,450,351.4,351.95,351.01,367.74,357.76,150,600,352.09,0.4771587602596032,351.69,350.96
351.21,-0.8910065241883698,352.0,354.76,353.54,350.87,75.0,350.83,351.69,353.57,351.14,351.24,351.02,351.63,351.81,356.34,353.24,350.94,450,351.53,351.7,351.04,367.99,360.28,150,600,352.2,0.4539904997395429,351.81,350.99
351.15,-0.9025852843498617,352.1,354.6,353.52,350.86,75.0,350.82,351.81,352.64,351.15,351.16,350.99,351.73,351.56,356.48,353.82,350.91,450,351.63,351.52,351.06,368.17,362.49,150,600,352.29,0.4305110968082927,351.91,351.02
351.1,-0.9135454576426015,352.17,354.54,353.51,350.85,75.0,350.82,351.91,352.13,351.15,351.11,350.97,351.8,351.4,356.59,354.38,350.89,450,351.73,351.39,351.08,368.29,364.23,150,600,352.36,0.4067366430757988,351.99,351.04
351.07,-0.9238795325112867,352.24,354.52,353.51,350.84,75.0,350.81,351.99,351.55,351.15,351.07,350.95,351.87,351.4,356.67,352.89,350.94,450,351.8,351.3,351.02,368.38,358.66,150,600,352.42,0.3826834323650899,352.06,351.07
351.04,-0.933580426497204,352.3,354.52,353.51,350.83,75.0,350.81,352.06,351.69,351.15,351.03,350.93,351.92,351.53,356.73,352.18,350.96,450,351.87,351.22,350.98,368.44,355.27,150,600,352.47,0.35836794954529444,352.11,351.09
351.16,-0.94264149109218,352.34,354.52,353.51,350.82,75.0,350.82,352.11,351.81,351.07,351.0,351.0,351.96,351.63,353.96,351.81,350.99,450,351.92,351.16,350.94,362.86,353.57,150,600,352.52,0.3338068592337666,352.16,351.1
351.37,-0.9510565162951545,352.38,354.52,353.51,350.82,75.0,350.84,352.16,351.91,351.01,350.97,351.1,352.0,351.73,352.7,351.56,351.02,450,351.96,351.11,350.91,357.78,352.64,150,600,352.56,0.30901699437494456,352.2,351.12
351.72,-0.9588197348681934,352.42,354.52,353.51,350.84,75.0,350.87,352.2,351.99,350.97,351.06,351.24,352.03,351.8,352.09,351.4,351.04,450,352.0,351.29,350.89,354.82,352.13,150,600,352.59,0.2840153447039213,352.24,351.13
352.25,-0.9659258262890682,352.45,354.53,353.52,350.86,75.0,350.9,352.24,352.06,350.94,351.19,351.44,352.06,351.87,351.75,351.4,351.07,450,352.03,351.57,350.94,353.33,351.55,150,600,352.62,0.258819045102521,352.27,351.14
353.21,-0.9723699203976779,352.47,354.53,353.52,350.89,75.0,350.93,352.27,352.11,350.91,351.36,351.71,352.09,351.92,351.52,351.53,351.09,450,352.06,352.03,350.96,352.51,351.69,150,600,352.64,0.2334453638558999,352.29,351.15
354.7,-0.9781476007338066,352.5,354.53,353.52,350.92,75.0,350.96,352.29,352.16,350.89,351.6,352.06,352.11,351.96,351.37,351.63,351.1,450,352.09,352.81,350.99,352.06,351.81,150,600,352.66,0.20791169081775496,352.31,351.16
356.83,-0.9832549075639551,352.52,354.53,353.52,350.9,75.0,350.99,352.31,352.2,350.87,351.43,352.49,352.12,352.0,351.27,351.73,351.12,450,352.11,352.22,351.02,351.78,351.91,150,600,352.68,0.18223552549214467,352.33,351.17
359.35,-0.9876883405951379,352.53,354.53,353.52,350.88,75.0,351.03,352.33,352.24,350.86,351.31,353.03,352.14,352.03,351.19,351.8,351.13,450,352.12,351.88,351.04,351.57,351.99,150,600,352.7,0.15643446504022968,352.35,351.17
361.71,-0.9914448613738104,352.55,354.53,353.52,350.87,75.0,351.05,352.35,352.27,350.85,351.22,353.61,352.15,352.06,351.13,351.87,351.14,450,352.14,351.65,351.07,351.43,352.06,150,600,352.71,0.130526192220052,352.36,351.18
363.64,-0.994521895368274,352.56,354.53,353.52,350.85,75.0,351.08,352.36,352.29,350.84,351.15,354.17,352.16,352.09,351.08,351.92,351.15,450,352.15,351.48,351.09,351.33,352.11,150,600,352.73,0.10452846326764756,352.38,351.18
365.09,-0.9969173337331283,352.57,354.54,353.52,350.88,75.0,351.1,352.38,352.31,350.83,351.31,354.7,352.17,352.11,351.04,351.96,351.16,450,352.16,351.89,351.1,351.25,352.16,150,600,352.74,0.07845909572784064,352.39,351.19
366.13,-0.998629534754574,352.58,354.54,353.52,350.91,75.0,351.11,352.39,352.33,350.83,351.53,355.17,352.18,352.12,351.01,352.0,351.17,450,352.17,352.55,351.12,351.18,352.2,150,600,352.75,0.0523359562429407,352.4,351.19
360.28,-0.9996573249755574,352.59,354.54,353.52,350.94,75.0,351.04,352.4,352.35,350.82,351.83,353.26,352.19,352.14,350.98,352.03,351.17,450,352.18,353.71,351.13,351.13,352.24,150,600,352.76,0.026176948307871647,352.41,351.19
356.15,-1.0,352.6,354.54,353.52,350.97,75.0,350.99,352.41,352.36,350.81,352.2,352.36,352.2,352.15,350.96,352.06,351.18,450,352.19,355.42,351.14,351.09,352.27,150,600,352.76,1.2246467991473532e-16,352.41,351.19
354.02,-0.9996573249755571,352.61,354.54,353.52,351.01,75.0,350.95,352.41,352.38,350.81,352.68,351.91,352.2,352.16,350.94,352.09,351.18,450,352.2,357.76,351.15,351.05,352.29,150,600,352.77,-0.02617694830787895,352.42,351.2
352.89,-0.9986295347545736,352.61,354.54,353.52,351.04,75.0,350.92,352.42,352.39,350.8,353.24,351.63,352.21,352.17,350.92,352.11,351.19,450,352.2,360.28,351.16,351.02,352.31,150,600,352.77,-0.052335956242948,352.42,351.2
354.25,-0.9969173337331277,352.62,354.54,353.52,351.06,75.0,350.95,352.42,352.4,350.82,353.82,351.96,352.21,352.18,350.99,352.12,351.19,450,352.21,362.49,351.17,351.15,352.33,150,600,352.78,-0.07845909572784747,352.43,351.2
356.2,-0.9945218953682732,352.62,354.54,353.52,351.08,75.0,350.99,352.43,352.41,350.84,354.38,352.36,352.21,352.19,351.09,352.14,351.19,450,352.21,364.23,351.17,351.35,352.35,150,600,352.78,-0.10452846326765526,352.43,351.2
358.67,-0.9914448613738104,352.62,354.54,353.52,351.02,75.0,351.02,352.43,352.41,350.87,352.89,352.88,352.22,352.2,351.22,352.15,351.19,450,352.21,358.66,351.18,351.67,352.36,150,600,352.79,-0.13052619222005177,352.44,351.2
361.11,-0.9876883405951368,352.63,354.54,353.52,350.98,75.0,351.05,352.44,352.42,350.89,352.18,353.45,352.22,352.2,351.41,352.16,351.2,450,352.22,355.27,351.18,352.18,352.38,150,600,352.79,-0.1564344650402369,352.44,351.2
356.55,-0.9832549075639537,352.63,354.54,353.52,350.94,75.0,350.99,352.44,352.42,350.88,351.81,352.45,352.22,352.21,351.3,352.17,351.2,450,352.22,353.57,351.19,351.86,352.39,150,600,352.79,-0.18223552549215183,352.44,351.2
354.22,-0.978147600733805,352.63,354.54,353.52,350.91,75.0,350.96,352.44,352.43,350.87,351.56,351.96,352.22,352.21,351.21,352.18,351.2,450,352.22,352.64,351.19,351.63,352.4,150,600,352.8,-0.20791169081776212,352.45,351.2
353.0,-0.9723699203976763,352.63,354.54,353.52,350.89,75.0,350.93,352.45,352.43,350.85,351.4,351.66,352.23,352.21,351.14,352.19,351.2,450,352.22,352.13,351.19,351.47,352.41,150,600,352.8,-0.23344536385590658,352.45,351.2
352.33,-0.9659258262890683,352.64,354.54,353.52,350.94,75.0,350.9,352.45,352.44,350.84,351.4,351.46,352.23,352.22,351.09,352.2,351.2,450,352.23,351.55,351.19,351.36,352.41,150,600,352.8,-0.2588190451025208,352.45,351.2
351.95,-0.9588197348681915,352.64,354.54,353.52,350.96,75.0,350.88,352.45,352.44,350.84,351.53,351.34,352.23,352.22,351.05,352.2,351.2,450,352.23,351.69,351.2,351.27,352.42,150,600,352.8,-0.28401534470392786,352.45,351.2
351.7,-0.9510565162951521,351.24,372.02,365.79,350.99,1400.0,350.87,352.45,352.44,350.83,351.63,351.24,351.09,352.22,351.02,352.21,351.2,250,352.23,351.81,351.2,351.2,352.42,350,600,351.34,-0.30901699437495195,351.16,350.93
351.52,-0.9426414910921773,351.17,373.0,372.33,351.02,1400.0,350.86,351.16,352.45,350.82,351.73,351.16,350.99,352.22,350.99,352.21,351.2,250,351.09,351.91,351.2,351.14,352.43,350,600,351.33,-0.33380685923377384,351.06,350.85
351.39,-0.9335804264972012,351.33,373.02,372.6,351.04,1400.0,350.85,351.06,352.45,350.82,351.8,351.11,351.03,352.23,350.97,352.21,351.2,250,350.99,351.99,351.2,351.1,352.43,350,600,351.68,-0.35836794954530166,351.14,350.84
351.3,-0.9238795325112868,351.73,373.03,372.61,351.07,1400.0,350.84,351.14,352.45,350.81,351.87,351.07,351.13,352.23,350.95,352.22,351.2,250,351.03,352.06,351.2,351.07,352.44,350,600,352.62,-0.38268343236508967,351.34,350.86
351.22,-0.9135454576425985,352.79,360.09,354.68,351.09,75.0,350.83,351.34,352.45,350.81,351.92,351.03,351.52,352.23,350.93,352.22,351.2,450,351.13,352.11,351.2,351.03,352.44,150,600,354.33,-0.4067366430758055,351.97,350.88
351.16,-0.9025852843498589,353.21,356.04,353.83,351.1,75.0,350.82,351.97,351.16,350.8,351.96,351.0,351.93,351.09,350.91,352.22,350.93,450,351.52,352.16,351.2,351.01,352.44,150,600,354.18,-0.4305110968082989,352.46,350.92
351.11,-0.8910065241883666,353.3,355.12,353.67,351.12,75.0,350.82,352.46,351.06,350.8,352.0,350.97,352.2,350.99,350.9,352.22,350.85,450,351.93,352.2,351.2,350.98,352.45,150,600,353.94,-0.4539904997395494,352.71,350.98
351.29,-0.8788171126619647,353.29,354.82,353.61,351.13,75.0,350.84,352.71,351.14,350.81,352.03,351.06,352.36,351.03,350.96,352.23,350.84,450,352.2,352.24,351.2,351.09,352.45,150,600,353.76,-0.47715876025960957,352.81,351.04
351.57,-0.8660254037844388,353.25,354.7,353.58,351.14,75.0,350.86,352.81,351.34,350.83,352.06,351.19,352.44,351.13,351.04,352.23,350.86,450,352.36,352.27,351.2,351.25,352.45,150,600,353.61,-0.4999999999999997,352.85,351.09
352.03,-0.8526401643540891,353.19,354.64,353.57,351.15,75.0,350.89,352.85,351.97,350.85,352.09,351.36,352.47,351.52,351.16,352.23,350.88,450,352.44,352.29,351.2,351.51,352.45,150,600,353.49,-0.522498564715954,352.85,351.14
352.81,-0.8386705679454216,353.14,354.62,353.56,351.16,75.0,350.92,352.85,352.46,350.88,352.11,351.6,352.49,351.93,351.33,351.09,350.92,450,352.47,352.31,350.93,351.94,351.16,150,600,353.39,-0.5446390350150309,352.83,351.17
352.22,-0.824126188622014,353.08,354.6,353.55,351.17,75.0,350.9,352.83,352.71,350.87,352.12,351.43,352.48,352.2,351.24,350.99,350.98,450,352.49,352.33,350.85,351.69,351.06,150,600,353.3,-0.5664062369248352,352.8,351.19
351.88,-0.8090169943749465,351.26,372.6,369.19,351.17,1400.0,350.88,352.8,352.81,350.86,352.14,351.31,351.1,352.36,351.16,351.03,351.04,250,352.48,352.35,350.84,351.51,351.14,350,600,351.38,-0.5877852522924745,351.18,350.93
351.65,-0.7933533402912352,351.22,373.02,372.51,351.18,1400.0,350.87,351.18,352.85,350.85,352.15,351.22,351.01,352.44,351.11,351.13,351.09,250,351.1,352.36,350.86,351.39,351.34,350,600,351.42,-0.6087614290087207,351.09,350.85
351.48,-0.7771459614569671,351.45,373.03,372.61,351.18,1400.0,350.85,351.09,352.85,350.84,352.16,351.15,351.06,352.47,351.06,351.52,351.14,250,351.01,352.38,350.88,351.29,351.97,350,600,351.92,-0.629320391049842,351.21,350.85
351.89,-0.7604059656000282,351.99,373.03,372.61,351.19,1400.0,350.88,351.21,352.83,350.83,352.17,351.31,351.19,352.49,351.03,351.93,351.17,250,351.06,352.39,350.92,351.22,352.46,350,600,353.42,-0.6494480483301869,351.46,350.87
352.55,-0.7431448254773925,353.41,360.09,354.68,351.19,75.0,350.91,351.46,352.8,350.82,352.18,351.53,351.68,352.48,351.0,352.2,351.19,450,351.19,352.4,350.98,351.16,352.71,150,600,355.47,-0.6691306063588602,352.27,350.89
353.71,-0.725374371012287,353.72,356.04,353.83,351.19,75.0,350.94,352.27,351.18,350.82,352.19,351.83,352.14,351.1,350.97,352.36,350.93,450,351.68,352.41,351.04,351.11,352.81,150,600,354.81,-0.6883545756937547,352.8,350.94
355.42,-0.7071067811865479,353.7,355.13,353.67,351.19,75.0,350.97,352.8,351.09,350.81,352.2,352.2,352.41,351.01,350.95,352.44,350.85,450,352.14,352.41,351.09,351.08,352.85,150,600,354.37,-0.7071067811865471,353.01,351.01
357.76,-0.6883545756937498,353.6,354.83,353.62,351.2,75.0,351.01,353.01,351.21,350.81,352.2,352.68,352.55,351.06,350.94,352.47,350.85,450,352.41,352.42,351.14,351.04,352.85,150,600,354.08,-0.7253743710122916,353.07,351.07
360.28,-0.6691306063588548,353.5,354.71,353.59,351.2,75.0,351.04,353.07,351.46,350.8,352.21,353.24,352.61,351.19,350.92,352.49,350.87,450,352.55,352.42,351.17,351.01,352.83,150,600,353.87,-0.7431448254773974,353.07,351.12
362.49,-0.6494480483301814,353.4,354.65,353.57,351.2,75.0,351.06,353.07,352.27,350.8,352.21,353.82,352.62,351.68,350.91,352.48,350.89,450,352.61,352.43,351.19,350.99,352.8,150,600,353.7,-0.7604059656000328,353.03,351.17
364.23,-0.6293203910498364,353.31,354.62,353.56,351.2,75.0,351.08,353.03,352.8,350.8,352.21,354.38,352.61,352.14,350.89,351.1,350.94,450,352.62,352.43,350.93,350.97,351.18,150,600,353.57,-0.7771459614569717,352.99,351.2
358.66,-0.6087614290087209,353.23,354.61,353.56,351.2,75.0,351.02,352.99,353.01,350.79,352.22,352.89,352.59,352.41,350.88,351.01,351.01,450,352.61,352.44,350.85,350.95,351.09,150,600,353.46,-0.7933533402912349,352.94,351.22
355.27,-0.5877852522924683,351.28,372.72,370.0,351.2,1400.0,350.98,352.94,353.07,350.79,352.22,352.18,351.11,352.55,350.88,351.06,351.07,250,352.59,352.44,350.85,350.94,351.21,350,600,351.4,-0.809016994374951,351.19,350.94
353.57,-0.5664062369248292,351.24,373.02,372.54,351.2,1400.0,350.94,351.19,353.07,350.79,352.22,351.81,351.02,352.61,350.87,351.19,351.12,250,351.11,352.44,350.87,350.93,351.46,350,600,351.47,-0.8241261886220181,351.11,350.86
352.64,-0.5446390350150248,351.5,373.03,372.61,351.2,1400.0,350.91,351.11,353.03,350.79,352.22,351.56,351.08,352.62,350.86,351.68,351.17,250,351.02,352.45,350.89,350.91,352.27,350,600,352.04,-0.8386705679454256,351.23,350.85
352.13,-0.5224985647159479,352.12,373.03,372.61,351.2,1400.0,350.89,351.23,352.99,350.8,352.23,351.4,351.22,352.61,350.9,352.14,351.2,250,351.08,352.45,350.94,350.98,352.8,350,600,353.84,-0.8526401643540928,351.51,350.87
351.55,-0.5000000000000004,353.8,373.03,372.61,351.2,1400.0,350.94,351.51,352.94,350.81,352.23,351.4,351.48,352.59,350.96,352.41,351.22,250,351.22,352.45,351.01,351.08,353.01,350,600,359.97,-0.8660254037844384,352.09,350.91
351.69,-0.47715876025960324,358.64,373.03,372.61,351.2,1400.0,350.96,352.09,351.19,350.83,352.23,351.53,351.94,351.11,351.04,352.55,350.94,250,351.48,352.45,351.07,351.24,353.07,350,600,366.62,-0.8788171126619682,353.37,350.96
351.81,-0.453990499739543,364.83,373.03,372.61,350.93,1400.0,350.99,353.37,351.11,350.85,351.09,351.63,352.72,351.02,351.15,352.61,350.86,250,351.94,351.16,351.12,351.49,353.07,350,600,368.44,-0.8910065241883698,356.28,351.03
351.91,-0.43051109680829275,367.5,373.03,372.61,350.85,1400.0,351.02,356.28,351.23,350.85,350.99,351.73,354.03,351.08,351.1,352.62,350.85,250,352.72,351.06,351.17,351.38,353.03,350,600,368.83,-0.9025852843498617,360.74,351.1
351.99,-0.4067366430757985,359.71,360.09,354.68,350.84,75.0,351.04,360.74,351.51,350.84,351.03,351.8,358.47,351.22,351.06,352.61,350.87,450,354.03,351.14,351.2,351.29,352.99,150,600,359.1,-0.9135454576426016,359.93,351.19
352.06,-0.3826834323650895,357.43,356.04,353.84,350.86,75.0,351.07,359.93,352.09,350.83,351.13,351.87,356.68,351.48,351.02,352.59,350.91,450,358.47,351.34,351.22,351.21,352.94,150,600,357.03,-0.9238795325112868,357.5,351.34
352.11,-0.3583679495452949,356.38,355.13,353.68,350.88,75.0,351.09,357.5,353.37,350.82,351.52,351.92,355.55,351.94,350.99,351.11,350.96,450,356.68,351.97,350.94,351.15,351.19,150,600,356.13,-0.9335804264972039,356.3,351.44
352.16,-0.333806859233767,355.7,354.84,353.62,350.92,75.0,351.1,356.3,356.28,350.84,351.93,351.96,354.81,352.72,351.09,351.02,351.03,450,355.55,352.46,350.86,351.35,351.11,150,600,355.57,-0.9426414910921798,355.51,351.49
352.2,-0.30901699437494506,355.2,354.72,353.6,350.98,75.0,351.12,355.51,360.74,350.87,352.2,352.0,354.3,354.03,351.23,351.08,351.1,450,354.81,352.71,350.85,351.68,351.23,150,600,355.17,-0.9510565162951543,354.93,351.5
352.24,-0.2840153447039218,354.8,354.67,353.59,351.04,75.0,351.13,354.93,359.93,350.89,352.36,352.03,353.94,358.47,351.42,351.22,351.19,450,354.3,352.81,350.87,352.2,351.51,150,600,354.84,-0.9588197348681933,354.5,351.49
352.27,-0.25881904510252063,354.48,354.65,353.58,351.09,75.0,351.14,354.5,357.5,350.93,352.44,352.06,353.66,356.68,351.69,351.48,351.34,450,353.94,352.85,350.91,353.11,352.09,150,600,354.56,-0.9659258262890683,354.17,351.47
352.29,-0.23344536385589998,354.21,354.63,353.57,351.14,75.0,351.15,354.17,356.3,350.96,352.47,352.09,353.44,355.55,352.03,351.94,351.44,450,353.66,352.85,350.96,354.56,353.37,150,600,354.33,-0.9723699203976779,353.91,351.45
352.31,-0.2079116908177546,353.99,354.62,353.57,351.17,75.0,351.16,353.91,355.51,350.99,352.49,352.11,353.27,354.81,352.45,352.72,351.49,450,353.44,352.83,351.03,356.64,356.28,150,600,354.13,-0.9781476007338067,353.7,351.43
352.33,-0.18223552549214428,353.8,354.61,353.56,351.19,75.0,351.17,353.7,354.93,351.02,352.48,352.12,353.12,354.3,352.98,354.03,351.5,450,353.27,352.8,351.1,359.15,360.74,150,600,353.95,-0.9832549075639552,353.52,351.41
352.35,-0.1564344650402293,353.65,354.61,353.56,350.93,75.0,351.17,353.52,354.5,351.05,351.1,352.14,353.01,353.94,353.56,358.47,351.49,450,353.12,351.18,351.19,361.54,359.93,150,600,353.8,-0.987688340595138,353.38,351.38
352.36,-0.13052619222005163,353.51,354.6,353.55,350.85,75.0,351.18,353.38,354.17,351.08,351.01,352.15,352.9,353.66,354.13,356.68,351.47,450,353.01,351.09,351.34,363.5,357.5,150,600,353.68,-0.9914448613738104,353.25,351.37
352.38,-0.10452846326764806,353.4,354.59,353.55,350.85,75.0,351.18,353.25,353.91,351.09,351.06,352.16,352.82,353.44,354.66,355.55,351.45,450,352.9,351.21,351.44,364.99,356.3,150,600,353.56,-0.994521895368274,353.15,351.35
352.39,-0.07845909572784114,353.3,354.59,353.55,350.87,75.0,351.19,353.15,353.7,351.11,351.19,352.17,352.74,353.27,355.13,354.81,351.43,450,352.82,351.46,351.49,366.06,355.51,150,600,353.47,-0.9969173337331283,353.06,351.33
352.4,-0.05233595624294076,353.22,354.58,353.55,350.89,75.0,351.19,353.06,353.52,351.12,351.68,352.18,352.68,353.12,355.53,354.3,351.41,450,352.74,352.27,351.5,366.81,354.93,150,600,353.38,-0.998629534754574,352.98,351.32
352.41,-0.026176948307871706,353.14,354.58,353.54,350.94,75.0,351.19,352.98,353.38,351.13,352.14,352.19,352.63,353.01,355.86,353.94,351.38,450,352.68,352.8,351.49,367.34,354.5,150,600,353.31,-0.9996573249755574,352.92,351.31
352.41,-1.8369701987210297e-16,351.29,372.66,369.59,351.01,1400.0,351.19,352.92,353.25,351.14,352.41,352.2,351.13,352.9,356.12,353.66,351.37,250,352.63,353.01,351.47,367.71,354.17,350,600,351.41,-1.0,351.2,350.95
352.42,0.02617694830787933,351.24,373.02,372.54,351.07,1400.0,351.2,351.2,353.15,351.14,352.55,352.2,351.02,352.82,356.32,353.44,351.35,250,351.13,353.07,351.45,367.97,353.91,350,600,351.46,-0.9996573249755571,351.11,350.86
352.42,0.05233595624294838,351.49,373.03,372.61,351.12,1400.0,351.2,351.11,353.06,351.15,352.61,352.21,351.07,352.74,356.47,353.27,351.33,250,351.02,353.07,351.43,368.15,353.7,350,600,352.02,-0.9986295347545736,351.23,350.85
352.43,0.07845909572784786,352.1,373.03,372.61,351.17,1400.0,351.2,351.23,352.98,351.15,352.62,352.21,351.22,352.68,356.58,353.12,351.32,250,351.07,353.03,351.41,368.28,353.52,350,600,353.76,-0.9969173337331277,351.5,350.87
352.43,0.10452846326765476,353.73,373.03,372.61,351.2,1400.0,351.2,351.5,352.92,351.15,352.61,352.21,351.47,352.63,356.66,353.01,351.31,250,351.22,352.99,351.38,368.37,353.38,350,600,359.76,-0.9945218953682732,352.07,350.91
352.44,0.13052619222005127,358.48,373.03,372.61,351.22,1400.0,351.2,352.07,351.2,351.15,352.59,352.22,351.92,351.13,356.73,352.9,350.95,250,351.47,352.94,351.37,368.44,353.25,350,600,366.54,-0.9914448613738105,353.33,350.96
352.44,0.1564344650402368,364.72,373.03,372.61,350.94,1400.0,351.2,353.33,351.11,351.16,351.11,352.22,352.69,351.02,356.77,352.82,350.86,250,351.92,351.19,351.35,368.48,353.15,350,600,368.43,-0.9876883405951368,356.18,351.03
352.44,0.18223552549215177,367.46,373.03,372.61,350.86,1400.0,351.2,356.18,351.23,351.07,351.02,352.22,354.0,351.07,353.97,352.74,350.85,250,352.69,351.11,351.33,362.92,353.06,350,600,368.83,-0.9832549075639537,360.64,351.1
352.45,0.20791169081776203,368.33,373.03,372.61,350.85,1400.0,351.2,360.64,351.5,351.01,351.08,352.22,355.74,351.22,352.71,352.68,350.87,250,354.0,351.23,351.32,357.82,352.98,350,600,368.93,-0.978147600733805,364.18,351.18
352.45,0.23344536385590653,368.63,373.03,372.61,350.87,1400.0,351.2,364.18,352.07,350.97,351.22,352.23,357.62,351.47,352.09,352.63,350.91,250,355.74,351.51,351.31,354.84,352.92,350,600,368.96,-0.9723699203976763,366.03,351.24
352.45,0.2588190451025203,368.75,373.03,372.61,350.91,1400.0,351.2,366.03,353.33,350.94,351.48,352.23,359.16,351.92,351.75,351.13,350.96,250,357.62,352.09,350.95,353.34,351.2,350,600,368.97,-0.9659258262890684,366.9,351.3
352.45,0.28401534470392825,368.81,373.03,372.61,350.96,1400.0,351.2,366.9,356.18,350.97,351.94,352.23,360.25,352.69,352.1,351.02,351.03,250,359.16,353.37,350.86,354.92,351.11,350,600,368.98,-0.9588197348681914,367.34,351.34
351.16,0.30901699437495145,359.76,360.09,354.68,351.03,75.0,350.93,367.34,360.64,351.0,352.72,351.09,360.44,354.0,352.55,351.07,351.1,450,360.25,356.28,350.85,357.13,351.23,150,600,359.11,-0.9510565162951523,360.31,351.49
351.06,0.3338068592337734,357.51,356.04,353.84,351.1,75.0,350.85,360.31,364.18,351.03,354.03,350.99,357.66,355.74,353.1,351.22,351.18,450,360.44,360.74,350.87,359.66,351.5,150,600,357.05,-0.9426414910921775,357.82,351.66
351.14,0.3583679495453012,356.49,355.13,353.68,351.19,75.0,350.84,357.82,366.03,351.06,358.47,351.03,356.2,357.62,353.68,351.47,351.24,450,357.66,359.93,350.91,361.97,352.07,150,600,356.16,-0.9335804264972014,356.61,351.71
351.34,0.38268343236508917,355.84,354.84,353.62,351.34,75.0,350.86,356.61,366.9,351.08,356.68,351.13,355.26,359.16,354.24,351.92,351.3,450,356.2,357.5,350.96,363.83,353.33,150,600,355.62,-0.923879532511287,355.79,351.69
351.97,0.4067366430758054,355.34,354.72,353.6,351.44,75.0,350.88,355.79,367.34,351.1,355.55,351.52,354.63,360.25,354.76,352.69,351.34,450,355.26,356.3,351.03,365.23,356.18,150,600,355.23,-0.9135454576425985,355.18,351.65
352.46,0.43051109680829885,354.94,354.67,353.59,351.49,75.0,350.92,355.18,360.31,351.11,354.81,351.93,354.18,360.44,355.22,354.0,351.49,450,354.63,355.51,351.1,366.23,360.64,150,600,354.92,-0.9025852843498589,354.71,351.6
352.71,0.4539904997395498,354.61,354.65,353.58,351.5,75.0,350.98,354.71,357.82,351.12,354.3,352.2,353.84,357.66,355.6,355.74,351.66,450,354.18,354.93,351.18,366.94,364.18,150,600,354.65,-0.8910065241883663,354.34,351.56
352.81,0.4771587602596099,354.33,354.63,353.57,351.49,75.0,351.04,354.34,356.61,351.13,353.94,352.36,353.59,356.2,355.92,357.62,351.71,450,353.84,354.5,351.24,367.43,366.03,150,600,354.41,-0.8788171126619646,354.05,351.51
352.85,0.5000000000000001,351.4,372.99,372.31,351.47,1400.0,351.09,354.05,355.79,351.14,353.66,352.44,351.19,355.26,356.16,359.16,351.69,250,353.59,354.17,351.3,367.77,366.9,350,600,351.57,-0.8660254037844386,351.29,350.98
352.85,0.5224985647159536,351.49,373.03,372.61,351.45,1400.0,351.14,351.29,355.18,351.14,353.44,352.47,351.1,354.63,356.35,360.25,351.65,250,351.19,353.91,351.34,368.01,367.34,350,600,351.96,-0.8526401643540893,351.24,350.88
352.83,0.5446390350150304,352.08,373.03,372.61,351.43,1400.0,351.17,351.24,354.71,351.15,353.27,352.49,351.22,354.18,356.5,360.44,351.6,250,351.1,353.7,351.49,368.18,360.31,350,600,353.69,-0.8386705679454218,351.5,350.88
352.8,0.5664062369248347,353.71,373.03,372.61,351.41,1400.0,351.19,351.5,354.34,351.15,353.12,352.48,351.47,353.84,356.6,357.66,351.56,250,351.22,353.52,351.66,368.3,357.82,350,600,359.7,-0.8241261886220144,352.06,350.91
351.18,0.5877852522924744,356.58,360.09,354.68,351.38,75.0,350.93,352.06,354.05,351.15,353.01,351.1,352.42,353.59,356.68,356.2,351.51,450,351.47,353.38,351.71,368.39,356.61,150,600,358.28,-0.8090169943749465,353.9,350.94
351.09,0.6087614290087199,355.58,356.04,353.84,351.37,75.0,350.85,353.9,351.29,351.16,352.9,351.01,353.03,351.19,356.74,355.26,350.98,450,352.42,353.25,351.69,368.45,355.79,150,600,356.33,-0.7933533402912357,354.23,351.01
351.21,0.6293203910498416,354.96,355.13,353.68,351.35,75.0,350.85,354.23,351.24,351.16,352.82,351.06,353.21,351.1,356.78,354.63,350.88,450,353.03,353.15,351.65,368.49,355.18,150,600,355.44,-0.7771459614569675,354.11,351.1
351.46,0.6494480483301872,354.55,354.84,353.62,351.33,75.0,350.87,354.11,351.5,351.16,352.74,351.19,353.21,351.22,356.81,354.18,350.88,450,353.21,353.06,351.6,368.52,354.71,150,600,354.91,-0.7604059656000279,353.93,351.17
352.27,0.6691306063588605,351.34,373.0,372.36,351.32,1400.0,350.89,353.93,352.06,351.16,352.68,351.68,351.13,351.47,356.83,353.84,350.91,250,353.21,352.98,351.56,368.55,354.34,350,600,351.51,-0.7431448254773922,351.22,350.94
352.8,0.688354575693755,351.45,373.03,372.61,351.31,1400.0,350.94,351.22,353.9,351.16,352.63,352.14,351.08,352.42,356.85,353.59,350.94,250,351.13,352.92,351.51,368.56,354.05,350,600,351.9,-0.7253743710122866,351.22,350.87
353.01,0.7071067811865474,352.0,373.03,372.61,350.95,1400.0,351.01,351.22,354.23,351.16,351.13,352.41,351.2,353.03,356.86,351.19,351.01,250,351.08,351.2,350.98,368.57,351.29,350,600,353.43,-0.7071067811865477,351.46,350.87
353.07,0.7253743710122919,353.46,373.03,372.61,350.86,1400.0,351.07,351.46,354.11,351.16,351.02,352.55,351.44,353.21,356.86,351.1,351.1,250,351.2,351.11,350.88,368.58,351.24,350,600,358.88,-0.6883545756937495,351.99,350.9
353.07,0.7431448254773967,356.26,360.09,354.68,350.85,75.0,351.12,351.99,353.93,351.16,351.07,352.61,352.33,353.21,356.87,351.22,351.17,450,351.44,351.23,350.88,368.59,351.5,150,600,358.13,-0.6691306063588555,353.69,350.94
353.03,0.7604059656000328,355.42,356.04,353.84,350.87,75.0,351.17,353.69,351.22,351.16,351.22,352.62,352.94,351.13,356.88,351.47,350.94,450,352.33,351.5,350.91,368.59,352.06,150,600,356.24,-0.6494480483301814,354.08,351.01
352.99,0.7771459614569722,354.86,355.13,353.68,350.91,75.0,351.2,354.08,351.22,351.16,351.47,352.61,353.13,351.08,356.88,352.42,350.87,450,352.94,352.07,350.94,368.6,353.9,150,600,355.37,-0.6293203910498358,354.01,351.09
352.94,0.7933533402912349,354.47,354.84,353.62,350.96,75.0,351.22,354.01,351.46,351.07,351.92,352.59,353.15,351.2,354.02,353.03,350.87,450,353.13,353.33,351.01,363.07,354.23,150,600,354.85,-0.6087614290087209,353.85,351.16
351.19,0.809016994374951,354.18,354.72,353.6,351.03,75.0,350.94,353.85,351.99,351.01,352.69,351.11,353.11,351.44,352.73,353.21,350.9,450,353.15,356.18,351.1,357.93,354.11,150,600,354.49,-0.5877852522924683,353.69,351.21
351.11,0.8241261886220181,353.96,354.67,353.58,351.1,75.0,350.86,353.69,353.69,350.97,354.0,351.02,353.04,352.33,352.11,353.21,350.94,450,353.11,360.64,351.17,354.9,353.93,150,600,354.22,-0.5664062369248293,353.54,351.25
351.23,0.8386705679454255,353.77,354.64,353.57,351.18,75.0,350.85,353.54,354.08,350.94,355.74,351.08,352.96,352.94,351.76,351.13,351.01,450,353.04,364.18,350.94,353.37,351.22,150,600,354.01,-0.5446390350150248,353.41,351.28
351.51,0.8526401643540928,353.62,354.62,353.56,351.24,75.0,350.87,353.41,354.01,350.97,357.62,351.22,352.89,353.13,352.11,351.08,351.09,450,352.96,366.03,350.87,354.97,351.22,150,600,353.83,-0.5224985647159479,353.29,351.29
352.09,0.8660254037844384,353.49,354.61,353.56,351.3,75.0,350.91,353.29,353.85,351.0,359.16,351.48,352.82,353.15,352.56,351.2,351.16,450,352.89,366.9,350.87,357.18,351.46,150,600,353.69,-0.5000000000000004,353.19,351.3
353.37,0.8788171126619677,353.38,354.6,353.55,351.34,75.0,350.96,353.19,353.69,351.03,360.25,351.94,352.76,353.11,353.11,351.44,351.21,450,352.82,367.34,350.9,359.71,351.99,150,600,353.57,-0.4771587602596041,353.1,351.3
356.28,0.8910065241883698,353.28,354.59,353.55,351.49,75.0,351.03,353.1,353.54,351.06,360.44,352.72,352.7,353.04,353.69,352.33,351.25,450,352.76,360.31,350.94,362.02,353.69,150,600,353.46,-0.45399049973954303,353.02,351.3
360.74,0.9025852843498621,353.2,354.58,353.55,351.66,75.0,351.1,353.02,353.41,351.0,357.66,354.03,352.65,352.96,352.56,352.94,351.28,450,352.7,357.82,351.01,357.11,354.08,150,600,353.38,-0.430511096808292,352.95,351.29
359.93,0.9135454576426013,351.29,372.7,369.87,351.71,1400.0,351.19,352.95,353.29,350.96,356.2,358.47,351.13,352.89,352.02,353.13,351.29,250,352.65,356.61,351.09,354.49,354.01,350,600,351.41,-0.4067366430757993,351.2,350.95
357.5,0.9238795325112868,351.25,373.02,372.54,351.69,1400.0,351.34,351.2,353.19,350.93,355.26,356.68,351.02,352.82,351.7,353.15,351.3,250,351.13,355.79,351.16,353.15,353.85,350,600,351.47,-0.38268343236508956,351.11,350.86
356.3,0.9335804264972037,351.5,373.03,372.61,351.65,1400.0,351.44,351.11,353.1,350.91,354.63,355.55,351.08,352.76,351.49,353.11,351.3,250,351.02,355.18,351.21,352.41,353.69,350,600,352.05,-0.35836794954529494,351.24,350.85
355.51,0.9426414910921798,352.13,373.03,372.61,351.6,1400.0,351.49,351.24,353.02,350.89,354.18,354.81,351.22,352.7,351.35,353.04,351.3,250,351.08,354.71,351.25,352.0,353.54,350,600,353.88,-0.33380685923376713,351.52,350.87
354.93,0.9510565162951543,353.83,373.03,372.61,351.56,1400.0,351.5,351.52,352.95,350.87,353.84,354.3,351.49,352.65,351.25,352.96,351.29,250,351.22,354.34,351.28,351.73,353.41,350,600,360.08,-0.3090169943749451,352.1,350.91
354.5,0.9588197348681935,358.72,373.03,372.61,351.51,1400.0,351.49,352.1,351.2,350.86,353.59,353.94,351.94,351.13,351.17,352.89,350.95,250,351.49,354.05,351.29,351.54,353.29,350,600,366.67,-0.284015344703921,353.4,350.96
354.17,0.9659258262890681,364.89,373.03,372.61,350.98,1400.0,351.47,353.4,351.11,350.85,351.19,353.66,352.73,351.02,351.12,352.82,350.86,250,351.94,351.29,351.3,351.41,353.19,350,600,368.45,-0.25881904510252157,356.33,351.03
353.91,0.9723699203976779,367.51,373.03,372.61,350.88,1400.0,351.45,356.33,351.24,350.87,351.1,353.44,354.05,351.08,351.26,352.76,350.85,250,352.73,351.24,351.3,351.77,353.1,350,600,368.83,-0.23344536385590003,360.8,351.1
353.7,0.9781476007338067,359.71,360.09,354.68,350.88,75.0,351.43,360.8,351.52,350.9,351.22,353.27,358.49,351.22,351.46,352.7,350.87,450,354.05,351.5,351.3,352.34,353.02,150,600,359.1,-0.20791169081775465,359.93,351.19
353.52,0.983254907563955,357.43,356.04,353.84,350.91,75.0,351.41,359.93,352.1,350.93,351.47,353.12,356.69,351.49,351.75,352.65,350.91,450,358.49,352.06,351.29,353.36,352.95,150,600,357.04,-0.18223552549214522,357.5,351.34
353.38,0.987688340595138,356.38,355.13,353.68,350.94,75.0,351.38,357.5,353.4,350.97,352.42,353.01,355.56,351.94,352.1,351.13,350.96,450,356.69,353.9,350.95,354.92,351.2,150,600,356.13,-0.15643446504022934,356.3,351.44
353.25,0.9914448613738104,355.71,354.84,353.62,351.01,75.0,351.37,356.3,356.33,350.94,353.03,352.9,354.82,352.73,351.76,351.02,351.03,450,355.56,354.23,350.86,353.36,351.11,150,600,355.57,-0.13052619222005168,355.51,351.49
353.15,0.994521895368274,351.51,373.02,372.58,351.1,1400.0,351.35,355.51,360.8,350.91,353.21,352.82,351.23,354.05,351.53,351.08,351.1,250,354.82,354.11,350.85,352.52,351.24,350,600,351.78,-0.10452846326764724,351.34,350.99
353.06,0.9969173337331283,351.88,373.03,372.61,351.17,1400.0,351.33,351.34,359.93,350.89,353.21,352.74,351.2,358.49,351.38,351.22,351.19,250,351.23,353.93,350.87,352.07,351.52,350,600,353.01,-0.0784590957278412,351.43,350.89
352.98,0.998629534754574,353.21,373.03,372.61,350.94,1400.0,351.32,351.43,357.5,350.87,351.13,352.68,351.41,356.69,351.27,351.49,351.34,250,351.2,351.22,350.91,351.78,352.1,350,600,357.98,-0.05233595624294082,351.91,350.9
352.92,0.9996573249755573,357.18,373.03,372.61,350.87,1400.0,351.31,351.91,356.3,350.86,351.08,352.63,351.81,355.56,351.19,351.94,351.44,250,351.41,351.22,350.96,351.57,353.4,350,600,365.68,-0.026176948307872656,352.98,350.95
351.2,1.0,363.73,373.03,372.61,350.87,1400.0,350.95,352.98,355.51,350.85,351.2,351.13,352.51,354.82,351.13,352.73,351.49,250,351.81,351.46,351.03,351.43,356.33,350,600,368.24,0.0,355.44,351.01
351.11,0.9996573249755571,367.15,373.03,372.61,350.9,1400.0,350.86,355.44,351.34,350.84,351.44,351.02,353.7,351.23,351.08,354.05,350.99,250,352.51,351.99,351.1,351.33,360.8,350,600,368.79,0.026176948307879103,359.77,351.09
351.23,0.9986295347545736,368.23,373.03,372.61,350.94,1400.0,350.85,359.77,351.43,350.83,352.33,351.07,355.37,351.2,351.04,358.49,350.89,250,353.7,353.69,351.19,351.25,359.93,350,600,368.92,0.05233595624294829,363.63,351.16
351.5,0.9969173337331277,368.6,373.03,372.61,351.01,1400.0,350.87,363.63,351.91,350.83,352.94,351.22,357.27,351.41,351.01,356.69,350.9,250,355.37,354.08,351.34,351.18,357.5,350,600,368.96,0.07845909572784791,365.77,351.23
352.07,0.9945218953682732,368.74,373.03,372.61,351.09,1400.0,350.91,365.77,352.98,350.82,353.13,351.47,358.89,351.81,350.98,355.56,350.95,250,357.27,354.01,351.44,351.13,356.3,350,600,368.97,0.10452846326765494,366.77,351.29
353.33,0.9914448613738104,368.8,373.03,372.61,351.16,1400.0,350.96,366.77,355.44,350.81,353.15,351.92,360.07,352.51,350.96,354.82,351.01,250,358.89,353.85,351.49,351.09,355.51,350,600,368.98,0.13052619222005157,367.27,351.33
356.18,0.9876883405951368,368.84,373.03,372.61,351.21,1400.0,351.03,367.27,359.77,350.81,353.11,352.69,360.87,353.7,350.94,351.23,351.09,250,360.07,353.69,350.99,351.06,351.34,350,600,368.98,0.15643446504023675,367.54,351.36
360.64,0.9832549075639537,368.86,373.03,372.61,351.25,1400.0,351.1,367.54,363.63,350.81,353.04,354.0,361.4,355.37,350.93,351.2,351.16,250,360.87,353.54,350.89,351.03,351.43,350,600,368.99,0.18223552549215186,367.7,351.38
364.18,0.978147600733805,368.87,373.03,372.61,351.28,1400.0,351.18,367.7,365.77,350.8,352.96,355.74,361.74,357.27,350.91,351.41,351.23,250,361.4,353.41,350.9,351.0,351.91,350,600,368.99,0.20791169081776223,367.79,351.4
366.03,0.9723699203976762,368.87,373.03,372.61,351.29,1400.0,351.24,367.79,366.77,350.8,352.89,357.62,361.96,358.89,350.9,351.81,351.29,250,361.74,353.29,350.95,350.98,352.98,350,600,368.99,0.23344536385590683,367.85,351.41
366.9,0.9659258262890683,368.88,373.03,372.61,351.3,1400.0,351.3,367.85,367.27,350.79,352.82,359.16,362.1,360.07,350.89,352.51,351.33,250,361.96,353.19,351.01,350.96,355.44,350,600,368.99,0.25881904510252074,367.89,351.41
367.34,0.9588197348681914,368.88,373.03,372.61,351.3,1400.0,351.34,367.89,367.54,350.79,352.76,360.25,362.2,360.87,350.88,353.7,351.36,250,362.1,353.1,351.09,350.95,359.77,350,600,368.99,0.2840153447039283,367.91,351.42
360.31,0.9510565162951522,359.77,360.09,354.68,351.3,75.0,351.49,367.91,367.7,350.79,352.7,360.44,360.57,361.4,350.87,355.37,351.38,450,362.2,353.02,351.16,350.93,363.63,150,600,359.11,0.30901699437495167,360.33,351.59
357.82,0.9426414910921774,357.51,356.04,353.84,351.29,75.0,351.66,360.33,367.79,350.79,352.65,357.66,357.76,361.74,350.86,357.27,351.4,450,360.57,352.95,351.23,350.92,365.77,150,600,357.06,0.33380685923377373,357.85,351.75
356.61,0.9335804264972012,356.5,355.13,353.68,350.95,75.0,351.71,357.85,367.85,350.78,351.13,356.2,356.29,361.96,350.85,358.89,351.41,450,357.76,351.2,351.29,350.91,366.77,150,600,356.17,0.3583679495453016,356.64,351.77
355.79,0.9238795325112867,355.85,354.84,353.62,350.86,75.0,351.69,356.64,367.89,350.8,351.02,355.26,355.34,362.1,350.89,360.07,351.41,450,356.29,351.11,351.33,350.97,367.27,150,600,355.63,0.3826834323650898,355.83,351.74
355.18,0.9135454576425985,355.36,354.72,353.6,350.85,75.0,351.65,355.83,367.91,350.81,351.08,354.63,354.69,362.2,350.95,360.87,351.42,450,355.34,351.24,351.36,351.07,367.54,150,600,355.24,0.4067366430758056,355.22,351.68
354.71,0.9025852843498587,354.96,354.67,353.59,350.87,75.0,351.6,355.22,360.33,350.83,351.22,354.18,354.22,360.57,351.03,361.4,351.59,450,354.69,351.52,351.38,351.22,367.7,150,600,354.93,0.43051109680829913,354.75,351.63
354.34,0.8910065241883666,354.63,354.65,353.58,350.91,75.0,351.56,354.75,357.85,350.85,351.49,353.84,353.88,357.76,351.14,361.74,351.75,450,354.22,352.1,351.4,351.46,367.79,150,600,354.66,0.4539904997395494,354.37,351.57
354.05,0.8788171126619647,354.35,354.63,353.57,350.96,75.0,351.51,354.37,356.64,350.88,351.94,353.59,353.61,356.29,351.3,361.96,351.77,450,353.88,353.4,351.41,351.86,367.85,150,600,354.43,0.4771587602596097,354.08,351.53
351.29,0.8660254037844387,354.11,354.62,353.57,351.03,75.0,350.98,354.08,355.83,350.91,352.73,351.19,353.4,355.34,351.51,362.1,351.74,450,353.61,356.33,351.41,352.49,367.89,150,600,354.22,0.49999999999999994,353.83,351.48
351.24,0.8526401643540892,353.91,354.61,353.56,351.1,75.0,350.88,353.83,355.22,350.94,354.05,351.1,353.23,354.69,351.81,362.2,351.68,450,353.4,360.8,351.42,353.61,367.91,150,600,354.04,0.5224985647159539,353.63,351.45
351.5,0.8386705679454216,353.74,354.61,353.56,351.19,75.0,350.88,353.63,354.75,350.97,358.49,351.22,353.09,354.22,352.17,360.57,351.63,450,353.23,359.93,351.59,355.28,360.33,150,600,353.88,0.5446390350150309,353.47,351.42
352.06,0.824126188622014,353.59,354.6,353.56,351.34,75.0,350.91,353.47,354.37,350.94,356.69,351.47,352.98,353.88,351.8,357.76,351.57,450,353.09,357.5,351.75,353.55,357.85,150,600,353.74,0.5664062369248353,353.33,351.39
353.9,0.8090169943749466,353.47,354.59,353.55,351.44,75.0,350.94,353.33,354.08,350.91,355.56,352.42,352.88,353.61,351.56,356.29,351.53,450,352.98,356.3,351.77,352.63,356.64,150,600,353.62,0.5877852522924742,353.22,351.37
354.23,0.7933533402912352,353.36,354.59,353.55,351.49,75.0,351.01,353.22,353.83,350.89,354.82,353.03,352.8,353.4,351.4,355.34,351.48,450,352.88,355.51,351.74,352.12,355.83,150,600,353.52,0.6087614290087207,353.12,351.35
354.11,0.7771459614569671,353.27,354.58,353.55,350.99,75.0,351.1,353.12,353.63,350.88,351.23,353.21,352.72,353.23,351.29,354.69,351.45,450,352.8,351.34,351.68,351.82,355.22,150,600,353.43,0.629320391049842,353.03,351.33
353.93,0.760405965600028,353.19,354.58,353.54,350.89,75.0,351.17,353.03,353.47,350.86,351.2,353.21,352.66,353.09,351.2,354.22,351.42,450,352.72,351.43,351.63,351.6,354.75,150,600,353.35,0.649448048330187,352.96,351.32
351.22,0.7431448254773922,351.3,372.69,369.83,350.9,1400.0,350.94,352.96,353.33,350.85,351.41,351.13,351.13,352.98,351.14,353.88,351.39,250,352.66,351.91,351.57,351.45,354.37,350,600,351.41,0.6691306063588603,351.21,350.95
351.22,0.7253743710122866,351.25,373.02,372.55,350.95,1400.0,350.87,351.21,353.22,350.84,351.81,351.08,351.02,352.88,351.09,353.61,351.37,250,351.13,352.98,351.53,351.34,354.08,350,600,351.47,0.688354575693755,351.11,350.86
351.46,0.7071067811865476,351.51,373.03,372.61,351.01,1400.0,350.87,351.11,353.12,350.83,352.51,351.2,351.08,352.8,351.05,353.4,351.35,250,351.02,355.44,351.48,351.26,353.83,350,600,352.06,0.7071067811865475,351.24,350.85
351.99,0.6883545756937497,352.14,373.03,372.61,351.09,1400.0,350.9,351.24,353.03,350.86,353.7,351.44,351.23,352.72,351.16,353.23,351.33,250,351.08,359.77,351.45,351.51,353.63,350,600,353.9,0.7253743710122917,351.52,350.87
353.69,0.669130606358855,353.74,360.09,354.68,351.16,75.0,350.94,351.52,352.96,350.88,355.37,352.33,351.75,352.66,351.33,353.09,351.32,450,351.23,363.63,351.42,351.95,353.47,150,600,355.98,0.7431448254773971,352.42,350.9
354.08,0.6494480483301814,353.97,356.04,353.83,351.23,75.0,351.01,352.42,351.21,350.91,357.27,352.94,352.24,351.13,351.56,352.98,350.95,450,351.75,365.77,351.39,352.65,353.33,150,600,355.07,0.7604059656000328,352.96,350.95
354.01,0.6293203910498363,353.87,355.13,353.67,351.29,75.0,351.09,352.96,351.11,350.95,358.89,353.13,352.51,351.02,351.87,352.88,350.86,450,352.24,366.77,351.37,353.86,353.22,150,600,354.55,0.7771459614569718,353.15,351.02
353.85,0.6087614290087207,353.74,354.83,353.62,351.33,75.0,351.16,353.15,351.24,350.92,360.07,353.15,352.64,351.08,351.6,352.8,350.85,450,352.51,367.27,351.35,352.79,353.12,150,600,354.22,0.7933533402912352,353.18,351.08
353.69,0.5877852522924684,353.61,354.71,353.59,351.36,75.0,351.21,353.18,351.52,350.9,360.87,353.11,352.68,351.23,351.43,352.72,350.87,450,352.64,367.54,351.33,352.21,353.03,150,600,353.98,0.8090169943749509,353.16,351.14
353.54,0.5664062369248292,353.49,354.66,353.58,351.38,75.0,351.25,353.16,352.42,350.88,361.4,353.04,352.69,351.75,351.31,352.66,350.9,450,352.68,367.7,351.32,351.88,352.96,150,600,353.79,0.8241261886220181,353.11,351.18
353.41,0.5446390350150246,353.39,354.63,353.56,351.4,75.0,351.28,353.11,352.96,350.87,361.74,352.96,352.67,352.24,351.22,351.13,350.95,450,352.69,367.79,350.95,351.65,351.21,150,600,353.64,0.8386705679454256,353.06,351.21
353.29,0.5224985647159476,353.3,354.61,353.56,351.41,75.0,351.29,353.06,353.15,350.85,361.96,352.89,352.64,352.51,351.15,351.02,351.02,450,352.67,367.85,350.86,351.48,351.11,150,600,353.52,0.8526401643540931,353.0,351.23
353.19,0.5000000000000001,353.22,354.6,353.55,351.41,75.0,351.3,353.0,353.18,350.84,362.1,352.82,352.61,352.64,351.1,351.08,351.08,450,352.64,367.89,350.85,351.36,351.24,150,600,353.42,0.8660254037844386,352.94,351.24
353.1,0.4771587602596033,353.14,354.59,353.55,351.42,75.0,351.3,352.94,353.16,350.84,362.2,352.76,352.58,352.68,351.06,351.23,351.14,450,352.61,367.91,350.87,351.28,351.52,150,600,353.34,0.8788171126619682,352.89,351.25
353.02,0.45399049973954286,353.08,354.58,353.54,351.59,75.0,351.3,352.89,353.11,350.83,360.57,352.7,352.54,352.69,351.02,351.75,351.18,450,352.58,360.33,350.9,351.21,352.42,150,600,353.27,0.8910065241883699,352.84,351.26
352.95,0.43051109680829247,353.03,354.57,353.54,351.75,75.0,351.29,352.84,353.06,350.82,357.76,352.65,352.51,352.67,350.99,352.24,351.21,450,352.54,357.85,350.95,351.15,352.96,150,600,353.2,0.9025852843498618,352.8,351.26
351.2,0.406736643075799,351.28,372.55,368.86,351.77,1400.0,350.95,352.8,353.0,350.82,356.29,351.13,351.11,352.64,350.97,352.51,351.23,250,352.51,356.64,351.02,351.1,353.15,350,600,351.39,0.9135454576426014,351.19,350.94
351.11,0.38268343236508984,351.22,373.02,372.51,351.74,1400.0,350.86,351.19,352.94,350.81,355.34,351.02,351.01,352.61,350.95,352.64,351.24,250,351.11,355.83,351.08,351.07,353.18,350,600,351.42,0.9238795325112867,351.1,350.86
351.24,0.3583679495452948,351.44,373.03,372.61,351.68,1400.0,350.85,351.1,352.89,350.81,354.69,351.08,351.06,352.58,350.93,352.68,351.25,250,351.01,355.22,351.14,351.04,353.16,350,600,351.91,0.9335804264972039,351.2,350.85
351.52,0.33380685923376674,351.98,373.03,372.61,351.63,1400.0,350.87,351.2,352.84,350.82,354.22,351.22,351.19,352.54,351.0,352.69,351.26,250,351.06,354.75,351.18,351.16,353.11,350,600,353.39,0.9426414910921799,351.46,350.87
352.1,0.30901699437494473,353.39,360.09,354.68,351.57,75.0,350.91,351.46,352.8,350.84,353.88,351.49,351.67,352.51,351.1,352.67,351.26,450,351.19,354.37,351.21,351.37,353.06,150,600,355.43,0.9510565162951544,352.26,350.89
353.4,0.28401534470392126,353.71,356.04,353.83,351.53,75.0,350.96,352.26,351.19,350.87,353.61,351.94,352.14,351.11,351.24,352.64,350.94,450,351.67,354.08,351.23,351.72,353.0,150,600,354.79,0.9588197348681935,352.79,350.94
356.33,0.25881904510252074,353.68,355.13,353.67,351.48,75.0,351.03,352.79,351.1,350.9,353.4,352.73,352.41,351.01,351.44,352.61,350.86,450,352.14,353.83,351.24,352.25,352.94,150,600,354.36,0.9659258262890683,353.0,351.01
360.8,0.23344536385589965,353.59,354.83,353.62,351.45,75.0,351.1,353.0,351.2,350.93,353.23,354.05,352.54,351.06,351.71,352.58,350.85,450,352.41,353.63,351.25,353.21,352.89,150,600,354.07,0.972369920397678,353.06,351.07
359.93,0.20791169081775512,353.5,354.71,353.59,351.42,75.0,351.19,353.06,351.46,350.96,353.09,358.49,352.6,351.19,352.06,352.54,350.87,450,352.54,353.47,351.26,354.7,352.84,150,600,353.86,0.9781476007338066,353.06,351.12
357.5,0.1822355254921444,353.4,354.65,353.57,351.39,75.0,351.34,353.06,352.26,350.99,352.98,356.69,352.62,351.67,352.49,352.51,350.89,450,352.6,353.33,351.26,356.83,352.8,150,600,353.7,0.9832549075639552,353.03,351.17
356.3,0.1564344650402294,353.31,354.62,353.56,351.37,75.0,351.44,353.03,352.79,351.03,352.88,355.56,352.61,352.14,353.03,351.11,350.94,450,352.62,353.22,350.94,359.35,351.19,150,600,353.56,0.987688340595138,352.98,351.2
355.51,0.1305261922200517,353.23,354.61,353.56,351.35,75.0,351.49,352.98,353.0,351.05,352.8,354.82,352.59,352.41,353.61,351.01,351.01,450,352.61,353.12,350.86,361.71,351.1,150,600,353.45,0.9914448613738104,352.94,351.22
351.34,0.10452846326764771,353.16,354.59,353.55,351.33,75.0,350.99,352.94,353.06,351.08,352.72,351.23,352.57,352.54,354.17,351.06,351.07,450,352.59,353.03,350.85,363.64,351.2,150,600,353.36,0.994521895368274,352.89,351.23
351.43,0.07845909572784035,353.09,354.58,353.55,351.32,75.0,350.89,352.89,353.06,351.1,352.66,351.2,352.54,352.6,354.7,351.19,351.12,450,352.57,352.96,350.87,365.09,351.46,150,600,353.29,0.9969173337331283,352.84,351.24
351.91,0.052335956242940865,353.04,354.58,353.54,350.95,75.0,350.9,352.84,353.03,351.11,351.13,351.41,352.51,352.62,355.17,351.67,351.17,450,352.54,351.21,350.89,366.13,352.26,150,600,353.22,0.998629534754574,352.8,351.25
352.98,0.026176948307871584,352.99,354.57,353.54,350.86,75.0,350.95,352.8,352.98,351.04,351.02,351.81,352.48,352.61,353.26,352.14,351.2,450,352.51,351.11,350.94,360.28,352.79,150,600,353.17,0.9996573249755574,352.76,351.25
355.44,6.123233995736766e-17,352.94,354.57,353.54,350.85,75.0,351.01,352.76,352.94,350.99,351.08,352.51,352.46,352.59,352.36,352.41,351.22,450,352.48,351.24,351.01,356.15,353.0,150,600,353.12,1.0,352.73,351.25
359.77,-0.02617694830787923,352.91,354.56,353.53,350.87,75.0,351.09,352.73,352.89,350.95,351.23,353.7,352.43,352.57,351.91,352.54,351.23,450,352.46,351.52,351.07,354.02,353.06,150,600,353.08,0.9996573249755571,352.69,351.25
363.63,-0.052335956242948276,352.87,354.56,353.53,350.9,75.0,351.16,352.69,352.84,350.92,351.75,355.37,352.41,352.54,351.63,352.6,351.24,450,352.43,352.42,351.12,352.89,353.06,150,600,353.04,0.9986295347545736,352.67,351.25
365.77,-0.07845909572784798,352.85,354.56,353.53,350.95,75.0,351.23,352.67,352.8,350.95,352.24,357.27,352.39,352.51,351.96,352.62,351.25,450,352.41,352.96,351.17,354.25,353.03,150,600,353.01,0.9969173337331277,352.64,351.24
366.77,-0.10452846326765487,351.26,372.35,367.57,351.02,1400.0,351.29,352.64,352.76,350.99,352.51,358.89,351.11,352.48,352.36,352.61,351.25,250,352.39,353.15,351.2,356.2,352.98,350,600,351.37,0.9945218953682732,351.18,350.94
367.27,-0.1305261922200516,351.2,373.01,372.45,351.08,1400.0,351.33,351.18,352.73,351.02,352.64,360.07,351.0,352.46,352.88,352.59,351.25,250,351.11,353.18,351.22,358.67,352.94,350,600,351.38,0.9914448613738104,351.08,350.85
367.54,-0.15643446504023673,351.39,373.03,372.6,351.14,1400.0,351.36,351.08,352.69,351.05,352.68,360.87,351.04,352.43,353.45,352.57,351.25,250,351.0,353.16,351.23,361.11,352.89,350,600,351.8,0.9876883405951368,351.18,350.84
367.7,-0.1822355254921519,351.86,373.03,372.61,351.18,1400.0,351.38,351.18,352.67,350.99,352.69,361.4,351.16,352.41,352.45,352.54,351.25,250,351.04,353.11,351.24,356.55,352.84,350,600,353.0,0.9832549075639537,351.4,350.86
367.79,-0.20791169081776217,353.1,360.09,354.68,351.21,75.0,351.4,351.4,352.64,350.96,352.67,361.74,351.6,352.39,351.96,352.51,351.24,450,351.16,353.06,351.25,354.22,352.8,150,600,354.92,0.978147600733805,352.12,350.88
367.85,-0.23344536385590686,353.48,356.04,353.83,351.23,75.0,351.41,352.12,351.18,350.93,352.64,361.96,352.04,351.11,351.66,352.48,350.94,450,351.6,353.0,351.25,353.0,352.76,150,600,354.51,0.9723699203976762,352.64,350.93
367.89,-0.25881904510252063,353.51,355.13,353.67,351.24,75.0,351.41,352.64,351.08,350.9,352.61,362.1,352.31,351.0,351.46,352.46,350.85,450,352.04,352.94,351.25,352.33,352.73,150,600,354.18,0.9659258262890683,352.86,350.99
367.91,-0.28401534470392836,353.46,354.83,353.61,351.25,75.0,351.42,352.86,351.18,350.88,352.58,362.2,352.46,351.04,351.34,352.43,350.84,450,352.31,352.89,351.25,351.95,352.69,150,600,353.93,0.9588197348681914,352.95,351.06
360.33,-0.30901699437495156,351.25,372.88,371.31,351.26,1400.0,351.59,352.95,351.4,350.87,352.54,360.57,351.08,351.16,351.24,352.41,350.86,250,352.46,352.84,351.25,351.7,352.67,350,600,351.38,0.9510565162951522,351.16,350.91
357.85,-0.33380685923377373,351.28,373.02,372.57,351.26,1400.0,351.75,351.16,352.12,350.86,352.51,357.76,351.02,351.6,351.16,352.39,350.88,250,351.08,352.8,351.24,351.52,352.64,350,600,351.54,0.9426414910921774,351.12,350.85
356.64,-0.3583679495453015,351.58,373.03,372.61,350.94,1400.0,351.77,351.12,352.64,350.85,351.11,356.29,351.1,352.04,351.11,351.11,350.93,250,351.02,351.19,350.94,351.39,351.18,350,600,352.24,0.9335804264972013,351.27,350.85
355.83,-0.3826834323650895,352.31,373.03,372.61,350.86,1400.0,351.74,351.27,352.86,350.84,351.01,355.34,351.26,352.31,351.07,351.0,350.99,250,351.1,351.1,350.85,351.3,351.08,350,600,354.53,0.9238795325112868,351.59,350.88
355.22,-0.40673664307580554,354.39,373.03,372.61,350.85,1400.0,351.68,351.59,352.95,350.83,351.06,354.69,351.55,352.46,351.03,351.04,351.06,250,351.26,351.2,350.84,351.22,351.18,350,600,361.61,0.9135454576425985,352.26,350.92
354.75,-0.43051109680829935,359.97,373.03,372.61,350.87,1400.0,351.63,352.26,351.16,350.82,351.19,354.22,352.06,351.08,351.0,351.16,350.91,250,351.55,351.46,350.86,351.16,351.4,350,600,367.22,0.9025852843498586,353.78,350.97
354.37,-0.45399049973954947,365.62,373.03,372.61,350.89,1400.0,351.57,353.78,351.12,350.82,351.67,353.88,352.93,351.02,350.97,351.6,350.85,250,352.06,352.26,350.88,351.11,352.12,350,600,368.57,0.8910065241883665,357.09,351.04
354.08,-0.4771587602596096,367.74,373.03,372.61,350.94,1400.0,351.53,357.09,351.27,350.84,352.14,353.61,354.34,351.1,351.06,352.04,350.85,250,352.93,352.79,350.93,351.29,352.64,350,600,368.86,0.8788171126619647,361.55,351.12
353.83,-0.4999999999999998,368.43,373.03,372.61,351.01,1400.0,351.48,361.55,351.59,350.86,352.41,353.4,356.15,351.26,351.19,352.31,350.88,250,354.34,353.0,350.99,351.57,352.86,350,600,368.94,0.8660254037844387,364.71,351.19
353.63,-0.5224985647159541,368.67,373.03,372.61,351.07,1400.0,351.45,364.71,352.26,350.89,352.54,353.23,357.99,351.55,351.36,352.46,350.92,250,356.15,353.06,351.06,352.03,352.95,350,600,368.97,0.8526401643540891,366.28,351.26
353.47,-0.5446390350150309,368.77,373.03,372.61,351.12,1400.0,351.42,366.28,353.78,350.92,352.6,353.09,359.43,352.06,351.6,351.08,350.97,250,357.99,353.06,350.91,352.81,351.16,350,600,368.98,0.8386705679454216,367.02,351.31
353.33,-0.5664062369248352,368.82,373.03,372.61,351.17,1400.0,351.39,367.02,357.09,350.9,352.62,352.98,360.44,352.93,351.43,351.02,351.04,250,359.43,353.03,350.85,352.22,351.12,350,600,368.98,0.824126188622014,367.4,351.35
353.22,-0.5877852522924741,368.85,373.03,372.61,351.2,1400.0,351.37,367.4,361.55,350.88,352.61,352.88,361.11,354.34,351.31,351.1,351.12,250,360.44,352.98,350.85,351.88,351.27,350,600,368.98,0.8090169943749467,367.62,351.37
353.12,-0.6087614290087207,368.86,373.03,372.61,351.22,1400.0,351.35,367.62,364.71,350.87,352.59,352.8,361.56,356.15,351.22,351.26,351.19,250,361.11,352.94,350.88,351.65,351.59,350,600,368.99,0.7933533402912352,367.74,351.39
353.03,-0.629320391049842,368.87,373.03,372.61,351.23,1400.0,351.33,367.74,366.28,350.85,352.57,352.72,361.84,357.99,351.15,351.55,351.26,250,361.56,352.89,350.92,351.48,352.26,350,600,368.99,0.7771459614569671,367.82,351.4
352.96,-0.649448048330187,368.88,373.03,372.61,351.24,1400.0,351.32,367.82,367.02,350.88,352.54,352.66,362.03,359.43,351.31,352.06,351.31,250,361.84,352.84,350.97,351.89,353.78,350,600,368.99,0.7604059656000282,367.87,351.41
351.21,-0.6691306063588602,368.88,373.03,372.61,351.25,1400.0,350.95,367.87,367.4,350.91,352.51,351.13,362.15,360.44,351.53,352.93,351.35,250,362.03,352.8,351.04,352.55,357.09,350,600,368.99,0.7431448254773925,367.9,351.41
351.11,-0.6883545756937551,368.88,373.03,372.61,351.25,1400.0,350.86,367.9,367.62,350.94,352.48,351.02,362.22,361.11,351.83,354.34,351.37,250,362.15,352.76,351.12,353.71,361.55,350,600,368.99,0.7253743710122866,367.92,351.42
351.24,-0.7071067811865475,368.88,373.03,372.61,351.25,1400.0,350.85,367.92,367.74,350.97,352.46,351.08,362.27,361.56,352.2,356.15,351.39,250,362.22,352.73,351.19,355.42,364.71,350,600,368.99,0.7071067811865476,367.93,351.42
351.52,-0.7253743710122916,368.88,373.03,372.61,351.25,1400.0,350.87,367.93,367.82,351.01,352.43,351.23,362.3,361.84,352.68,357.99,351.4,250,362.27,352.69,351.26,357.76,366.28,350,600,368.99,0.6883545756937498,367.94,351.42
352.42,-0.743144825477397,359.77,360.09,354.68,351.25,75.0,350.9,367.94,367.87,351.04,352.41,351.75,360.58,362.03,353.24,359.43,351.41,450,362.3,352.67,351.31,360.28,367.02,150,600,359.11,0.6691306063588551,360.33,351.6
352.96,-0.7604059656000329,357.51,356.04,353.84,351.24,75.0,350.95,360.33,367.9,351.06,352.39,352.24,357.77,362.15,353.82,360.44,351.41,450,360.58,352.64,351.35,362.49,367.4,150,600,357.06,0.6494480483301813,357.85,351.75
353.15,-0.7771459614569718,356.5,355.13,353.68,350.94,75.0,351.02,357.85,367.92,351.08,351.11,352.51,356.29,362.22,354.38,361.11,351.42,450,357.77,351.18,351.37,364.23,367.62,150,600,356.17,0.6293203910498364,356.64,351.78
353.18,-0.793353340291235,355.85,354.84,353.62,350.85,75.0,351.08,356.64,367.93,351.02,351.0,352.64,355.34,362.27,352.89,361.56,351.42,450,356.29,351.08,351.39,358.66,367.74,150,600,355.63,0.6087614290087209,355.83,351.74
353.16,-0.8090169943749508,351.6,373.02,372.6,350.84,1400.0,351.14,355.83,367.94,350.98,351.04,352.68,351.28,362.3,352.18,361.84,351.42,250,355.34,351.18,351.4,355.27,367.82,350,600,351.95,0.5877852522924686,351.41,351.02
353.11,-0.8241261886220183,352.18,373.03,372.61,350.86,1400.0,351.18,351.41,360.33,350.94,351.16,352.69,351.27,360.58,351.81,362.03,351.6,250,351.28,351.4,351.41,353.57,367.87,350,600,353.98,0.5664062369248292,351.56,350.9
353.06,-0.8386705679454256,354.18,373.03,372.61,350.88,1400.0,351.21,351.56,357.85,350.91,351.6,352.67,351.53,357.77,351.56,362.15,351.75,250,351.27,352.12,351.41,352.64,367.9,350,600,361.06,0.5446390350150246,352.2,350.92
353.0,-0.8526401643540931,359.62,373.03,372.61,350.93,1400.0,351.23,352.2,356.64,350.89,352.04,352.64,352.03,356.29,351.4,362.22,351.78,250,351.53,352.64,351.42,352.13,367.92,350,600,367.08,0.5224985647159475,353.67,350.97
352.94,-0.8660254037844387,365.43,373.03,372.61,350.99,1400.0,351.24,353.67,355.83,350.94,352.31,352.61,352.87,355.34,351.4,362.27,351.74,250,352.03,352.86,351.42,351.55,367.93,350,600,368.54,0.49999999999999994,356.88,351.04
352.89,-0.8788171126619683,367.68,373.03,372.61,351.06,1400.0,351.25,356.88,351.41,350.96,352.46,352.58,354.26,351.28,351.53,362.3,351.02,250,352.87,352.95,351.42,351.69,367.94,350,600,368.85,0.4771587602596032,361.35,351.11
352.84,-0.8910065241883698,368.41,373.03,372.61,350.91,1400.0,351.26,361.35,351.56,350.99,351.08,352.54,356.06,351.27,351.63,360.58,350.9,250,354.26,351.16,351.6,351.81,360.33,350,600,368.94,0.4539904997395429,364.6,351.19
352.8,-0.9025852843498617,368.66,373.03,372.61,350.85,1400.0,351.26,364.6,352.2,351.02,351.02,352.51,357.91,351.53,351.73,357.77,350.92,250,356.06,351.12,351.75,351.91,357.85,350,600,368.96,0.4305110968082927,366.22,351.25
351.19,-0.9135454576426015,368.77,373.03,372.61,350.85,1400.0,350.94,366.22,353.67,351.04,351.1,351.11,359.37,352.03,351.8,356.29,350.97,250,357.91,351.27,351.78,351.99,356.64,350,600,368.98,0.4067366430757988,366.99,351.31
351.1,-0.9238795325112867,368.82,373.03,372.61,350.88,1400.0,350.86,366.99,356.88,351.07,351.26,351.01,360.4,352.87,351.87,355.34,351.04,250,359.37,351.59,351.74,352.06,355.83,350,600,368.98,0.3826834323650899,367.39,351.34
351.2,-0.933580426497204,368.84,373.03,372.61,350.92,1400.0,350.85,367.39,361.35,351.09,351.55,351.06,361.09,354.26,351.92,351.28,351.11,250,360.4,352.26,351.02,352.11,351.41,350,600,368.98,0.35836794954529444,367.61,351.37
351.46,-0.94264149109218,368.86,373.03,372.61,350.97,1400.0,350.87,367.61,364.6,351.1,352.06,351.19,361.54,356.06,351.96,351.27,351.19,250,361.09,353.78,350.9,352.16,351.56,350,600,368.99,0.3338068592337666,367.74,351.39
352.26,-0.9510565162951545,368.87,373.03,372.61,351.04,1400.0,350.89,367.74,366.22,351.12,352.93,351.67,361.83,357.91,352.0,351.53,351.25,250,361.54,357.09,350.92,352.2,352.2,350,600,368.99,0.30901699437494456,367.82,351.4
352.79,-0.9588197348681934,368.88,373.03,372.61,351.12,1400.0,350.94,367.82,366.99,351.13,354.34,352.14,362.02,359.37,352.03,352.03,351.31,250,361.83,361.55,350.97,352.24,353.67,350,600,368.99,0.2840153447039213,367.87,351.41
353.0,-0.9659258262890682,368.88,373.03,372.61,351.19,1400.0,351.01,367.87,367.39,351.14,356.15,352.41,362.14,360.4,352.06,352.87,351.34,250,362.02,364.71,351.04,352.27,356.88,350,600,368.99,0.258819045102521,367.9,351.41
353.06,-0.9723699203976779,368.88,373.03,372.61,351.26,1400.0,351.07,367.9,367.61,351.15,357.99,352.54,362.22,361.09,352.09,354.26,351.37,250,362.14,366.28,351.11,352.29,361.35,350,600,368.99,0.2334453638558999,367.92,351.42
353.06,-0.9781476007338066,368.88,373.03,372.61,351.31,1400.0,351.12,367.92,367.74,351.16,359.43,352.6,362.27,361.54,352.11,356.06,351.39,250,362.22,367.02,351.19,352.31,364.6,350,600,368.99,0.20791169081775496,367.93,351.42
353.03,-0.9832549075639551,368.88,373.03,372.61,351.35,1400.0,351.17,367.93,367.82,351.17,360.44,352.62,362.3,361.83,352.12,357.91,351.4,250,362.27,367.4,351.25,352.33,366.22,350,600,368.99,0.18223552549214467,367.94,351.42
352.98,-0.9876883405951379,368.88,373.03,372.61,351.37,1400.0,351.2,367.94,367.87,351.17,361.11,352.61,362.32,362.02,352.14,359.37,351.41,250,362.3,367.62,351.31,352.35,366.99,350,600,368.99,0.15643446504022968,367.94,351.42
352.94,-0.9914448613738104,368.88,373.03,372.61,351.39,1400.0,351.22,367.94,367.9,351.18,361.56,352.59,362.34,362.14,352.15,360.4,351.41,250,362.32,367.74,351.34,352.36,367.39,350,600,368.99,0.130526192220052,367.95,351.42
352.89,-0.994521895368274,368.88,373.03,372.61,351.4,1400.0,351.23,367.95,367.92,351.18,361.84,352.57,362.35,362.22,352.16,361.09,351.42,250,362.34,367.82,351.37,352.38,367.61,350,600,368.99,0.10452846326764756,367.95,351.42
352.84,-0.9969173337331283,368.88,373.03,372.61,351.41,1400.0,351.24,367.95,367.93,351.19,362.03,352.54,362.35,362.27,352.17,361.54,351.42,250,362.35,367.87,351.39,352.39,367.74,350,600,368.99,0.07845909572784064,367.95,351.42
352.8,-0.998629534754574,368.89,373.03,372.61,351.41,1400.0,351.25,367.95,367.94,351.19,362.15,352.51,362.36,362.3,352.18,361.83,351.42,250,362.35,367.9,351.4,352.4,367.82,350,600,368.99,0.0523359562429407,367.95,351.42
352.76,-0.9996573249755574,368.89,373.03,372.61,351.42,1400.0,351.25,367.95,367.94,351.19,362.22,352.48,362.36,362.32,352.19,362.02,351.42,250,362.36,367.92,351.41,352.41,367.87,350,600,368.99,0.026176948307871647,367.95,351.42
352.73,-1.0,359.77,360.09,354.68,351.42,75.0,351.25,367.95,367.95,351.19,362.27,352.46,360.58,362.34,352.2,362.14,351.42,450,362.36,367.93,351.41,352.41,367.9,150,600,359.11,1.2246467991473532e-16,360.33,351.6
352.69,-0.9996573249755571,357.51,356.04,353.84,351.42,75.0,351.25,360.33,367.95,351.2,362.3,352.43,357.77,362.35,352.2,362.22,351.42,450,360.58,367.94,351.42,352.42,367.92,150,600,357.06,-0.02617694830787895,357.85,351.76
352.67,-0.9986295347545736,356.5,355.13,353.68,351.6,75.0,351.25,357.85,367.95,351.2,360.58,352.41,356.29,362.35,352.21,362.27,351.42,450,357.77,360.33,351.42,352.42,367.93,150,600,356.17,-0.052335956242948,356.64,351.78
352.64,-0.9969173337331277,355.85,354.84,353.62,351.75,75.0,351.24,356.64,367.95,351.2,357.77,352.39,355.34,362.36,352.21,362.3,351.42,450,356.29,357.85,351.42,352.43,367.94,150,600,355.63,-0.07845909572784747,355.84,351.74
351.18,-0.9945218953682732,351.6,373.02,372.6,351.78,1400.0,350.94,355.84,367.95,351.2,356.29,351.11,351.28,362.36,352.21,362.32,351.42,250,355.34,356.64,351.42,352.43,367.94,350,600,351.95,-0.10452846326765526,351.41,351.02
351.08,-0.9914448613738104,352.18,373.03,372.61,351.74,1400.0,350.85,351.41,360.33,351.2,355.34,351.0,351.27,360.58,352.22,362.34,351.6,250,351.28,355.83,351.42,352.44,367.95,350,600,353.98,-0.13052619222005177,351.56,350.9
351.18,-0.9876883405951368,354.18,373.03,372.61,351.02,1400.0,350.84,351.56,357.85,351.2,351.28,351.04,351.53,357.77,352.22,362.35,351.76,250,351.27,351.41,351.42,352.44,367.95,350,600,361.07,-0.1564344650402369,352.2,350.92
351.4,-0.9832549075639537,359.63,373.03,372.61,350.9,1400.0,350.86,352.2,356.64,351.2,351.27,351.16,352.03,356.29,352.22,362.35,351.78,250,351.53,351.56,351.42,352.44,367.95,350,600,367.08,-0.18223552549215183,353.67,350.97
352.12,-0.978147600733805,359.09,360.09,354.68,350.92,75.0,350.88,353.67,355.84,351.2,351.53,351.6,354.17,355.34,352.22,362.36,351.74,450,352.03,352.2,351.42,352.45,367.95,150,600,358.99,-0.20791169081776212,357.34,351.02
352.64,-0.9723699203976763,356.93,356.04,353.84,350.97,75.0,350.93,357.34,351.41,351.2,352.03,352.04,354.52,351.28,352.23,362.36,351.02,450,354.17,353.67,351.42,352.45,367.95,150,600,356.9,-0.23344536385590658,356.13,351.12
352.86,-0.9659258262890683,355.92,355.13,353.68,351.04,75.0,350.99,356.13,351.56,351.2,352.87,352.31,354.28,351.27,352.23,360.58,350.9,450,354.52,356.88,351.6,352.45,360.33,150,600,355.95,-0.2588190451025208,355.34,351.22
352.95,-0.9588197348681915,355.28,354.84,353.62,351.11,75.0,351.06,355.34,352.2,351.2,354.26,352.46,353.99,351.53,352.23,357.77,350.92,450,354.28,361.35,351.76,352.45,357.85,150,600,355.37,-0.28401534470392786,354.8,351.29
351.16,-0.9510565162951521,354.82,354.72,353.6,351.19,75.0,350.91,354.8,353.67,350.93,356.06,351.08,353.73,352.03,351.09,356.29,350.97,450,353.99,364.6,351.78,351.16,356.64,150,600,354.95,-0.30901699437495195,354.4,351.34
351.12,-0.9426414910921773,354.47,354.67,353.59,351.25,75.0,350.85,354.4,357.34,350.85,357.91,351.02,353.52,354.17,350.99,355.34,351.02,450,353.73,366.22,351.74,351.06,355.84,150,600,354.63,-0.33380685923377384,354.09,351.36
351.27,-0.9335804264972012,354.19,354.65,353.58,351.31,75.0,350.85,354.09,356.13,350.84,359.37,351.1,353.34,354.52,351.03,351.28,351.12,450,353.52,366.99,351.02,351.14,351.41,150,600,354.36,-0.35836794954530166,353.84,351.37
351.59,-0.9238795325112868,353.97,354.63,353.57,351.34,75.0,350.88,353.84,355.34,350.86,360.4,351.26,353.19,354.28,351.13,351.27,351.22,450,353.34,367.39,350.9,351.34,351.56,150,600,354.14,-0.38268343236508967,353.64,351.37
352.26,-0.9135454576425985,351.35,372.95,371.95,351.37,1400.0,350.92,353.64,354.8,350.88,361.09,351.55,351.16,353.99,351.52,351.53,351.29,250,353.19,367.61,350.92,351.97,352.2,350,600,351.49,-0.4067366430758055,351.25,350.96
353.78,-0.9025852843498589,351.38,373.02,372.6,351.39,1400.0,350.97,351.25,354.4,350.92,361.54,352.06,351.07,353.73,351.93,352.03,351.34,250,351.16,367.74,350.97,352.46,353.67,350,600,351.74,-0.4305110968082989,351.19,350.87
357.09,-0.8910065241883666,351.81,373.03,372.61,351.4,1400.0,351.04,351.19,354.09,350.98,361.83,352.93,351.16,353.52,352.2,354.17,351.36,250,351.07,367.82,351.02,352.71,357.34,350,600,352.85,-0.4539904997395494,351.38,350.87
361.55,-0.8788171126619647,352.93,373.03,372.61,351.41,1400.0,351.12,351.38,353.84,351.04,362.02,354.34,351.37,353.34,352.36,354.52,351.37,250,351.16,367.87,351.12,352.81,356.13,350,600,356.94,-0.47715876025960957,351.82,350.89
364.71,-0.8660254037844388,355.44,360.09,354.68,351.41,75.0,351.19,351.82,353.64,351.09,362.14,356.15,352.13,353.19,352.44,354.28,351.37,450,351.37,367.9,351.22,352.85,355.34,150,600,357.66,-0.4999999999999997,353.23,350.92
366.28,-0.8526401643540891,354.99,356.04,353.84,351.42,75.0,351.26,353.23,351.25,351.14,362.22,357.99,352.71,351.16,352.47,353.99,350.96,450,352.13,367.92,351.29,352.85,354.8,150,600,355.97,-0.522498564715954,353.71,350.99
367.02,-0.8386705679454216,354.58,355.13,353.68,351.42,75.0,351.31,353.71,351.19,351.17,362.27,359.43,352.94,351.07,352.49,353.73,350.87,450,352.71,367.93,351.34,352.83,354.4,150,600,355.17,-0.5446390350150309,353.74,351.07
367.4,-0.824126188622014,354.27,354.83,353.62,351.42,75.0,351.35,353.74,351.38,351.19,362.3,360.44,352.99,351.16,352.48,353.52,350.87,450,352.94,367.94,351.36,352.8,354.09,150,600,354.69,-0.5664062369248352,353.65,351.14
367.62,-0.8090169943749465,354.02,354.72,353.6,351.42,75.0,351.37,353.65,351.82,350.93,362.32,361.11,352.98,351.37,351.1,353.34,350.89,450,352.99,367.94,351.37,351.18,353.84,150,600,354.36,-0.5877852522924745,353.54,351.19
367.74,-0.7933533402912352,353.83,354.66,353.58,351.42,75.0,351.39,353.54,353.23,350.85,362.34,361.56,352.94,352.13,351.01,353.19,350.92,450,352.98,367.95,351.37,351.09,353.64,150,600,354.11,-0.6087614290087207,353.42,351.23
367.82,-0.7771459614569671,353.67,354.64,353.57,351.42,75.0,351.4,353.42,353.71,350.85,362.35,361.84,352.88,352.71,351.06,351.16,350.99,450,352.94,367.95,350.96,351.21,351.25,150,600,353.91,-0.629320391049842,353.31,351.26
367.87,-0.7604059656000282,353.53,354.62,353.56,351.42,75.0,351.41,353.31,353.74,350.87,362.35,362.03,352.82,352.94,351.19,351.07,351.07,450,352.88,367.95,350.87,351.46,351.19,150,600,353.75,-0.6494480483301869,353.21,351.27
367.9,-0.7431448254773925,353.41,354.61,353.56,351.42,75.0,351.41,353.21,353.65,350.89,362.36,362.15,352.76,352.99,351.68,351.16,351.14,450,352.82,367.95,350.87,352.27,351.38,150,600,353.62,-0.6691306063588602,353.12,351.28
367.92,-0.725374371012287,353.31,354.6,353.55,351.42,75.0,351.42,353.12,353.54,350.94,362.36,362.22,352.71,352.98,352.14,351.37,351.19,450,352.76,367.95,350.89,352.8,351.82,150,600,353.51,-0.6883545756937547,353.04,351.28
367.93,-0.7071067811865479,353.23,354.59,353.55,351.6,75.0,351.42,353.04,353.42,351.01,360.58,362.27,352.66,352.94,352.41,352.13,351.23,450,352.71,360.33,350.92,353.01,353.23,150,600,353.41,-0.7071067811865471,352.97,351.28
367.94,-0.6883545756937498,353.15,354.58,353.55,351.76,75.0,351.42,352.97,353.31,351.07,357.77,362.3,352.61,352.88,352.55,352.71,351.26,450,352.66,357.85,350.99,353.07,353.71,150,600,353.33,-0.7253743710122916,352.91,351.28
360.33,-0.6691306063588548,353.09,354.58,353.54,351.78,75.0,351.6,352.91,353.21,351.12,356.29,360.58,352.57,352.82,352.61,352.94,351.27,450,352.61,356.64,351.07,353.07,353.74,150,600,353.26,-0.7431448254773974,352.86,351.28
357.85,-0.6494480483301814,353.03,354.57,353.54,351.74,75.0,351.75,352.86,353.12,351.17,355.34,357.77,352.53,352.76,352.62,352.99,351.28,450,352.57,355.84,351.14,353.03,353.65,150,600,353.2,-0.7604059656000328,352.81,351.27
356.64,-0.6293203910498364,352.98,354.57,353.54,351.02,75.0,351.78,352.81,353.04,351.2,351.28,356.29,352.5,352.71,352.61,352.98,351.28,450,352.53,351.41,351.19,352.99,353.54,150,600,353.15,-0.7771459614569717,352.77,351.27
355.83,-0.6087614290087209,352.94,354.56,353.54,350.9,75.0,351.74,352.77,352.97,351.22,351.27,355.34,352.46,352.66,352.59,352.94,351.28,450,352.5,351.56,351.23,352.94,353.42,150,600,353.11,-0.7933533402912349,352.73,351.26
351.41,-0.5877852522924683,352.9,354.56,353.53,350.92,75.0,351.02,352.73,352.91,350.94,351.53,351.28,352.44,352.61,351.11,352.88,351.28,450,352.46,352.2,351.26,351.19,353.31,150,600,353.07,-0.809016994374951,352.69,351.26
351.56,-0.5664062369248292,352.87,354.56,353.53,350.97,75.0,350.9,352.69,352.86,350.86,352.03,351.27,352.41,352.57,351.02,352.82,351.28,450,352.44,353.67,351.27,351.11,353.21,150,600,353.03,-0.8241261886220181,352.67,351.25
352.2,-0.5446390350150248,352.84,354.56,353.53,351.02,75.0,350.92,352.67,352.81,350.85,354.17,351.53,352.39,352.53,351.08,352.76,351.27,450,352.41,357.34,351.28,351.23,353.12,150,600,353.01,-0.8386705679454256,352.64,351.25
353.67,-0.5224985647159479,352.82,354.55,353.53,351.12,75.0,350.97,352.64,352.77,350.87,354.52,352.03,352.37,352.5,351.22,352.71,351.27,450,352.39,356.13,351.28,351.51,353.04,150,600,352.98,-0.8526401643540928,352.62,351.24
356.88,-0.5000000000000004,351.26,372.31,367.35,351.22,1400.0,351.04,352.62,352.73,350.91,354.28,352.87,351.1,352.46,351.48,352.66,351.26,250,352.37,355.34,351.28,352.09,352.97,350,600,351.37,-0.8660254037844384,351.18,350.94
361.35,-0.47715876025960324,351.19,373.01,372.44,351.29,1400.0,351.11,351.18,352.69,350.96,353.99,354.26,351.0,352.44,351.94,352.61,351.26,250,351.1,354.8,351.28,353.37,352.91,350,600,351.37,-0.8788171126619682,351.08,350.85
364.6,-0.453990499739543,351.38,373.03,372.6,351.34,1400.0,351.19,351.08,352.67,351.03,353.73,356.06,351.04,352.41,352.72,352.57,351.25,250,351.0,354.4,351.28,356.28,352.86,350,600,351.78,-0.8910065241883698,351.17,350.84
366.22,-0.43051109680829275,351.84,373.03,372.61,351.36,1400.0,351.25,351.17,352.64,351.1,353.52,357.91,351.16,352.39,354.03,352.53,351.25,250,351.04,354.09,351.27,360.74,352.81,350,600,352.95,-0.9025852843498617,351.39,350.86
366.99,-0.4067366430757985,352.99,373.03,372.61,351.37,1400.0,351.31,351.39,352.62,351.19,353.34,359.37,351.37,352.37,358.47,352.5,351.24,250,351.16,353.84,351.27,359.93,352.77,350,600,357.19,-0.9135454576426016,351.84,350.89
367.39,-0.3826834323650895,356.47,373.03,372.61,351.37,1400.0,351.34,351.84,351.18,351.34,353.19,360.4,351.75,351.1,356.68,352.46,350.94,250,351.37,353.64,351.26,357.5,352.73,350,600,365.03,-0.9238795325112868,352.79,350.94
367.61,-0.3583679495452949,363.03,373.03,372.61,350.96,1400.0,351.37,352.79,351.08,351.44,351.16,361.09,352.4,351.0,355.55,352.44,350.85,250,351.75,351.25,351.26,356.3,352.69,350,600,368.1,-0.9335804264972039,355.04,351.0
367.74,-0.333806859233767,366.91,373.03,372.61,350.87,1400.0,351.39,355.04,351.17,351.49,351.07,361.54,353.53,351.04,354.81,352.41,350.84,250,352.4,351.19,351.25,355.51,352.67,350,600,368.76,-0.9426414910921798,359.22,351.08
367.82,-0.30901699437494506,359.68,360.09,354.68,350.87,75.0,351.4,359.22,351.39,351.5,351.16,361.83,357.87,351.16,354.3,352.39,350.86,450,353.53,351.38,351.25,354.93,352.64,150,600,359.1,-0.9510565162951543,359.76,351.16
367.87,-0.2840153447039218,357.39,356.04,353.84,350.89,75.0,351.41,359.76,351.84,351.49,351.37,362.02,356.41,351.37,353.94,352.37,350.89,450,357.87,351.82,351.24,354.5,352.62,150,600,357.03,-0.9588197348681933,357.39,351.3
367.9,-0.25881904510252063,356.34,355.13,353.68,350.92,75.0,351.41,357.39,352.79,351.47,352.13,362.14,355.39,351.75,353.66,351.1,350.94,450,356.41,353.23,350.94,354.17,351.18,150,600,356.12,-0.9659258262890683,356.2,351.4
367.92,-0.23344536385589998,355.67,354.84,353.62,350.99,75.0,351.42,356.2,355.04,351.45,352.71,362.22,354.71,352.4,353.44,351.0,351.0,450,355.39,353.71,350.85,353.91,351.08,150,600,355.56,-0.9723699203976779,355.43,351.46
367.93,-0.2079116908177546,355.16,354.72,353.6,351.07,75.0,351.42,355.43,359.22,351.43,352.94,362.27,354.23,353.53,353.27,351.04,351.08,450,354.71,353.74,350.84,353.7,351.17,150,600,355.15,-0.9781476007338067,354.87,351.47
367.94,-0.18223552549214428,354.77,354.67,353.59,351.14,75.0,351.42,354.87,359.76,351.41,352.99,362.3,353.88,357.87,353.12,351.16,351.16,450,354.23,353.65,350.86,353.52,351.39,150,600,354.82,-0.9832549075639552,354.46,351.47
367.94,-0.1564344650402293,354.45,354.65,353.58,351.19,75.0,351.42,354.46,357.39,351.38,352.98,362.32,353.62,356.41,353.01,351.37,351.3,450,353.88,353.54,350.89,353.38,351.84,150,600,354.54,-0.987688340595138,354.13,351.46
367.95,-0.13052619222005163,354.18,354.63,353.57,351.23,75.0,351.42,354.13,356.2,351.37,352.94,362.34,353.41,355.39,352.9,351.75,351.4,450,353.62,353.42,350.94,353.25,352.79,150,600,354.31,-0.9914448613738104,353.88,351.44
367.95,-0.10452846326764806,351.38,372.98,372.19,351.26,1400.0,351.42,353.88,355.43,351.35,352.88,362.35,351.18,354.71,352.82,352.4,351.46,250,353.41,353.31,351.0,353.15,355.04,350,600,351.53,-0.994521895368274,351.27,350.97
367.95,-0.07845909572784114,351.44,373.03,372.6,351.27,1400.0,351.42,351.27,354.87,351.33,352.82,362.35,351.08,354.23,352.74,353.53,351.47,250,351.18,353.21,351.08,353.06,359.22,350,600,351.85,-0.9969173337331283,351.22,350.87
367.95,-0.05233595624294076,351.95,373.03,372.61,351.28,1400.0,351.42,351.22,354.46,351.32,352.76,362.36,351.19,353.88,352.68,357.87,351.47,250,351.08,353.12,351.16,352.98,359.76,350,600,353.27,-0.998629534754574,351.45,350.87
367.95,-0.026176948307871706,353.33,373.03,372.61,351.28,1400.0,351.42,351.45,354.13,351.31,352.71,362.36,351.42,353.62,352.63,356.41,351.46,250,351.19,353.04,351.3,352.92,357.39,350,600,358.41,-0.9996573249755574,351.95,350.9
360.33,-1.8369701987210297e-16,356.08,360.09,354.68,351.28,75.0,351.6,351.95,353.88,350.95,352.66,360.58,352.28,353.41,351.13,355.39,351.44,450,351.42,352.97,351.4,351.2,356.2,150,600,358.04,-1.0,353.58,350.93
357.85,0.02617694830787933,355.32,356.04,353.84,351.28,75.0,351.76,353.58,351.27,350.86,352.61,357.77,352.88,351.18,351.02,354.71,350.97,450,352.28,352.91,351.46,351.11,355.43,150,600,356.18,-0.9996573249755571,353.99,351.0
356.64,0.05233595624294838,354.79,355.13,353.68,351.28,75.0,351.78,353.99,351.22,350.85,352.57,356.29,353.09,351.08,351.07,354.23,350.87,450,352.88,352.86,351.47,351.23,354.87,150,600,355.33,-0.9986295347545736,353.94,351.08
355.84,0.07845909572784786,354.43,354.84,353.62,351.27,75.0,351.74,353.94,351.45,350.87,352.53,355.34,353.12,351.19,351.22,353.88,350.87,450,353.09,352.81,351.47,351.5,354.46,150,600,354.82,-0.9969173337331277,353.81,351.15
351.41,0.10452846326765476,354.15,354.72,353.6,351.27,75.0,351.02,353.81,351.95,350.91,352.5,351.28,353.08,351.42,351.47,353.62,350.9,450,353.12,352.77,351.46,352.07,354.13,150,600,354.46,-0.9945218953682732,353.66,351.21
351.56,0.13052619222005127,353.93,354.67,353.58,351.26,75.0,350.9,353.66,353.58,350.96,352.46,351.27,353.01,352.28,351.92,353.41,350.93,450,353.08,352.73,351.44,353.33,353.88,150,600,354.2,-0.9914448613738105,353.52,351.25
352.2,0.1564344650402368,353.75,354.64,353.57,351.26,75.0,350.92,353.52,353.99,351.03,352.44,351.53,352.94,352.88,352.69,351.18,351.0,450,353.01,352.69,350.97,356.18,351.27,150,600,353.99,-0.9876883405951368,353.39,351.27
353.67,0.18223552549215177,353.6,354.62,353.56,351.25,75.0,350.97,353.39,353.94,351.1,352.41,352.03,352.87,353.09,354.0,351.08,351.08,450,352.94,352.67,350.87,360.64,351.22,150,600,353.81,-0.9832549075639537,353.28,351.29
357.34,0.20791169081776203,353.47,354.61,353.56,351.25,75.0,351.02,353.28,353.81,351.18,352.39,354.17,352.81,353.12,355.74,351.19,351.15,450,352.87,352.64,350.87,364.18,351.45,150,600,353.67,-0.978147600733805,353.18,351.29
356.13,0.23344536385590653,353.36,354.6,353.55,351.24,75.0,351.12,353.18,353.66,351.24,352.37,354.52,352.75,353.08,357.62,351.42,351.21,450,352.81,352.62,350.9,366.03,351.95,150,600,353.55,-0.9723699203976763,353.09,351.29
355.34,0.2588190451025203,353.27,354.59,353.55,350.94,75.0,351.22,353.09,353.52,351.3,351.1,354.28,352.69,353.01,359.16,352.28,351.25,450,352.75,351.18,350.93,366.9,353.58,150,600,353.45,-0.9659258262890684,353.01,351.29
354.8,0.28401534470392825,353.19,354.58,353.55,350.85,75.0,351.29,353.01,353.39,351.34,351.0,353.99,352.64,352.94,360.25,352.88,351.27,450,352.69,351.08,351.0,367.34,353.99,150,600,353.37,-0.9588197348681914,352.95,351.29
354.4,0.30901699437495145,351.29,372.69,369.81,350.84,1400.0,351.34,352.95,353.28,351.49,351.04,353.73,351.12,352.87,360.44,353.09,351.29,250,352.64,351.17,351.08,360.31,353.94,350,600,351.41,-0.9510565162951523,351.2,350.95
354.09,0.3338068592337734,351.25,373.02,372.54,350.86,1400.0,351.36,351.2,353.18,351.66,351.16,353.52,351.02,352.81,357.66,353.12,351.29,250,351.12,351.39,351.15,357.82,353.81,350,600,351.47,-0.9426414910921775,351.11,350.86
353.84,0.3583679495453012,351.5,373.03,372.61,350.89,1400.0,351.37,351.11,353.09,351.71,351.37,353.34,351.08,352.75,356.2,353.08,351.29,250,351.02,351.84,351.21,356.61,353.66,350,600,352.04,-0.9335804264972014,351.23,350.85
353.64,0.38268343236508917,352.12,373.03,372.61,350.94,1400.0,351.37,351.23,353.01,351.69,351.75,353.19,351.22,352.69,355.26,353.01,351.29,250,351.08,352.79,351.25,355.79,353.52,350,600,353.84,-0.923879532511287,351.51,350.87
351.25,0.4067366430758054,353.8,373.03,372.61,351.0,1400.0,350.96,351.51,352.95,351.65,352.4,351.16,351.48,352.64,354.63,352.94,351.29,250,351.22,355.04,351.27,355.18,353.39,350,600,359.99,-0.9135454576425985,352.09,350.91
351.19,0.43051109680829885,358.66,373.03,372.61,351.08,1400.0,350.87,352.09,351.2,351.6,353.53,351.07,351.94,351.12,354.18,352.87,350.95,250,351.48,359.22,351.29,354.71,353.28,350,600,366.63,-0.9025852843498589,353.38,350.96
351.38,0.4539904997395498,364.84,373.03,372.61,351.16,1400.0,350.87,353.38,351.11,351.56,357.87,351.16,352.72,351.02,353.84,352.81,350.86,250,351.94,359.76,351.29,354.34,353.18,350,600,368.45,-0.8910065241883663,356.29,351.03
351.82,0.4771587602596099,367.5,373.03,372.61,351.3,1400.0,350.89,356.29,351.23,351.51,356.41,351.37,354.04,351.08,353.59,352.75,350.85,250,352.72,357.39,351.29,354.05,353.09,350,600,368.83,-0.8788171126619646,360.76,351.1
353.23,0.5000000000000001,368.35,373.03,372.61,351.4,1400.0,350.92,360.76,351.51,350.98,355.39,352.13,355.79,351.22,351.19,352.69,350.87,250,354.04,356.2,351.29,351.29,353.01,350,600,368.93,-0.8660254037844386,364.25,351.18
353.71,0.5224985647159536,368.64,373.03,372.61,351.46,1400.0,350.99,364.25,352.09,350.88,354.71,352.71,357.67,351.48,351.1,352.64,350.91,250,355.79,355.43,351.29,351.24,352.95,350,600,368.96,-0.8526401643540893,366.06,351.24
353.74,0.5446390350150304,368.76,373.03,372.61,351.47,1400.0,351.07,366.06,353.38,350.88,354.23,352.94,359.19,351.94,351.22,351.12,350.96,250,357.67,354.87,350.95,351.5,351.2,350,600,368.97,-0.8386705679454218,366.91,351.3
353.65,0.5664062369248347,368.81,373.03,372.61,351.47,1400.0,351.14,366.91,356.29,350.91,353.88,352.99,360.28,352.72,351.47,351.02,351.03,250,359.19,354.46,350.86,352.06,351.11,350,600,368.98,-0.8241261886220144,367.34,351.34
353.54,0.5877852522924744,359.76,360.09,354.68,351.46,75.0,351.19,367.34,360.76,350.94,353.62,352.98,360.44,354.04,352.42,351.08,351.1,450,360.28,354.13,350.85,353.9,351.23,150,600,359.11,-0.8090169943749465,360.31,351.49
353.42,0.6087614290087199,357.51,356.04,353.84,351.44,75.0,351.23,360.31,364.25,351.01,353.41,352.94,357.66,355.79,353.03,351.22,351.18,450,360.44,353.88,350.87,354.23,351.51,150,600,357.05,-0.7933533402912357,357.82,351.66
353.31,0.6293203910498416,356.49,355.13,353.68,350.97,75.0,351.26,357.82,366.06,351.1,351.18,352.88,356.2,357.67,353.21,351.48,351.24,450,357.66,351.27,350.91,354.11,352.09,150,600,356.16,-0.7771459614569675,356.61,351.71
353.21,0.6494480483301872,355.84,354.84,353.62,350.87,75.0,351.27,356.61,366.91,351.17,351.08,352.82,355.27,359.19,353.21,351.94,351.3,450,356.2,351.22,350.96,353.93,353.38,150,600,355.62,-0.7604059656000279,355.79,351.69
353.12,0.6691306063588605,351.59,373.02,372.6,350.87,1400.0,351.28,355.79,367.34,350.94,351.19,352.76,351.27,360.28,351.13,352.72,351.34,250,355.27,351.45,351.03,351.22,356.29,350,600,351.91,-0.7431448254773922,351.4,351.01
353.04,0.688354575693755,352.12,373.03,372.61,350.9,1400.0,351.28,351.4,360.31,350.87,351.42,352.71,351.25,360.44,351.08,354.04,351.49,250,351.27,351.95,351.1,351.22,360.76,350,600,353.78,-0.7253743710122866,351.54,350.9
352.97,0.7071067811865474,353.98,373.03,372.61,350.93,1400.0,351.28,351.54,357.82,350.87,352.28,352.66,351.51,357.66,351.2,355.79,351.66,250,351.25,353.58,351.18,351.46,364.25,350,600,360.52,-0.7071067811865477,352.14,350.92
352.91,0.7253743710122919,359.18,373.03,372.61,351.0,1400.0,351.28,352.14,356.61,350.9,352.88,352.61,351.99,356.2,351.44,357.67,351.71,250,351.51,353.99,351.24,351.99,366.06,350,600,366.89,-0.6883545756937495,353.54,350.97
352.86,0.7431448254773967,359.02,360.09,354.68,351.08,75.0,351.28,353.54,355.79,350.94,353.09,352.57,354.03,355.27,352.33,359.19,351.69,450,351.99,353.94,351.3,353.69,366.91,150,600,358.98,-0.6691306063588555,357.15,351.02
352.81,0.7604059656000328,356.89,356.04,353.84,351.15,75.0,351.27,357.15,351.4,351.01,353.12,352.53,354.43,351.27,352.94,360.28,351.01,450,354.03,353.81,351.34,354.08,367.34,150,600,356.88,-0.6494480483301814,356.04,351.12
352.77,0.7771459614569722,355.88,355.13,353.68,351.21,75.0,351.27,356.04,351.54,351.09,353.08,352.5,354.22,351.25,353.13,360.44,350.9,450,354.43,353.66,351.49,354.01,360.31,150,600,355.94,-0.6293203910498358,355.28,351.21
352.73,0.7933533402912349,355.25,354.84,353.62,351.25,75.0,351.26,355.28,352.14,351.16,353.01,352.46,353.95,351.51,353.15,357.66,350.92,450,354.22,353.52,351.66,353.85,357.82,150,600,355.36,-0.6087614290087209,354.76,351.29
352.69,0.809016994374951,354.8,354.72,353.6,351.27,75.0,351.26,354.76,353.54,351.21,352.94,352.44,353.7,351.99,353.11,356.2,350.97,450,353.95,353.39,351.71,353.69,356.61,150,600,354.94,-0.5877852522924683,354.37,351.33
352.67,0.8241261886220181,354.45,354.67,353.59,351.29,75.0,351.25,354.37,357.15,351.25,352.87,352.41,353.5,354.03,353.04,355.27,351.02,450,353.7,353.28,351.69,353.54,355.79,150,600,354.61,-0.5664062369248293,354.06,351.36
352.64,0.8386705679454255,354.18,354.65,353.58,351.29,75.0,351.25,354.06,356.04,351.28,352.81,352.39,353.32,354.43,352.96,351.27,351.12,450,353.5,353.18,351.01,353.41,351.4,150,600,354.35,-0.5446390350150248,353.82,351.37
352.62,0.8526401643540928,353.96,354.63,353.57,351.29,75.0,351.24,353.82,355.28,351.29,352.75,352.37,353.18,354.22,352.89,351.25,351.21,450,353.32,353.09,350.9,353.29,351.54,150,600,354.13,-0.5224985647159479,353.63,351.37
351.18,0.8660254037844384,353.77,354.62,353.56,351.29,75.0,350.94,353.63,354.76,351.3,352.69,351.1,353.06,353.95,352.82,351.51,351.29,450,353.18,353.01,350.92,353.19,352.14,150,600,353.95,-0.5000000000000004,353.47,351.36
351.08,0.8788171126619677,353.62,354.61,353.56,351.29,75.0,350.85,353.47,354.37,351.3,352.64,351.0,352.96,353.7,352.76,351.99,351.33,450,353.06,352.95,350.97,353.1,353.54,150,600,353.79,-0.4771587602596041,353.33,351.35
351.17,0.8910065241883698,353.49,354.6,353.56,350.95,75.0,350.84,353.33,354.06,351.3,351.12,351.04,352.87,353.5,352.7,354.03,351.36,450,352.96,351.2,351.02,353.02,357.15,150,600,353.66,-0.45399049973954303,353.22,351.34
351.39,0.9025852843498621,353.38,354.59,353.55,350.86,75.0,350.86,353.22,353.82,351.29,351.02,351.16,352.79,353.32,352.65,354.43,351.37,450,352.87,351.11,351.12,352.95,356.04,150,600,353.55,-0.430511096808292,353.12,351.33
351.84,0.9135454576426013,351.31,372.8,370.64,350.85,1400.0,350.89,353.12,353.63,350.95,351.08,351.37,351.14,353.18,351.13,354.22,351.37,250,352.79,351.23,351.21,351.2,355.28,350,600,351.43,-0.4067366430757993,351.22,350.95
352.79,0.9238795325112868,351.28,373.02,372.57,350.87,1400.0,350.94,351.22,353.47,350.86,351.22,351.75,351.03,353.06,351.02,353.95,351.36,250,351.14,351.51,351.29,351.11,354.76,350,600,351.53,-0.38268343236508956,351.13,350.86
355.04,0.9335804264972037,351.57,373.03,372.61,350.91,1400.0,351.0,351.13,353.33,350.85,351.48,352.4,351.1,352.96,351.08,353.7,351.35,250,351.03,352.09,351.33,351.24,354.37,350,600,352.22,-0.35836794954529494,351.27,350.85
359.22,0.9426414910921798,352.3,373.03,372.61,350.96,1400.0,351.08,351.27,353.22,350.87,351.94,353.53,351.26,352.87,351.22,353.5,351.34,250,351.1,353.38,351.36,351.52,354.06,350,600,354.47,-0.33380685923376713,351.59,350.88
359.76,0.9510565162951543,354.12,360.09,354.68,351.03,75.0,351.16,351.59,353.12,350.91,352.72,357.87,351.84,352.79,351.49,353.32,351.33,450,351.26,356.29,351.37,352.1,353.82,150,600,356.48,-0.3090169943749451,352.6,350.9
357.39,0.9588197348681935,354.22,356.04,353.83,351.1,75.0,351.3,352.6,351.22,350.96,354.04,356.41,352.35,351.14,351.94,353.18,350.95,450,351.84,360.76,351.37,353.4,353.63,150,600,355.33,-0.284015344703921,353.14,350.96
356.2,0.9659258262890681,354.05,355.13,353.68,351.18,75.0,351.4,353.14,351.13,351.03,355.79,355.39,352.62,351.03,352.73,353.06,350.86,450,352.35,364.25,351.36,356.33,353.47,150,600,354.73,-0.25881904510252157,353.29,351.03
355.43,0.9723699203976779,353.88,354.83,353.62,351.24,75.0,351.46,353.29,351.27,351.1,357.67,354.71,352.73,351.1,354.05,352.96,350.85,450,352.62,366.06,351.35,360.8,353.33,150,600,354.35,-0.23344536385590003,353.3,351.1
354.87,0.9781476007338067,351.28,372.95,371.93,351.3,1400.0,351.47,353.3,351.59,351.19,359.19,354.23,351.1,351.26,358.49,352.87,350.88,250,352.73,366.91,351.34,359.93,353.22,350,600,351.43,-0.20791169081775465,351.18,350.92
354.46,0.983254907563955,351.34,373.02,372.59,351.34,1400.0,351.47,351.18,352.6,351.34,360.28,353.88,351.04,351.84,356.69,352.79,350.9,250,351.1,367.34,351.33,357.5,353.12,350,600,351.66,-0.18223552549214522,351.16,350.86
354.13,0.987688340595138,351.72,373.03,372.61,351.49,1400.0,351.46,351.16,353.14,351.44,360.44,353.62,351.14,352.35,355.56,351.14,350.96,250,351.04,360.31,350.95,356.3,351.22,350,600,352.6,-0.15643446504022934,351.34,350.86
353.88,0.9914448613738104,352.67,373.03,372.61,351.66,1400.0,351.44,351.34,353.29,351.49,357.66,353.41,351.33,352.62,354.82,351.03,351.03,250,351.14,357.82,350.86,355.51,351.13,350,600,355.93,-0.13052619222005168,351.73,350.89
351.27,0.994521895368274,355.51,373.03,372.61,351.71,1400.0,350.97,351.73,353.3,350.99,356.2,351.18,351.66,352.73,351.23,351.1,351.1,250,351.33,356.61,350.85,351.34,351.27,350,600,363.82,-0.10452846326764724,352.55,350.93
351.22,0.9969173337331283,361.87,373.03,372.61,351.69,1400.0,350.87,352.55,351.18,350.89,355.27,351.08,352.26,351.1,351.2,351.26,350.92,250,351.66,355.79,350.88,351.43,351.59,350,600,367.82,-0.0784590957278412,354.49,350.99
351.45,0.998629534754574,366.49,373.03,372.61,351.01,1400.0,350.87,354.49,351.16,350.9,351.27,351.19,353.28,351.04,351.41,351.84,350.86,250,352.26,351.4,350.9,351.91,352.6,350,600,368.7,-0.05233595624294082,358.37,351.06
351.95,0.9996573249755573,368.01,373.03,372.61,350.9,1400.0,350.9,358.37,351.34,350.95,351.25,351.42,354.81,351.14,351.81,352.35,350.86,250,353.28,351.54,350.96,352.98,353.14,350,600,368.89,-0.026176948307872656,362.62,351.14
353.58,1.0,359.73,360.09,354.68,350.92,75.0,350.93,362.62,351.73,351.01,351.51,352.28,359.11,351.33,352.51,352.62,350.89,450,354.81,352.14,351.03,355.44,353.29,150,600,359.1,0.0,360.07,351.24
353.99,0.9996573249755571,357.46,356.04,353.84,350.97,75.0,351.0,360.07,352.55,351.09,351.99,352.88,356.98,351.66,353.7,352.73,350.93,450,359.11,353.54,351.1,359.77,353.3,150,600,357.04,0.026176948307879103,357.61,351.39
353.94,0.9986295347545736,356.41,355.13,353.68,351.02,75.0,351.08,357.61,354.49,351.16,354.03,353.09,355.73,352.26,355.37,351.1,350.99,450,356.98,357.15,350.92,363.63,351.18,150,600,356.14,0.05233595624294829,356.39,351.49
353.81,0.9969173337331277,355.74,354.84,353.62,351.12,75.0,351.15,356.39,358.37,351.23,354.43,353.12,354.93,353.28,357.27,351.04,351.06,450,355.73,356.04,350.86,365.77,351.16,150,600,355.59,0.07845909572784791,355.59,351.53
353.66,0.9945218953682732,355.24,354.72,353.6,351.21,75.0,351.21,355.59,362.62,351.29,354.22,353.08,354.39,354.81,358.89,351.14,351.14,450,354.93,355.28,350.86,366.77,351.34,150,600,355.19,0.10452846326765494,355.0,351.53
353.52,0.9914448613738104,351.32,373.02,372.58,351.29,780.0,351.25,355.0,360.07,351.33,353.95,353.01,351.09,359.11,360.07,351.33,351.24,90,354.39,354.76,350.89,367.27,351.73,260,350,351.53,0.13052619222005157,351.19,350.89
353.39,0.9876883405951368,351.75,373.03,372.65,351.33,780.0,351.27,351.19,357.61,351.36,353.7,352.94,351.16,356.98,360.87,351.66,351.39,90,351.09,354.37,350.93,367.54,352.55,260,350,352.66,0.15643446504023675,351.37,350.88
353.28,0.9832549075639537,354.43,373.03,372.65,351.36,780.0,351.29,351.37,356.39,351.38,353.5,352.87,351.53,355.73,361.4,352.26,351.49,90,351.16,354.06,350.99,367.7,354.49,260,350,362.09,0.18223552549215186,352.23,350.9
353.18,0.978147600733805,365.96,373.03,372.65,351.37,780.0,351.29,352.23,355.59,351.4,353.32,352.81,352.86,354.93,361.74,353.28,351.53,90,351.53,353.82,351.06,367.79,358.37,260,350,368.73,0.20791169081776223,357.21,350.98
353.09,0.9723699203976762,368.84,373.03,372.65,351.37,780.0,351.29,357.21,355.0,351.41,353.18,352.75,358.43,354.39,361.96,354.81,351.53,90,352.86,353.63,351.14,367.85,362.62,260,350,369.08,0.23344536385590683,366.75,351.15
353.01,0.9659258262890683,369.06,373.03,372.65,351.36,780.0,351.29,366.75,351.19,351.41,353.06,352.69,365.18,351.09,362.1,359.11,350.89,90,358.43,353.47,351.24,367.89,360.07,260,350,369.1,0.25881904510252074,368.63,351.4
352.95,0.9588197348681914,369.09,373.03,372.65,351.35,780.0,351.29,368.63,351.37,351.42,352.96,352.64,367.39,351.16,362.2,356.98,350.88,90,365.18,353.33,351.39,367.91,357.61,260,350,369.1,0.2840153447039283,368.92,351.67
351.2,0.9510565162951522,369.1,373.03,372.65,351.34,780.0,350.95,368.92,352.23,351.59,352.87,351.12,368.06,351.53,360.57,355.73,350.9,90,367.39,353.22,351.49,360.33,356.39,260,350,369.1,0.30901699437495167,369.0,351.9
351.11,0.9426414910921774,369.1,373.03,372.65,351.33,780.0,350.86,369.0,357.21,351.75,352.79,351.02,368.34,352.86,357.76,354.93,350.98,90,368.06,353.12,351.53,357.85,355.59,260,350,369.11,0.33380685923377373,369.03,352.05
351.23,0.9335804264972012,369.1,373.03,372.65,350.95,780.0,350.85,369.03,366.75,351.77,351.14,351.08,368.46,358.43,356.29,354.39,351.15,90,368.34,351.22,351.53,356.64,355.0,260,350,369.11,0.3583679495453016,369.04,352.16
351.51,0.9238795325112867,369.1,373.03,372.65,350.86,780.0,350.87,369.04,368.63,351.74,351.03,351.22,368.52,365.18,355.34,351.09,351.4,90,368.46,351.13,350.89,355.83,351.19,260,350,369.11,0.3826834323650898,369.05,352.22
352.09,0.9135454576425985,369.1,373.03,372.65,350.85,780.0,350.91,369.05,368.92,351.68,351.1,351.48,368.56,367.39,354.69,351.16,351.67,90,368.52,351.27,350.88,355.22,351.37,260,350,369.11,0.4067366430758056,369.05,352.26
353.38,0.9025852843498587,369.1,373.03,372.65,350.88,780.0,350.96,369.05,369.0,351.63,351.26,351.94,368.58,368.06,354.22,351.53,351.9,90,368.56,351.59,350.9,354.75,352.23,260,350,369.11,0.43051109680829913,369.05,352.29
356.29,0.8910065241883666,369.1,373.03,372.65,350.9,780.0,351.03,369.05,369.03,351.57,351.84,352.72,368.59,368.34,353.88,352.86,352.05,90,368.58,352.6,350.98,354.37,357.21,260,350,369.11,0.4539904997395494,369.05,352.3
360.76,0.8788171126619647,369.1,373.03,372.65,350.96,780.0,351.1,369.05,369.04,351.53,352.35,354.04,368.59,368.46,353.61,358.43,352.16,90,368.59,353.14,351.15,354.08,366.75,260,350,369.11,0.4771587602596097,369.05,352.31
364.25,0.8660254037844387,369.1,373.03,372.65,351.03,780.0,351.18,369.05,369.05,351.48,352.62,355.79,368.6,368.52,353.4,365.18,352.22,90,368.59,353.29,351.4,353.83,368.63,260,350,369.11,0.49999999999999994,369.06,352.31
366.06,0.8526401643540892,369.1,373.03,372.65,351.1,780.0,351.24,369.06,369.05,351.45,352.73,357.67,368.6,368.56,353.23,367.39,352.26,90,368.6,353.3,351.67,353.63,368.92,260,350,369.11,0.5224985647159539,369.06,352.32
366.91,0.8386705679454216,369.1,373.03,372.65,350.92,780.0,351.3,369.06,369.05,351.42,351.1,359.19,368.6,368.58,353.09,368.06,352.29,90,368.6,351.18,351.9,353.47,369.0,260,350,369.11,0.5446390350150309,369.06,352.32
367.34,0.824126188622014,369.1,373.03,372.65,350.86,780.0,351.34,369.06,369.05,351.39,351.04,360.28,368.6,368.59,352.98,368.34,352.3,90,368.6,351.16,352.05,353.33,369.03,260,350,369.11,0.5664062369248353,369.06,352.32
360.31,0.8090169943749466,369.1,373.03,372.65,350.86,780.0,351.49,369.06,369.05,351.37,351.14,360.44,368.6,368.59,352.88,368.46,352.31,90,368.6,351.34,352.16,353.22,369.04,260,350,369.11,0.5877852522924742,369.06,352.32
357.82,0.7933533402912352,369.1,373.03,372.65,350.89,780.0,351.66,369.06,369.06,351.35,351.33,357.66,368.6,368.6,352.8,368.52,352.31,90,368.6,351.73,352.22,353.12,369.05,260,350,369.11,0.6087614290087207,369.06,352.32
356.61,0.7771459614569671,369.1,373.03,372.65,350.93,780.0,351.71,369.06,369.06,351.33,351.66,356.2,368.6,368.6,352.72,368.56,352.32,90,368.6,352.55,352.26,353.03,369.05,260,350,369.11,0.629320391049842,369.06,352.32
355.79,0.760405965600028,369.1,373.03,372.65,350.99,780.0,351.69,369.06,369.06,351.32,352.26,355.27,368.6,368.6,352.66,368.58,352.32,90,368.6,354.49,352.29,352.96,369.05,260,350,369.11,0.649448048330187,369.06,352.32
351.4,0.7431448254773922,369.1,373.03,372.65,351.06,780.0,351.01,369.06,369.06,350.95,353.28,351.27,368.6,368.6,351.13,368.59,352.32,90,368.6,358.37,352.3,351.21,369.05,260,350,369.11,0.6691306063588603,369.06,352.32
351.54,0.7253743710122866,369.1,373.03,372.65,351.14,780.0,350.9,369.06,369.06,350.86,354.81,351.25,368.6,368.6,351.02,368.59,352.32,90,368.6,362.62,352.31,351.11,369.05,260,350,369.11,0.688354575693755,369.06,352.32
352.14,0.7071067811865476,369.1,373.03,372.65,351.24,780.0,350.92,369.06,369.06,350.85,359.11,351.51,368.6,368.6,351.08,368.6,352.32,90,368.6,360.07,352.31,351.24,369.06,260,350,369.11,0.7071067811865475,369.06,352.32
353.54,0.6883545756937497,369.1,373.03,372.65,351.39,780.0,350.97,369.06,369.06,350.87,356.98,351.99,368.6,368.6,351.23,368.6,352.32,90,368.6,357.61,352.32,351.52,369.06,260,350,369.11,0.7253743710122917,369.06,352.32
357.15,0.669130606358855,369.1,373.03,372.65,351.49,780.0,351.02,369.06,369.06,350.9,355.73,354.03,368.6,368.6,351.75,368.6,352.32,90,368.6,356.39,352.32,352.42,369.06,260,350,369.11,0.7431448254773971,369.06,352.32
356.04,0.6494480483301814,369.1,373.03,372.65,351.53,780.0,351.12,369.06,369.06,350.95,354.93,354.43,368.6,368.6,352.24,368.6,352.32,90,368.6,355.59,352.32,352.96,369.06,260,350,369.11,0.7604059656000328,369.06,352.32
355.28,0.6293203910498363,369.1,373.03,372.65,351.53,780.0,351.21,369.06,369.06,351.02,354.39,354.22,368.6,368.6,352.51,368.6,352.32,90,368.6,355.0,352.32,353.15,369.06,260,350,369.11,0.7771459614569718,369.06,352.32
354.76,0.6087614290087207,369.1,373.03,372.65,350.89,780.0,351.29,369.06,369.06,351.08,351.09,353.95,368.6,368.6,352.64,368.6,352.32,90,368.6,351.19,352.32,353.18,369.06,260,350,369.11,0.7933533402912352,369.06,352.32
354.37,0.5877852522924684,369.1,373.03,372.65,350.88,780.0,351.33,369.06,369.06,351.14,351.16,353.7,368.6,368.6,352.68,368.6,352.32,90,368.6,351.37,352.32,353.16,369.06,260,350,369.11,0.8090169943749509,369.06,352.32
354.06,0.5664062369248292,364.31,372.91,371.73,350.9,780.0,351.36,369.06,369.06,351.18,351.53,353.5,356.05,368.6,352.69,368.6,352.32,390,368.6,352.23,352.32,353.11,369.06,260,650,364.97,0.8241261886220181,361.35,351.62
353.82,0.5446390350150246,358.46,372.91,371.73,350.98,780.0,351.37,361.35,369.06,351.21,352.86,353.32,352.64,368.6,352.67,368.6,352.32,390,356.05,357.21,352.32,353.06,369.06,260,650,363.2,0.8386705679454256,354.3,351.24
353.63,0.5224985647159476,353.54,372.91,371.73,351.15,780.0,351.37,354.3,369.06,351.23,358.43,353.18,351.79,368.6,352.64,368.6,352.32,390,352.64,366.75,352.32,353.0,369.06,260,650,356.59,0.8526401643540931,352.35,351.08
353.47,0.5000000000000001,352.22,372.91,371.72,351.4,780.0,351.36,352.35,369.06,351.24,365.18,353.06,351.44,368.6,352.61,368.6,352.32,390,351.79,368.63,352.32,352.94,369.06,260,650,353.19,0.8660254037844386,351.73,350.99
353.33,0.4771587602596033,355.61,373.03,372.65,351.67,780.0,351.35,351.73,369.06,351.25,367.39,352.96,351.68,368.6,352.58,368.6,352.32,90,351.44,368.92,352.32,352.89,369.06,260,350,364.25,0.8788171126619682,352.55,350.95
353.22,0.45399049973954286,367.32,373.03,372.65,351.9,780.0,351.34,352.55,361.35,351.26,368.06,352.87,353.55,356.05,352.54,368.6,351.62,90,351.68,369.0,352.32,352.84,369.06,260,350,368.91,0.8910065241883699,359.73,351.02
353.12,0.43051109680829247,368.94,373.03,372.65,352.05,780.0,351.33,359.73,354.3,351.26,368.34,352.79,360.39,352.64,352.51,368.6,351.24,90,353.55,369.03,352.32,352.8,369.06,260,350,369.09,0.9025852843498618,367.56,351.2
351.22,0.406736643075799,369.07,373.03,372.65,352.16,780.0,350.95,367.56,352.35,350.94,368.46,351.14,366.01,351.79,351.11,368.6,351.08,90,360.39,369.04,352.32,351.19,369.06,260,350,369.1,0.9135454576426014,368.75,351.46
351.13,0.38268343236508984,369.09,373.03,372.65,352.22,780.0,350.86,368.75,351.73,350.86,368.52,351.03,367.61,351.44,351.01,368.6,350.99,90,366.01,369.05,352.32,351.1,369.06,260,350,369.1,0.9238795325112867,368.95,351.73
351.27,0.3583679495452948,369.1,373.03,372.65,352.26,780.0,350.85,368.95,352.55,350.85,368.56,351.1,368.15,351.68,351.06,368.6,350.95,90,367.61,369.05,352.32,351.2,369.06,260,350,369.1,0.9335804264972039,369.01,351.94
351.59,0.33380685923376674,369.1,373.03,372.65,352.29,780.0,350.88,369.01,359.73,350.87,368.58,351.26,368.37,353.55,351.19,356.05,351.02,90,368.15,369.05,351.62,351.46,361.35,260,350,369.11,0.9426414910921799,369.03,352.08
352.6,0.30901699437494473,369.1,373.03,372.65,352.3,780.0,350.9,369.03,367.56,350.89,368.59,351.84,368.48,360.39,351.67,352.64,351.2,90,368.37,369.05,351.24,352.26,354.3,260,350,369.11,0.9510565162951544,369.04,352.18
353.14,0.28401534470392126,364.14,372.91,371.73,352.31,780.0,350.96,369.04,368.75,350.94,368.59,352.35,355.59,366.01,352.14,351.79,351.46,390,368.48,369.05,351.08,352.79,352.35,260,650,364.94,0.9588197348681935,360.77,351.58
353.29,0.25881904510252074,357.87,372.91,371.73,352.31,780.0,351.03,360.77,368.95,351.01,368.6,352.62,352.54,367.61,352.41,351.44,351.73,390,355.59,369.06,350.99,353.0,351.73,260,650,362.86,0.9659258262890683,354.04,351.23
353.3,0.23344536385589965,353.37,372.91,371.73,352.32,780.0,351.1,354.04,369.01,351.07,368.6,352.73,351.75,368.15,352.54,351.68,351.94,390,352.54,369.06,350.95,353.06,352.55,260,650,356.15,0.972369920397678,352.29,351.07
351.18,0.20791169081775512,352.17,372.91,371.72,352.32,780.0,350.92,352.29,369.03,351.12,368.6,351.1,351.42,368.37,352.6,353.55,352.08,390,351.75,369.06,351.02,353.06,359.73,260,650,353.07,0.9781476007338066,351.7,350.98
351.16,0.1822355254921444,355.18,373.03,372.65,352.32,780.0,350.86,351.7,369.04,351.17,368.6,351.04,351.64,368.48,352.62,360.39,352.18,90,351.42,369.06,351.2,353.03,367.56,260,350,363.58,0.9832549075639552,352.45,350.95
351.34,0.1564344650402294,367.06,373.03,372.65,352.32,780.0,350.86,352.45,360.77,351.2,368.6,351.14,353.36,355.59,352.61,366.01,351.58,90,351.64,369.06,351.46,352.98,368.75,260,350,368.88,0.987688340595138,359.1,351.01
351.73,0.1305261922200517,368.92,373.03,372.65,352.32,780.0,350.89,359.1,354.04,351.22,368.6,351.33,359.96,352.54,352.59,367.61,351.23,90,353.36,369.06,351.73,352.94,368.95,260,350,369.09,0.9914448613738104,367.41,351.19
352.55,0.10452846326764771,369.07,373.03,372.65,352.32,780.0,350.93,367.41,352.29,351.23,368.6,351.66,365.85,351.75,352.57,368.15,351.07,90,359.96,369.06,351.94,352.89,369.01,260,350,369.1,0.994521895368274,368.73,351.45
354.49,0.07845909572784035,369.09,373.03,372.65,352.32,780.0,350.99,368.73,351.7,351.24,368.6,352.26,367.57,351.42,352.54,368.37,350.98,90,365.85,369.06,352.08,352.84,369.03,260,350,369.1,0.9969173337331283,368.94,351.72
358.37,0.052335956242940865,369.1,373.03,372.65,352.32,780.0,351.06,368.94,352.45,351.25,368.6,353.28,368.13,351.64,352.51,368.48,350.95,90,367.57,369.06,352.18,352.8,369.04,260,350,369.1,0.998629534754574,369.01,351.93
362.62,0.026176948307871584,369.1,373.03,372.65,352.32,780.0,351.14,369.01,359.1,351.25,368.6,354.81,368.37,353.36,352.48,355.59,351.01,90,368.13,369.06,351.58,352.76,360.77,260,350,369.11,0.9996573249755574,369.03,352.08
360.07,6.123233995736766e-17,369.1,373.03,372.65,352.32,780.0,351.24,369.03,367.41,351.25,368.6,359.11,368.48,359.96,352.46,352.54,351.19,90,368.37,369.06,351.23,352.73,354.04,260,350,369.11,1.0,369.04,352.17
357.61,-0.02617694830787923,364.14,372.91,371.73,352.32,780.0,351.39,369.04,368.73,351.25,368.6,356.98,355.58,365.85,352.43,351.75,351.45,390,368.48,369.06,351.07,352.69,352.29,260,650,364.94,0.9996573249755571,360.76,351.58
356.39,-0.052335956242948276,357.85,372.91,371.73,352.32,780.0,351.49,360.76,368.94,351.25,368.6,355.73,352.54,367.57,352.41,351.42,351.72,390,355.58,369.06,350.98,352.67,351.7,260,650,362.85,0.9986295347545736,354.03,351.22
355.59,-0.07845909572784798,353.37,372.91,371.73,352.32,780.0,351.53,354.03,369.01,351.24,368.6,354.93,351.75,368.13,352.39,351.64,351.93,390,352.54,369.06,350.95,352.64,352.45,260,650,356.14,0.9969173337331277,352.28,351.07
355.0,-0.10452846326765487,352.17,372.91,371.72,352.32,780.0,351.53,352.28,369.03,350.94,368.6,354.39,351.42,368.37,351.11,353.36,352.08,390,351.75,369.06,351.01,351.18,359.1,260,650,353.06,0.9945218953682732,351.7,350.98
351.19,-0.1305261922200516,351.69,372.91,371.67,352.32,780.0,350.89,351.7,369.04,350.85,368.6,351.09,351.25,368.48,351.0,359.96,352.17,390,351.42,369.06,351.19,351.08,367.41,260,650,352.12,0.9914448613738104,351.43,350.93
351.37,-0.15643446504023673,351.45,372.87,371.36,352.32,780.0,350.88,351.43,360.76,350.84,368.6,351.16,351.15,355.58,351.04,365.85,351.58,390,351.25,369.06,351.45,351.18,368.73,260,650,351.71,0.9876883405951368,351.28,350.9
352.23,-0.1822355254921519,351.31,372.69,369.94,351.62,780.0,350.9,351.28,354.03,350.86,356.05,351.53,351.08,352.54,351.16,367.57,351.22,390,351.15,361.35,351.72,351.4,368.94,260,650,351.48,0.9832549075639537,351.18,350.88
357.21,-0.20791169081776217,351.22,372.01,365.98,351.24,780.0,350.98,351.18,352.28,350.88,352.64,352.86,351.03,351.75,351.6,368.13,351.07,390,351.08,354.3,351.93,352.12,369.01,260,650,351.35,0.978147600733805,351.11,350.86
366.75,-0.23344536385590686,351.24,373.02,372.57,351.08,780.0,351.15,351.11,351.7,350.93,351.79,358.43,351.02,351.42,352.04,368.37,350.98,90,351.03,352.35,352.08,352.64,369.03,260,350,351.44,0.9723699203976762,351.11,350.85
368.63,-0.25881904510252063,351.65,373.03,372.65,350.99,780.0,351.4,351.11,351.43,350.99,351.44,365.18,351.12,351.25,352.31,368.48,350.93,90,351.02,351.73,352.17,352.86,369.04,260,350,352.42,0.9659258262890683,351.31,350.85
368.92,-0.28401534470392836,353.74,373.03,372.65,350.95,780.0,351.67,351.31,351.28,351.06,351.68,367.39,351.45,351.15,352.46,355.58,350.9,90,351.12,352.55,351.58,352.95,360.76,260,350,360.2,0.9588197348681914,352.04,350.89
369.0,-0.30901699437495156,364.66,373.03,372.65,351.02,780.0,351.9,352.04,351.18,350.91,353.55,368.06,352.55,351.08,351.08,352.54,350.88,90,351.45,359.73,351.22,351.16,354.03,260,350,368.54,0.9510565162951522,355.89,350.96
369.03,-0.33380685923377373,368.75,373.03,372.65,351.2,780.0,352.05,355.89,351.11,350.85,360.39,368.34,357.26,351.03,351.02,351.75,350.86,90,352.55,367.56,351.07,351.12,352.28,260,350,369.07,0.9426414910921774,366.02,351.12
369.04,-0.3583679495453015,369.05,373.03,372.65,351.46,780.0,352.16,366.02,351.11,350.85,366.01,368.46,364.55,351.02,351.1,351.42,350.85,90,357.26,368.75,350.98,351.27,351.7,260,350,369.1,0.9335804264972013,368.53,351.36
369.05,-0.3826834323650895,369.09,373.03,372.65,351.73,780.0,352.22,368.53,351.31,350.88,367.61,368.52,367.23,351.12,351.26,351.25,350.85,90,364.55,368.95,350.93,351.59,351.43,260,350,369.1,0.9238795325112868,368.9,351.64
369.05,-0.40673664307580554,369.09,373.03,372.65,351.94,780.0,352.26,368.9,352.04,350.92,368.15,368.56,368.0,351.45,351.55,351.15,350.89,90,367.23,369.01,350.9,352.26,351.28,260,350,369.1,0.9135454576425985,368.99,351.87
369.05,-0.43051109680829935,369.1,373.03,372.65,352.08,780.0,352.29,368.99,355.89,350.97,368.37,368.58,368.31,352.55,352.06,351.08,350.96,90,368.0,369.03,350.88,353.78,351.18,260,350,369.11,0.9025852843498586,369.03,352.03
369.05,-0.45399049973954947,369.1,373.03,372.65,352.18,780.0,352.3,369.03,366.02,351.04,368.48,368.59,368.45,357.26,352.93,351.03,351.12,90,368.31,369.04,350.86,357.09,351.11,260,350,369.11,0.8910065241883665,369.04,352.15
369.05,-0.4771587602596096,369.1,373.03,372.65,351.58,780.0,352.31,369.04,368.53,351.12,355.59,368.59,368.52,364.55,354.34,351.02,351.36,90,368.45,360.77,350.85,361.55,351.11,260,350,369.11,0.8788171126619647,369.05,352.22
369.06,-0.4999999999999998,369.1,373.03,372.65,351.23,780.0,352.31,369.05,368.9,351.19,352.54,368.6,368.55,367.23,356.15,351.12,351.64,90,368.52,354.04,350.85,364.71,351.31,260,350,369.11,0.8660254037844387,369.05,352.26
369.06,-0.5224985647159541,369.1,373.03,372.65,351.07,780.0,352.32,369.05,368.99,351.26,351.75,368.6,368.57,368.0,357.99,351.45,351.87,90,368.55,352.29,350.89,366.28,352.04,260,350,369.11,0.8526401643540891,369.05,352.28
369.06,-0.5446390350150309,369.1,373.03,372.65,350.98,780.0,352.32,369.05,369.03,351.31,351.42,368.6,368.59,368.31,359.43,352.55,352.03,90,368.57,351.7,350.96,367.02,355.89,260,350,369.11,0.8386705679454216,369.05,352.3
369.06,-0.5664062369248352,369.1,373.03,372.65,350.95,780.0,352.32,369.05,369.04,351.35,351.64,368.6,368.59,368.45,360.44,357.26,352.15,90,368.59,352.45,351.12,367.4,366.02,260,350,369.11,0.824126188622014,369.05,352.31
369.06,-0.5877852522924741,369.1,373.03,372.65,351.01,780.0,352.32,369.05,369.05,351.37,353.36,368.6,368.6,368.52,361.11,364.55,352.22,90,368.59,359.1,351.36,367.62,368.53,260,350,369.11,0.8090169943749467,369.06,352.31
369.06,-0.6087614290087207,364.3,372.91,371.73,351.19,780.0,352.32,369.06,369.05,351.39,359.96,368.6,356.03,368.55,361.56,367.23,352.26,390,368.6,367.41,351.64,367.74,368.9,260,650,364.97,0.7933533402912352,361.32,351.62
369.06,-0.629320391049842,358.43,372.91,371.73,351.45,780.0,352.32,361.32,369.05,351.4,365.85,368.6,352.63,368.57,361.84,368.0,352.28,390,356.03,368.73,351.87,367.82,368.99,260,650,363.18,0.7771459614569671,354.28,351.24
369.06,-0.649448048330187,353.53,372.91,371.73,351.72,780.0,352.32,354.28,369.05,351.41,367.57,368.6,351.79,368.59,362.03,368.31,352.3,390,352.63,368.94,352.03,367.87,369.03,260,650,356.56,0.7604059656000282,352.35,351.08
369.06,-0.6691306063588602,352.22,372.91,371.72,351.93,780.0,352.32,352.35,369.05,351.41,368.13,368.6,351.44,368.59,362.15,368.45,352.31,390,351.79,369.01,352.15,367.9,369.04,260,650,353.18,0.7431448254773925,351.73,350.99
369.06,-0.6883545756937551,351.72,372.91,371.68,352.08,780.0,352.32,351.73,369.06,351.42,368.37,368.6,351.26,368.6,362.22,368.52,352.31,390,351.44,369.03,352.22,367.92,369.05,260,650,352.16,0.7253743710122866,351.45,350.94
369.06,-0.7071067811865475,351.46,372.88,371.4,352.17,780.0,352.32,351.45,361.32,351.42,368.48,368.6,351.15,356.03,362.27,368.55,351.62,390,351.26,369.04,352.26,367.93,369.05,260,650,351.73,0.7071067811865476,351.28,350.9
369.06,-0.7253743710122916,351.32,372.71,370.12,351.58,780.0,352.32,351.28,354.28,351.42,355.58,368.6,351.08,352.63,362.3,368.57,351.24,390,351.15,360.76,352.28,367.94,369.05,260,650,351.5,0.6883545756937498,351.18,350.88
369.06,-0.743144825477397,351.22,372.09,366.36,351.22,780.0,352.32,351.18,352.35,351.6,352.54,368.6,351.03,351.79,360.58,368.59,351.08,390,351.08,354.03,352.3,360.33,369.05,260,650,351.36,0.6691306063588551,351.12,350.86
369.06,-0.7604059656000329,351.16,370.44,360.91,351.07,780.0,352.32,351.12,351.73,351.75,351.75,368.6,351.0,351.44,357.77,368.59,350.99,390,351.03,352.28,352.31,357.85,369.05,260,650,351.27,0.6494480483301813,351.07,350.85
369.06,-0.7771459614569718,351.12,367.64,357.15,350.98,780.0,352.32,351.07,351.45,351.78,351.42,368.6,350.98,351.26,356.29,368.6,350.94,390,351.0,351.7,352.31,356.64,369.06,260,650,351.21,0.6293203910498364,351.04,350.84
369.06,-0.793353340291235,351.09,364.73,355.44,350.93,780.0,352.32,351.04,351.28,351.74,351.25,368.6,350.96,351.15,355.34,356.03,350.9,390,350.98,351.43,351.62,355.83,361.32,260,650,351.18,0.6087614290087209,351.02,350.83
369.06,-0.8090169943749508,351.07,362.59,354.69,350.9,780.0,352.32,351.02,351.18,351.02,351.15,368.6,350.95,351.08,351.28,352.63,350.88,390,350.96,351.28,351.24,351.41,354.28,260,650,351.16,0.5877852522924686,351.01,350.83
361.35,-0.8241261886220183,351.07,371.86,364.93,350.88,780.0,351.62,351.01,351.12,350.9,351.08,356.05,350.95,351.03,351.27,351.79,350.86,90,350.95,351.18,351.08,351.56,352.35,260,350,351.16,0.5664062369248292,351.0,350.83
354.3,-0.8386705679454256,351.14,373.0,372.35,350.86,780.0,351.24,351.0,351.07,350.92,351.03,352.64,350.97,351.0,351.53,351.44,350.85,90,350.95,351.11,350.99,352.2,351.73,260,350,351.29,0.5446390350150246,351.04,350.83
352.35,-0.8526401643540931,351.41,373.03,372.64,350.85,780.0,351.08,351.04,351.04,350.97,351.02,351.79,351.05,350.98,352.03,351.26,350.84,90,350.97,351.11,350.94,353.67,351.45,260,350,351.84,0.5224985647159475,351.18,350.84
351.73,-0.8660254037844387,352.42,373.03,372.65,350.85,780.0,350.99,351.18,351.02,351.04,351.12,351.44,351.27,350.96,352.87,351.15,350.83,90,351.05,351.31,350.9,356.88,351.28,260,350,355.11,0.49999999999999994,351.62,350.86
352.55,-0.8788171126619683,359.35,373.03,372.65,350.89,780.0,350.95,351.62,351.01,351.11,351.45,351.68,351.92,350.95,354.26,351.08,350.83,90,351.27,352.04,350.88,361.35,351.18,260,350,367.15,0.4771587602596032,353.46,350.92
359.73,-0.8910065241883698,368.12,373.03,372.65,350.96,780.0,351.02,353.46,351.0,351.19,352.55,353.55,354.54,350.95,356.06,351.03,350.83,90,351.92,355.89,350.86,364.6,351.12,260,350,369.0,0.4539904997395429,362.45,351.04
367.56,-0.9025852843498617,368.99,373.03,372.65,351.12,780.0,351.2,362.45,351.04,351.25,357.26,360.39,362.03,350.97,357.91,351.0,350.83,90,354.54,366.02,350.85,366.22,351.07,260,350,369.09,0.4305110968082927,368.03,351.25
368.75,-0.9135454576426015,369.08,373.03,372.65,351.36,780.0,351.46,368.03,351.18,351.31,364.55,366.01,366.55,351.05,359.37,350.98,350.84,90,362.03,368.53,350.84,366.99,351.04,260,350,369.1,0.4067366430757988,368.82,351.52
368.95,-0.9238795325112867,362.2,372.91,371.73,351.64,780.0,351.73,368.82,351.62,351.34,367.23,367.61,353.62,351.27,360.4,350.96,350.86,390,366.55,368.9,350.83,367.39,351.02,260,650,364.53,0.3826834323650899,356.92,351.34
369.01,-0.933580426497204,354.99,372.91,371.73,351.87,780.0,351.94,356.92,353.46,351.37,368.0,368.15,352.06,351.92,361.09,350.95,350.92,390,353.62,368.99,350.83,367.61,351.01,260,650,359.81,0.35836794954529444,352.92,351.13
369.03,-0.94264149109218,352.63,372.91,371.73,352.03,780.0,352.08,352.92,362.45,351.39,368.31,368.37,351.56,354.54,361.54,350.95,351.04,390,352.06,369.03,350.83,367.74,351.0,260,650,354.19,0.3338068592337666,351.94,351.02
369.04,-0.9510565162951545,351.9,372.91,371.71,352.15,780.0,352.18,351.94,368.03,351.4,368.45,368.48,351.33,362.03,361.83,350.97,351.25,390,351.56,369.04,350.83,367.82,351.04,260,650,352.5,0.30901699437494456,351.55,350.96
360.77,-0.9588197348681934,353.36,373.03,372.65,352.22,780.0,351.58,351.55,368.82,351.41,368.52,355.59,351.45,366.55,362.02,351.05,351.52,90,351.33,369.05,350.84,367.87,351.18,260,350,358.85,0.2840153447039213,351.96,350.93
354.04,-0.9659258262890682,364.37,373.03,372.65,352.26,780.0,351.23,351.96,356.92,351.41,368.55,352.54,352.5,353.62,362.14,351.27,351.34,90,351.45,369.05,350.86,367.9,351.62,260,350,368.49,0.258819045102521,355.67,350.98
352.29,-0.9723699203976779,368.74,373.03,372.65,352.28,780.0,351.07,355.67,352.92,351.42,368.57,351.75,357.2,352.06,362.22,351.92,351.13,90,352.5,369.05,350.92,367.92,353.46,260,350,369.07,0.2334453638558999,365.98,351.12
351.7,-0.9781476007338066,369.05,373.03,372.65,352.3,780.0,350.98,365.98,351.94,351.42,368.59,351.42,364.54,351.56,362.27,354.54,351.02,90,357.2,369.05,351.04,367.93,362.45,260,350,369.1,0.20791169081775496,368.53,351.36
352.45,-0.9832549075639551,360.91,372.91,371.73,352.31,780.0,350.95,368.53,351.55,351.42,368.59,351.64,353.14,351.33,362.3,362.03,350.96,390,364.54,369.05,351.25,367.94,368.03,260,650,364.18,0.18223552549214467,355.69,351.27
359.1,-0.9876883405951379,354.24,372.91,371.73,352.31,780.0,351.01,355.69,351.96,351.42,368.6,353.36,351.92,351.45,362.32,366.55,350.93,390,353.14,369.06,351.52,367.94,368.82,260,650,358.33,0.15643446504022968,352.63,351.1
367.41,-0.9914448613738104,352.43,372.91,371.73,351.62,780.0,351.19,352.63,355.67,351.42,356.03,359.96,351.5,352.5,362.34,353.62,350.98,390,351.92,361.32,351.34,367.95,356.92,260,650,353.67,0.130526192220052,351.84,351.0
368.73,-0.994521895368274,351.81,372.91,371.7,351.24,780.0,351.45,351.84,365.98,351.42,352.63,365.85,351.3,357.2,362.35,352.06,351.12,390,351.5,354.28,351.13,367.95,352.92,260,650,352.34,0.10452846326764756,351.5,350.95
368.94,-0.9969173337331283,352.91,373.03,372.65,351.08,780.0,351.72,351.5,368.53,351.42,351.79,367.57,351.39,364.54,362.35,351.56,351.36,90,351.3,352.35,351.02,367.95,351.94,260,350,357.05,0.07845909572784064,351.82,350.92
369.01,-0.998629534754574,362.8,373.03,372.65,350.99,780.0,351.93,351.82,355.69,351.42,351.44,368.13,352.28,353.14,362.36,351.33,351.27,90,351.39,351.73,350.96,367.95,351.55,260,350,368.19,0.0523359562429407,354.74,350.96
369.03,-0.9996573249755574,368.6,373.03,372.65,350.94,780.0,352.08,354.74,352.63,351.42,351.26,368.37,356.2,351.92,362.36,351.45,351.1,90,352.28,351.45,350.93,367.95,351.96,260,350,369.05,0.026176948307871647,365.06,351.09
369.04,-1.0,369.03,373.03,372.65,350.9,780.0,352.17,365.06,351.84,351.6,351.15,368.48,363.84,351.5,360.58,352.5,351.0,90,356.2,351.28,350.98,360.33,355.67,260,350,369.1,1.2246467991473532e-16,368.41,351.32
360.76,-0.9996573249755571,369.08,373.03,372.65,350.88,780.0,351.58,368.41,351.5,351.76,351.08,355.58,367.05,351.3,357.77,357.2,350.95,90,363.84,351.18,351.12,357.85,365.98,260,350,369.1,-0.02617694830787895,368.88,351.6
354.03,-0.9986295347545736,369.09,373.03,372.65,350.86,780.0,351.22,368.88,351.82,351.78,351.03,352.54,367.94,351.39,356.29,364.54,350.92,90,367.05,351.12,351.36,356.64,368.53,260,350,369.1,-0.052335956242948,368.99,351.84
352.28,-0.9969173337331277,369.1,373.03,372.65,350.85,780.0,351.07,368.99,354.74,351.74,351.0,351.75,368.28,352.28,355.34,353.14,350.96,90,367.94,351.07,351.27,355.84,355.69,260,350,369.11,-0.07845909572784747,369.02,352.02
351.7,-0.9945218953682732,369.1,373.03,372.65,350.84,780.0,350.98,369.02,365.06,351.02,350.98,351.42,368.44,356.2,351.28,351.92,351.09,90,368.28,351.04,351.1,351.41,352.63,260,350,369.11,-0.10452846326765526,369.04,352.13
351.43,-0.9914448613738104,369.1,373.03,372.65,350.83,780.0,350.93,369.04,368.41,350.9,350.96,351.25,368.51,363.84,351.27,351.5,351.32,90,368.44,351.02,351.0,351.56,351.84,260,350,369.11,-0.13052619222005177,369.05,352.21
351.28,-0.9876883405951368,369.1,373.03,372.65,350.83,780.0,350.9,369.05,368.88,350.92,350.95,351.15,368.55,367.05,351.53,351.3,351.6,90,368.51,351.01,350.95,352.2,351.5,260,350,369.11,-0.1564344650402369,369.05,352.25
351.18,-0.9832549075639537,369.1,373.03,372.65,350.83,780.0,350.88,369.05,368.99,350.97,350.95,351.08,368.57,367.94,352.03,351.39,351.84,90,368.55,351.0,350.92,353.67,351.82,260,350,369.11,-0.18223552549215183,369.05,352.28
351.11,-0.978147600733805,369.1,373.03,372.65,350.83,780.0,350.86,369.05,369.02,351.02,350.97,351.03,368.58,368.28,354.17,352.28,352.02,90,368.57,351.04,350.96,357.34,354.74,260,350,369.11,-0.20791169081776212,369.05,352.3
351.11,-0.9723699203976763,364.29,372.91,371.73,350.84,780.0,350.85,369.05,369.04,351.12,351.05,351.02,355.98,368.44,354.52,356.2,352.13,390,368.58,351.18,351.09,356.13,365.06,260,650,364.97,-0.23344536385590658,361.26,351.62
351.31,-0.9659258262890683,358.37,372.91,371.73,350.86,780.0,350.85,361.26,369.05,351.22,351.27,351.12,352.62,368.51,354.28,363.84,352.21,390,355.98,351.62,351.32,355.34,368.41,260,650,363.15,-0.2588190451025208,354.25,351.24
352.04,-0.9588197348681915,353.51,372.91,371.73,350.92,780.0,350.89,354.25,369.05,351.29,351.92,351.45,351.78,368.55,353.99,367.05,352.25,390,352.62,353.46,351.6,354.8,368.88,260,650,356.52,-0.28401534470392786,352.34,351.07
355.89,-0.9510565162951521,352.21,372.91,371.72,351.04,780.0,350.96,352.34,369.05,351.34,354.54,352.55,351.44,368.57,353.73,367.94,352.28,390,351.78,362.45,351.84,354.4,368.99,260,650,353.17,-0.30901699437495195,351.73,350.99
366.02,-0.9426414910921773,351.71,372.91,371.68,351.25,780.0,351.12,351.73,369.05,351.36,362.03,357.26,351.26,368.58,353.52,368.28,352.3,390,351.44,368.03,352.02,354.09,369.02,260,650,352.16,-0.33380685923377384,351.44,350.94
368.53,-0.9335804264972012,351.46,372.88,371.4,351.52,780.0,351.36,351.44,361.26,351.37,366.55,364.55,351.15,355.98,353.34,368.44,351.62,390,351.26,368.82,352.13,353.84,369.04,260,650,351.73,-0.35836794954530166,351.28,350.9
368.9,-0.9238795325112868,351.31,372.71,370.1,351.34,780.0,351.64,351.28,354.25,351.37,353.62,367.23,351.08,352.62,353.19,368.51,351.24,390,351.15,356.92,352.21,353.64,369.05,260,650,351.5,-0.38268343236508967,351.18,350.88
368.99,-0.9135454576425985,351.22,372.08,366.32,351.13,780.0,351.87,351.18,352.34,350.96,352.06,368.0,351.03,351.78,351.16,368.55,351.07,390,351.08,352.92,352.25,351.25,369.05,260,650,351.36,-0.4067366430758055,351.12,350.86
369.03,-0.9025852843498589,351.25,373.02,372.58,351.02,780.0,352.03,351.12,351.73,350.87,351.56,368.31,351.02,351.44,351.07,368.57,350.99,90,351.03,351.94,352.28,351.19,369.05,260,350,351.46,-0.4305110968082989,351.11,350.85
369.04,-0.8910065241883666,351.68,373.03,372.65,350.96,780.0,352.15,351.11,351.44,350.87,351.33,368.45,351.13,351.26,351.16,368.58,350.94,90,351.02,351.55,352.3,351.38,369.05,260,350,352.49,-0.4539904997395494,351.32,350.86
369.05,-0.8788171126619647,353.9,373.03,372.65,350.93,780.0,352.22,351.32,351.28,350.89,351.45,368.52,351.47,351.15,351.37,355.98,350.9,90,351.13,351.96,351.62,351.82,361.26,260,350,360.7,-0.47715876025960957,352.08,350.89
369.05,-0.8660254037844388,365.01,373.03,372.65,350.98,780.0,352.26,352.08,351.18,350.92,352.5,368.55,352.61,351.08,352.13,352.62,350.88,90,351.47,355.67,351.24,353.23,354.25,260,350,368.59,-0.4999999999999997,356.18,350.97
369.05,-0.8526401643540891,353.83,372.91,371.73,351.12,780.0,352.28,356.18,351.12,350.99,357.2,368.57,351.78,351.03,352.71,351.78,350.86,390,352.61,365.98,351.07,353.71,352.34,260,650,357.41,-0.522498564715954,352.43,351.02
369.05,-0.8386705679454216,352.24,372.91,371.72,351.36,780.0,352.3,352.43,351.11,351.07,364.54,368.59,351.43,351.02,352.94,351.44,350.85,390,351.78,368.53,350.99,353.74,351.73,260,650,353.25,-0.5446390350150309,351.73,350.97
369.05,-0.824126188622014,351.72,372.91,371.68,351.27,780.0,352.31,351.73,351.32,351.14,353.14,368.59,351.26,351.13,352.99,351.26,350.86,390,351.43,355.69,350.94,353.65,351.44,260,650,352.17,-0.5664062369248352,351.44,350.93
369.06,-0.8090169943749465,351.46,372.88,371.41,351.1,780.0,352.31,351.44,352.08,351.19,351.92,368.6,351.15,351.47,352.98,351.15,350.89,390,351.26,352.63,350.9,353.54,351.28,260,650,351.73,-0.5877852522924745,351.28,350.9
361.32,-0.7933533402912352,351.32,372.72,370.14,351.0,780.0,351.62,351.28,356.18,351.23,351.5,356.03,351.08,352.61,352.94,351.08,350.97,390,351.15,351.84,350.88,353.42,351.18,260,650,351.5,-0.6087614290087207,351.18,350.88
354.28,-0.7771459614569671,351.22,372.1,366.42,350.95,780.0,351.24,351.18,352.43,351.26,351.3,352.63,351.03,351.78,352.88,351.03,351.02,390,351.08,351.5,350.86,353.31,351.12,260,650,351.36,-0.629320391049842,351.12,350.86
352.35,-0.7604059656000282,351.16,370.46,360.96,350.92,780.0,351.08,351.12,351.73,351.27,351.39,351.79,351.0,351.43,352.82,351.02,350.97,390,351.03,351.82,350.85,353.21,351.11,260,650,351.27,-0.6494480483301869,351.07,350.85
351.73,-0.7431448254773925,351.12,367.67,357.17,350.96,780.0,350.99,351.07,351.44,351.28,352.28,351.44,350.98,351.26,352.76,351.13,350.93,390,351.0,354.74,350.86,353.12,351.32,260,650,351.21,-0.6691306063588602,351.04,350.84
351.45,-0.725374371012287,351.09,364.75,355.45,351.09,780.0,350.94,351.04,351.28,351.28,356.2,351.26,350.96,351.15,352.71,351.47,350.9,390,350.98,365.06,350.89,353.04,352.08,260,650,351.18,-0.6883545756937547,351.02,350.83
351.28,-0.7071067811865479,351.07,362.6,354.69,351.32,780.0,350.9,351.02,351.18,351.28,363.84,351.15,350.95,351.08,352.66,352.61,350.88,390,350.96,368.41,350.97,352.97,356.18,260,650,351.16,-0.7071067811865471,351.01,350.83
351.18,-0.6883545756937498,351.07,361.26,354.32,351.6,780.0,350.88,351.01,351.12,351.28,367.05,351.08,350.95,351.03,352.61,351.78,350.86,390,350.95,368.88,351.02,352.91,352.43,260,650,351.15,-0.7253743710122916,351.0,350.83
351.12,-0.6691306063588548,351.06,360.49,354.12,351.84,780.0,350.86,351.0,351.07,351.28,367.94,351.03,350.94,351.0,352.57,351.43,350.85,390,350.95,368.99,350.97,352.86,351.73,260,650,351.14,-0.7431448254773974,350.99,350.82
351.07,-0.6494480483301814,351.06,360.04,354.02,352.02,780.0,350.85,350.99,351.04,351.27,368.28,351.0,350.94,350.98,352.53,351.26,350.84,390,350.94,369.02,350.93,352.81,351.44,260,650,351.14,-0.7604059656000328,350.99,350.82
351.04,-0.6293203910498364,351.05,359.79,353.96,352.13,780.0,350.84,350.99,351.02,351.27,368.44,350.98,350.94,350.96,352.5,351.15,350.83,390,350.94,369.04,350.9,352.77,351.28,260,650,351.14,-0.7771459614569717,350.99,350.82
351.02,-0.6087614290087209,351.05,359.65,353.93,352.21,780.0,350.83,350.99,351.01,351.26,368.51,350.96,350.94,350.95,352.46,351.08,350.83,390,350.94,369.05,350.88,352.73,351.18,260,650,351.13,-0.7933533402912349,350.99,350.82
351.01,-0.5877852522924683,351.05,359.57,353.91,352.25,780.0,350.83,350.99,351.0,351.26,368.55,350.95,350.94,350.95,352.44,351.03,350.83,390,350.94,369.05,350.86,352.69,351.12,260,650,351.13,-0.809016994374951,350.99,350.82
351.0,-0.5664062369248292,351.05,370.04,359.73,352.28,780.0,350.83,350.99,350.99,351.25,368.57,350.95,350.94,350.94,352.41,351.0,350.82,90,350.94,369.05,350.85,352.67,351.07,260,350,351.14,-0.8241261886220181,350.99,350.82
351.04,-0.5446390350150248,351.1,372.91,371.5,352.3,780.0,350.83,350.99,350.99,351.25,368.58,350.97,350.95,350.94,352.39,350.98,350.82,90,350.94,369.05,350.84,352.64,351.04,260,350,351.22,-0.8386705679454256,351.01,350.82
351.18,-0.5224985647159479,351.27,373.03,372.63,351.62,780.0,350.84,351.01,350.99,351.24,355.98,351.05,351.0,350.94,352.37,350.96,350.82,90,350.95,361.26,350.83,352.62,351.02,260,350,351.55,-0.8526401643540928,351.11,350.83
351.62,-0.5000000000000004,351.87,373.03,372.65,351.24,780.0,350.86,351.11,350.99,350.94,352.62,351.27,351.16,350.94,351.1,350.95,350.82,90,351.0,354.25,350.83,351.18,351.01,260,350,353.09,-0.8660254037844384,351.4,350.85
353.46,-0.47715876025960324,355.17,373.03,372.65,351.07,780.0,350.92,351.4,350.99,350.85,351.78,351.92,351.59,350.94,351.0,350.95,350.82,90,351.16,352.34,350.83,351.08,351.0,260,350,363.59,-0.8788171126619682,352.41,350.9
362.45,-0.453990499739543,366.61,373.03,372.65,350.99,780.0,351.04,352.41,350.99,350.84,351.44,354.54,353.11,350.94,351.04,350.94,350.82,90,351.59,351.73,350.82,351.17,350.99,260,350,368.82,-0.8910065241883698,358.21,350.99
368.03,-0.43051109680829275,368.89,373.03,372.65,350.94,780.0,351.25,358.21,351.01,350.86,351.26,362.03,359.14,350.95,351.16,350.94,350.82,90,353.11,351.44,350.82,351.39,350.99,260,350,369.08,-0.9025852843498617,367.09,351.17
368.82,-0.4067366430757985,369.06,373.03,372.65,350.9,780.0,351.52,367.09,351.11,350.89,351.15,366.55,365.51,351.0,351.37,350.94,350.83,90,359.14,351.28,350.82,351.84,350.99,260,350,369.1,-0.9135454576426016,368.68,351.42
356.92,-0.3826834323650895,369.09,373.03,372.65,350.88,780.0,351.34,368.68,351.4,350.94,351.08,353.62,367.48,351.16,351.75,350.94,350.85,90,365.51,351.18,350.82,352.79,350.99,260,350,369.1,-0.9238795325112868,368.93,351.69
352.92,-0.3583679495452949,369.1,373.03,372.65,350.86,780.0,351.13,368.93,352.41,351.0,351.03,352.06,368.1,351.59,352.4,350.94,350.9,90,367.48,351.12,350.82,355.04,350.99,260,350,369.1,-0.9335804264972039,369.0,351.91
351.94,-0.333806859233767,369.1,373.03,372.65,350.85,780.0,351.02,369.0,358.21,351.08,351.02,351.56,368.35,353.11,353.53,350.94,350.99,90,368.1,351.11,350.82,359.22,350.99,260,350,369.11,-0.9426414910921798,369.03,352.06
351.55,-0.30901699437494506,369.1,373.03,372.65,350.86,780.0,350.96,369.03,367.09,351.16,351.13,351.33,368.47,359.14,357.87,350.95,351.17,90,368.35,351.32,350.82,359.76,351.01,260,350,369.11,-0.9510565162951543,369.04,352.16
351.96,-0.2840153447039218,369.1,373.03,372.65,350.89,780.0,350.93,369.04,368.68,351.3,351.47,351.45,368.53,365.51,356.41,351.0,351.42,90,368.47,352.08,350.83,357.39,351.11,260,350,369.11,-0.9588197348681933,369.05,352.23
355.67,-0.25881904510252063,369.1,373.03,372.65,350.97,780.0,350.98,369.05,368.93,351.4,352.61,352.5,368.56,367.48,355.39,351.16,351.69,90,368.53,356.18,350.85,356.2,351.4,260,350,369.11,-0.9659258262890683,369.05,352.27
365.98,-0.23344536385589998,369.1,373.03,372.65,351.02,780.0,351.12,369.05,369.0,351.46,351.78,357.2,368.58,368.1,354.71,351.59,351.91,90,368.56,352.43,350.9,355.43,352.41,260,350,369.11,-0.9723699203976779,369.05,352.29
368.53,-0.2079116908177546,369.1,373.03,372.65,350.97,780.0,351.36,369.05,369.03,351.47,351.43,364.54,368.59,368.35,354.23,353.11,352.06,90,368.58,351.73,350.99,354.87,358.21,260,350,369.11,-0.9781476007338067,369.05,352.3
355.69,-0.18223552549214428,364.29,372.91,371.73,350.93,780.0,351.27,369.05,369.04,351.47,351.26,353.14,355.99,368.47,353.88,359.14,352.16,390,368.59,351.44,351.17,354.46,367.09,260,650,364.97,-0.9832549075639552,361.28,351.62
352.63,-0.1564344650402293,358.38,372.91,371.73,350.9,780.0,351.1,361.28,369.05,351.46,351.15,351.92,352.63,368.53,353.62,365.51,352.23,390,355.99,351.28,351.42,354.13,368.68,260,650,363.16,-0.987688340595138,354.26,351.24
351.84,-0.13052619222005163,353.52,372.91,371.73,350.88,780.0,351.0,354.26,369.05,351.44,351.08,351.5,351.78,368.56,353.41,367.48,352.27,390,352.63,351.18,351.69,353.88,368.93,260,650,356.53,-0.9914448613738104,352.35,351.07
351.5,-0.10452846326764806,352.21,372.91,371.72,350.86,780.0,350.95,352.35,369.05,350.97,351.03,351.3,351.44,368.58,351.18,368.1,352.29,390,351.78,351.12,351.91,351.27,369.0,260,650,353.17,-0.994521895368274,351.73,350.99
351.82,-0.07845909572784114,355.56,373.03,372.65,350.85,780.0,350.92,351.73,369.05,350.87,351.0,351.39,351.67,368.59,351.08,368.35,352.3,90,351.44,351.07,352.06,351.22,369.03,260,350,364.17,-0.9969173337331283,352.54,350.95
354.74,-0.05233595624294076,367.28,373.03,372.65,350.84,780.0,350.96,352.54,361.28,350.87,350.98,352.28,353.52,355.99,351.19,368.47,351.62,90,351.67,351.04,352.16,351.45,369.04,260,350,368.91,-0.998629534754574,359.65,351.02
365.06,-0.026176948307871706,368.94,373.03,372.65,350.83,780.0,351.09,359.65,354.26,350.9,350.96,356.2,360.33,352.63,351.42,368.53,351.24,90,353.52,351.02,352.23,351.95,369.05,260,350,369.09,-0.9996573249755574,367.54,351.2
368.41,-1.8369701987210297e-16,369.07,373.03,372.65,350.83,780.0,351.32,367.54,352.35,350.93,350.95,363.84,365.99,351.78,352.28,368.56,351.07,90,360.33,351.01,352.27,353.58,369.05,260,350,369.1,-1.0,368.75,351.46
368.88,0.02617694830787933,369.09,373.03,372.65,350.83,780.0,351.6,368.75,351.73,351.0,350.95,367.05,367.61,351.44,352.88,368.58,350.99,90,365.99,351.0,352.29,353.99,369.05,260,350,369.1,-0.9996573249755571,368.95,351.73
368.99,0.05233595624294838,369.1,373.03,372.65,350.82,780.0,351.84,368.95,352.54,351.08,350.94,367.94,368.15,351.67,353.09,368.59,350.95,90,367.61,350.99,352.3,353.94,369.05,260,350,369.1,-0.9986295347545736,369.01,351.94
369.02,0.07845909572784786,369.1,373.03,372.65,350.82,780.0,352.02,369.01,359.65,351.15,350.94,368.28,368.37,353.52,353.12,355.99,351.02,90,368.15,350.99,351.62,353.81,361.28,260,350,369.11,-0.9969173337331277,369.03,352.08
369.04,0.10452846326765476,369.1,373.03,372.65,350.82,780.0,352.13,369.03,367.54,351.21,350.94,368.44,368.48,360.33,353.08,352.63,351.2,90,368.37,350.99,351.24,353.66,354.26,260,350,369.11,-0.9945218953682732,369.04,352.17
369.05,0.13052619222005127,369.1,373.03,372.65,350.82,780.0,352.21,369.04,368.75,351.25,350.94,368.51,368.53,365.99,353.01,351.78,351.46,90,368.48,350.99,351.07,353.52,352.35,260,350,369.11,-0.9914448613738105,369.05,352.23
369.05,0.1564344650402368,369.1,373.03,372.65,350.82,780.0,352.25,369.05,368.95,351.27,350.94,368.55,368.56,367.61,352.94,351.44,351.73,90,368.53,350.99,350.99,353.39,351.73,260,350,369.11,-0.9876883405951368,369.05,352.27
369.05,0.18223552549215177,369.1,373.03,372.65,350.82,780.0,352.28,369.05,369.01,351.29,350.94,368.57,368.58,368.15,352.87,351.67,351.94,90,368.56,350.99,350.95,353.28,352.54,260,350,369.11,-0.9832549075639537,369.05,352.29
369.05,0.20791169081776203,369.1,373.03,372.65,350.82,780.0,352.3,369.05,369.03,351.29,350.95,368.58,368.59,368.37,352.81,353.52,352.08,90,368.58,351.01,351.02,353.18,359.65,260,350,369.11,-0.978147600733805,369.05,352.3
361.26,0.23344536385590653,364.29,372.91,371.73,350.83,780.0,351.62,369.05,369.04,351.29,351.0,355.98,355.99,368.48,352.75,360.33,352.17,390,368.59,351.11,351.2,353.09,367.54,260,650,364.97,-0.9723699203976763,361.28,351.62
354.25,0.2588190451025203,358.39,372.91,371.73,350.85,780.0,351.24,361.28,369.05,351.29,351.16,352.62,352.63,368.53,352.69,365.99,352.23,390,355.99,351.4,351.46,353.01,368.75,260,650,363.16,-0.9659258262890684,354.26,351.24
352.34,0.28401534470392825,353.52,372.91,371.73,350.9,780.0,351.07,354.26,369.05,351.29,351.59,351.78,351.78,368.56,352.64,367.61,352.27,390,352.63,352.41,351.73,352.95,368.95,260,650,356.53,-0.9588197348681914,352.35,351.07
351.73,0.30901699437495145,352.21,372.91,371.72,350.99,780.0,350.99,352.35,369.05,350.95,353.11,351.44,351.44,368.58,351.12,368.15,352.29,390,351.78,358.21,351.94,351.2,369.01,260,650,353.17,-0.9510565162951523,351.73,350.99
351.44,0.3338068592337734,355.56,373.03,372.65,351.17,780.0,350.94,351.73,369.05,350.86,359.14,351.26,351.67,368.59,351.02,368.37,352.3,90,351.44,367.09,352.08,351.11,369.03,260,350,364.17,-0.9426414910921775,352.54,350.95
351.28,0.3583679495453012,367.29,373.03,372.65,351.42,780.0,350.9,352.54,361.28,350.85,365.51,351.15,353.53,355.99,351.08,368.48,351.62,90,351.67,368.68,352.17,351.23,369.04,260,350,368.91,-0.9335804264972014,359.66,351.02
351.18,0.38268343236508917,368.94,373.03,372.65,351.69,780.0,350.88,359.66,354.26,350.87,367.48,351.08,360.34,352.63,351.22,368.53,351.24,90,353.53,368.93,352.23,351.51,369.05,260,350,369.09,-0.923879532511287,367.55,351.2
351.12,0.4067366430758054,369.07,373.03,372.65,351.91,780.0,350.86,367.55,352.35,350.91,368.1,351.03,365.99,351.78,351.48,368.56,351.07,90,360.34,369.0,352.27,352.09,369.05,260,350,369.1,-0.9135454576425985,368.75,351.46
351.11,0.43051109680829885,369.09,373.03,372.65,352.06,780.0,350.85,368.75,351.73,350.96,368.35,351.02,367.61,351.44,351.94,368.58,350.99,90,365.99,369.03,352.29,353.38,369.05,260,350,369.1,-0.9025852843498589,368.95,351.73
351.32,0.4539904997395498,369.1,373.03,372.65,352.16,780.0,350.86,368.95,352.54,351.03,368.47,351.13,368.15,351.67,352.72,368.59,350.95,90,367.61,369.04,352.3,356.29,369.05,260,350,369.1,-0.8910065241883663,369.01,351.94
352.08,0.4771587602596099,369.1,373.03,372.65,352.23,780.0,350.89,369.01,359.66,351.1,368.53,351.47,368.37,353.53,354.04,355.99,351.02,90,368.15,369.05,351.62,360.76,361.28,260,350,369.11,-0.8788171126619646,369.03,352.08
356.18,0.5000000000000001,369.1,373.03,372.65,352.27,780.0,350.97,369.03,367.55,351.18,368.56,352.61,368.48,360.34,355.79,352.63,351.2,90,368.37,369.05,351.24,364.25,354.26,260,350,369.11,-0.8660254037844386,369.04,352.17
352.43,0.5224985647159536,369.1,373.03,372.65,352.29,780.0,351.02,369.04,368.75,351.24,368.58,351.78,368.53,365.99,357.67,351.78,351.46,90,368.48,369.05,351.07,366.06,352.35,260,350,369.11,-0.8526401643540893,369.05,352.23
351.73,0.5446390350150304,369.1,373.03,372.65,352.3,780.0,350.97,369.05,368.95,351.3,368.59,351.43,368.56,367.61,359.19,351.44,351.73,90,368.53,369.05,350.99,366.91,351.73,260,350,369.11,-0.8386705679454218,369.05,352.27
351.44,0.5664062369248347,369.1,373.03,372.65,351.62,780.0,350.93,369.05,369.01,351.34,355.99,351.26,368.58,368.15,360.28,351.67,351.94,90,368.56,361.28,350.95,367.34,352.54,260,350,369.11,-0.8241261886220144,369.05,352.29
351.28,0.5877852522924744,369.1,373.03,372.65,351.24,780.0,350.9,369.05,369.03,351.49,352.63,351.15,368.59,368.37,360.44,353.53,352.08,90,368.58,354.26,351.02,360.31,359.66,260,350,369.11,-0.8090169943749465,369.05,352.3
351.18,0.6087614290087199,369.1,373.03,372.65,351.07,780.0,350.88,369.05,369.04,351.66,351.78,351.08,368.59,368.48,357.66,360.34,352.17,90,368.59,352.35,351.2,357.82,367.55,260,350,369.11,-0.7933533402912357,369.05,352.31
351.12,0.6293203910498416,369.1,373.03,372.65,350.99,780.0,350.86,369.05,369.05,351.71,351.44,351.03,368.6,368.53,356.2,365.99,352.23,90,368.59,351.73,351.46,356.61,368.75,260,350,369.11,-0.7771459614569675,369.06,352.32
351.07,0.6494480483301872,369.1,373.03,372.65,350.95,780.0,350.85,369.06,369.05,351.69,351.67,351.0,368.6,368.56,355.27,367.61,352.27,90,368.6,352.54,351.73,355.79,368.95,260,350,369.11,-0.7604059656000279,369.06,352.32
351.04,0.6691306063588605,369.1,373.03,372.65,351.02,780.0,350.84,369.06,369.05,351.01,353.52,350.98,368.6,368.58,351.27,368.15,352.29,90,368.6,359.65,351.94,351.4,369.01,260,350,369.11,-0.7431448254773922,369.06,352.32
351.02,0.688354575693755,364.31,372.91,371.73,351.2,780.0,350.83,369.06,369.05,350.9,360.33,350.96,356.05,368.59,351.25,368.37,352.3,390,368.6,367.54,352.08,351.54,369.03,260,650,364.97,-0.7253743710122866,361.34,351.62
351.01,0.7071067811865474,358.45,372.91,371.73,351.46,780.0,350.83,361.34,369.05,350.92,365.99,350.95,352.64,368.59,351.51,368.48,352.31,390,356.05,368.75,352.17,352.14,369.04,260,650,363.19,-0.7071067811865477,354.29,351.24
351.0,0.7253743710122919,353.53,372.91,371.73,351.73,780.0,350.83,354.29,369.06,350.97,367.61,350.95,351.79,368.6,351.99,368.53,352.32,390,352.64,368.95,352.23,353.54,369.05,260,650,356.58,-0.6883545756937495,352.35,351.08
350.99,0.7431448254773967,352.22,372.91,371.72,351.94,780.0,350.82,352.35,369.06,351.02,368.15,350.94,351.44,368.6,354.03,368.56,352.32,390,351.79,369.01,352.27,357.15,369.05,260,650,353.18,-0.6691306063588555,351.73,350.99
350.99,0.7604059656000328,355.61,373.03,372.65,352.08,780.0,350.82,351.73,369.06,351.12,368.37,350.94,351.68,368.6,354.43,368.58,352.32,90,351.44,369.03,352.29,356.04,369.05,260,350,364.24,-0.6494480483301814,352.55,350.95
350.99,0.7771459614569722,367.31,373.03,372.65,352.17,780.0,350.82,352.55,361.34,351.21,368.48,350.94,353.55,356.05,354.22,368.59,351.62,90,351.68,369.04,352.3,355.28,369.05,260,350,368.91,-0.6293203910498358,359.72,351.02
350.99,0.7933533402912349,368.94,373.03,372.65,352.23,780.0,350.82,359.72,354.29,351.29,368.53,350.94,360.38,352.64,353.95,368.59,351.24,90,353.55,369.05,352.31,354.76,369.05,260,350,369.09,-0.6087614290087209,367.56,351.2
350.99,0.809016994374951,369.07,373.03,372.65,352.27,780.0,350.82,367.56,352.35,351.33,368.56,350.94,366.01,351.79,353.7,368.6,351.08,90,360.38,369.05,352.32,354.37,369.06,260,350,369.1,-0.5877852522924683,368.75,351.46
350.99,0.8241261886220181,361.81,372.91,371.73,352.29,780.0,350.82,368.75,351.73,351.36,368.58,350.94,353.45,351.44,353.5,368.6,350.99,390,366.01,369.05,352.32,354.06,369.06,260,650,364.44,-0.5664062369248293,356.49,351.32
351.01,0.8386705679454255,354.72,372.91,371.73,352.3,780.0,350.82,356.49,352.55,351.37,368.59,350.95,352.01,351.68,353.32,368.6,350.95,390,353.45,369.05,352.32,353.82,369.06,260,650,359.33,-0.5446390350150248,352.82,351.12
351.11,0.8526401643540928,352.56,372.91,371.73,351.62,780.0,350.83,352.82,359.72,351.37,355.99,351.0,351.54,353.55,353.18,356.05,351.02,390,352.01,361.28,351.62,353.63,361.34,260,650,354.0,-0.5224985647159479,351.91,351.01
351.4,0.8660254037844384,351.87,372.91,371.71,351.24,780.0,350.85,351.91,367.56,351.36,352.63,351.16,351.32,360.38,353.06,352.64,351.2,390,351.54,354.26,351.24,353.47,354.29,260,650,352.44,-0.5000000000000004,351.53,350.95
352.41,0.8788171126619677,351.54,372.9,371.57,351.07,780.0,350.9,351.53,368.75,351.35,351.78,351.59,351.19,366.01,352.96,351.79,351.46,390,351.32,352.35,351.08,353.33,352.35,260,650,351.86,-0.4771587602596041,351.34,350.91
358.21,0.8910065241883698,351.36,372.8,370.82,350.99,780.0,350.99,351.34,356.49,351.34,351.44,353.11,351.11,353.45,352.87,351.44,351.32,390,351.19,351.73,350.99,353.22,351.73,260,650,351.57,-0.45399049973954303,351.22,350.89
367.09,0.9025852843498621,351.25,372.42,368.15,350.95,780.0,351.17,351.22,352.82,351.33,351.67,359.14,351.05,352.01,352.79,351.68,351.12,390,351.11,352.54,350.95,353.12,352.55,260,650,351.4,-0.430511096808292,351.14,350.87
368.68,0.9135454576426013,351.18,371.23,362.97,351.02,780.0,351.42,351.14,351.91,350.95,353.53,365.51,351.01,351.54,351.14,353.55,351.01,390,351.05,359.66,351.02,351.22,359.72,260,650,351.3,-0.4067366430757993,351.09,350.85
368.93,0.9238795325112868,351.13,368.8,358.28,351.2,780.0,351.69,351.09,351.53,350.86,360.34,367.48,350.99,351.32,351.03,360.38,350.95,390,351.01,367.55,351.2,351.13,367.56,260,650,351.23,-0.38268343236508956,351.05,350.84
369.0,0.9335804264972037,351.1,365.78,355.93,351.46,780.0,351.91,351.05,351.34,350.85,365.99,368.1,350.97,351.19,351.1,366.01,350.91,390,350.99,368.75,351.46,351.27,368.75,260,650,351.19,-0.35836794954529494,351.03,350.84
369.03,0.9426414910921798,351.08,363.3,354.91,351.73,780.0,352.06,351.03,351.22,350.88,367.61,368.35,350.96,351.11,351.26,353.45,350.89,390,350.97,368.95,351.32,351.59,356.49,260,650,351.17,-0.33380685923376713,351.01,350.83
369.04,0.9510565162951543,351.07,361.69,354.43,351.94,780.0,352.16,351.01,351.14,350.9,368.15,368.47,350.95,351.05,351.84,352.01,350.87,390,350.96,369.01,351.12,352.6,352.82,260,650,351.15,-0.3090169943749451,351.0,350.83
369.05,0.9588197348681935,351.06,360.73,354.18,352.08,780.0,352.23,351.0,351.09,350.96,368.37,368.53,350.94,351.01,352.35,351.54,350.85,390,350.95,369.03,351.01,353.14,351.91,260,650,351.14,-0.284015344703921,351.0,350.83
369.05,0.9659258262890681,351.06,360.18,354.05,352.17,780.0,352.27,351.0,351.05,351.03,368.48,368.56,350.94,350.99,352.62,351.32,350.84,390,350.94,369.04,350.95,353.29,351.53,260,650,351.14,-0.25881904510252157,350.99,350.82
369.05,0.9723699203976779,351.05,359.87,353.98,352.23,780.0,352.29,350.99,351.03,351.1,368.53,368.58,350.94,350.97,352.73,351.19,350.84,390,350.94,369.05,350.91,353.3,351.34,260,650,351.14,-0.23344536385590003,350.99,350.82
369.05,0.9781476007338067,351.05,359.69,353.94,352.27,780.0,352.3,350.99,351.01,350.92,368.56,368.59,350.94,350.96,351.1,351.11,350.83,390,350.94,369.05,350.89,351.18,351.22,260,650,351.13,-0.20791169081775465,350.99,350.82
361.28,0.983254907563955,351.05,359.59,353.92,352.29,780.0,351.62,350.99,351.0,350.86,368.58,355.99,350.94,350.95,351.04,351.05,350.83,390,350.94,369.05,350.87,351.16,351.14,260,650,351.13,-0.18223552549214522,350.99,350.82
354.26,0.987688340595138,351.05,359.53,353.9,352.3,780.0,351.24,350.99,351.0,350.86,368.59,352.63,350.94,350.94,351.14,351.01,350.83,390,350.94,369.05,350.85,351.34,351.09,260,650,351.13,-0.15643446504022934,350.99,350.82
352.35,0.9914448613738104,351.05,359.5,353.9,352.31,780.0,351.07,350.99,350.99,350.89,368.59,351.78,350.94,350.94,351.33,350.99,350.82,390,350.94,369.05,350.84,351.73,351.05,260,650,351.13,-0.13052619222005168,350.99,350.82
351.73,0.994521895368274,351.05,359.48,353.89,352.32,780.0,350.99,350.99,350.99,350.93,368.6,351.44,350.94,350.94,351.66,350.97,350.82,390,350.94,369.06,350.84,352.55,351.03,260,650,351.13,-0.10452846326764724,350.99,350.82
352.54,0.9969173337331283,351.05,369.96,359.58,352.32,780.0,350.95,350.99,350.99,350.99,368.6,351.67,350.94,350.94,352.26,350.96,350.82,90,350.94,369.06,350.83,354.49,351.01,260,350,351.14,-0.0784590957278412,350.99,350.82
359.65,0.998629534754574,351.1,372.9,371.45,352.32,780.0,351.02,350.99,350.99,351.06,368.6,353.52,350.95,350.94,353.28,350.95,350.82,90,350.94,369.06,350.83,358.37,351.0,260,350,351.21,-0.05233595624294082,351.01,350.82
367.54,0.9996573249755573,351.27,373.03,372.62,351.62,780.0,351.2,351.01,350.99,351.14,356.05,360.33,351.0,350.94,354.81,350.94,350.82,90,350.95,361.34,350.83,362.62,351.0,260,350,351.54,-0.026176948307872656,351.11,350.83
368.75,1.0,351.85,373.03,372.65,351.24,780.0,351.46,351.11,350.99,351.24,352.64,365.99,351.16,350.94,359.11,350.94,350.82,90,351.0,354.29,350.82,360.07,350.99,260,350,353.04,0.0,351.39,350.85
368.95,0.9996573249755571,351.65,372.91,371.68,351.08,780.0,351.73,351.39,350.99,351.39,351.79,367.61,351.19,350.94,356.98,350.94,350.82,390,351.16,352.35,350.82,357.61,350.99,260,650,352.1,0.026176948307879103,351.37,350.88
369.01,0.9986295347545736,351.42,372.87,371.34,350.99,780.0,351.94,351.37,350.99,351.49,351.44,368.15,351.12,350.94,355.73,350.94,350.82,390,351.19,351.73,350.82,356.39,350.99,260,650,351.68,0.05233595624294829,351.24,350.88
369.03,0.9969173337331277,351.29,372.67,369.77,350.95,780.0,352.08,351.24,351.01,351.53,351.68,368.37,351.06,350.95,354.93,350.94,350.82,390,351.12,352.55,350.82,355.59,350.99,260,650,351.46,0.07845909572784791,351.16,350.87
369.04,0.9945218953682732,351.2,371.92,365.55,351.02,780.0,352.17,351.16,351.11,351.53,353.55,368.48,351.02,351.0,354.39,350.94,350.83,390,351.06,359.72,350.82,355.0,350.99,260,650,351.34,0.10452846326765494,351.1,350.86
369.05,0.9914448613738104,351.15,370.04,360.12,351.2,780.0,352.23,351.1,351.39,350.89,360.38,368.53,350.99,351.16,351.09,350.94,350.85,390,351.02,367.56,350.82,351.19,350.99,260,650,351.26,0.13052619222005157,351.06,350.85
369.05,0.9876883405951368,351.11,367.13,356.75,351.46,780.0,352.27,351.06,351.37,350.88,366.01,368.56,350.97,351.19,351.16,350.94,350.88,390,350.99,368.75,350.82,351.37,350.99,260,650,351.21,0.15643446504023675,351.04,350.84
369.05,0.9832549075639537,351.09,364.3,355.27,351.32,780.0,352.29,351.04,351.24,350.9,353.45,368.58,350.96,351.12,351.53,350.94,350.88,390,350.97,356.49,350.82,352.23,350.99,260,650,351.18,0.18223552549215186,351.02,350.83
369.05,0.978147600733805,351.07,362.31,354.6,351.12,780.0,352.3,351.02,351.16,350.98,352.01,368.59,350.95,351.06,352.86,350.95,350.87,390,350.96,352.82,350.82,357.21,351.01,260,650,351.16,0.20791169081776223,351.01,350.83
361.28,0.9723699203976762,351.06,361.09,354.27,351.01,780.0,351.62,351.01,351.1,351.15,351.54,355.99,350.94,351.02,358.43,351.0,350.86,390,350.95,351.91,350.83,366.75,351.11,260,650,351.15,0.23344536385590683,351.0,350.83
354.26,0.9659258262890683,351.06,360.39,354.1,350.95,780.0,351.24,351.0,351.06,351.4,351.32,352.63,350.94,350.99,365.18,351.16,350.85,390,350.94,351.53,350.85,368.63,351.39,260,650,351.14,0.25881904510252074,350.99,350.82
352.35,0.9588197348681914,351.06,359.99,354.01,350.91,780.0,351.07,350.99,351.04,351.67,351.19,351.78,350.94,350.97,367.39,351.19,350.84,390,350.94,351.34,350.88,368.92,351.37,260,650,351.14,0.2840153447039283,350.99,350.82
351.73,0.9510565162951522,351.05,359.76,353.95,350.89,780.0,350.99,350.99,351.02,351.9,351.11,351.44,350.94,350.96,368.06,351.12,350.83,390,350.94,351.22,350.88,369.0,351.24,260,650,351.14,0.30901699437495167,350.99,350.82
352.54,0.9426414910921774,351.05,359.63,353.93,350.87,780.0,350.95,350.99,351.01,352.05,351.05,351.67,350.94,350.95,368.34,351.06,350.83,390,350.94,351.14,350.87,369.03,351.16,260,650,351.13,0.33380685923377373,350.99,350.82
359.66,0.9335804264972012,351.05,359.56,353.91,350.85,780.0,351.02,350.99,351.0,352.16,351.01,353.53,350.94,350.94,368.46,351.02,350.83,390,350.94,351.09,350.86,369.04,351.1,260,650,351.13,0.3583679495453016,350.99,350.82
367.55,0.9238795325112867,351.05,359.51,353.9,350.84,780.0,351.2,350.99,350.99,352.22,350.99,360.34,350.94,350.94,368.52,350.99,350.82,390,350.94,351.05,350.85,369.05,351.06,260,650,351.13,0.3826834323650898,350.99,350.82
368.75,0.9135454576425985,351.05,359.49,353.89,350.84,780.0,351.46,350.99,350.99,352.26,350.97,365.99,350.94,350.94,368.56,350.97,350.82,390,350.94,351.03,350.84,369.05,351.04,260,650,351.13,0.4067366430758056,350.99,350.82
368.95,0.9025852843498587,351.05,359.47,353.89,350.83,780.0,351.73,350.99,350.99,352.29,350.96,367.61,350.94,350.94,368.58,350.96,350.82,390,350.94,351.01,350.83,369.05,351.02,260,650,351.13,0.43051109680829913,350.99,350.82
369.01,0.8910065241883666,351.05,359.47,353.89,350.83,780.0,351.94,350.99,350.99,352.3,350.95,368.15,350.94,350.94,368.59,350.95,350.82,390,350.94,351.0,350.83,369.05,351.01,260,650,351.13,0.4539904997395494,350.99,350.82
369.03,0.8788171126619647,351.05,359.46,353.89,350.83,780.0,352.08,350.99,350.99,352.31,350.94,368.37,350.94,350.94,368.59,350.94,350.82,390,350.94,351.0,350.83,369.05,351.0,260,650,351.13,0.4771587602596097,350.99,350.82
369.04,0.8660254037844387,351.05,359.46,353.89,350.82,780.0,352.17,350.99,350.99,352.31,350.94,368.48,350.94,350.94,368.6,350.94,350.82,390,350.94,350.99,350.82,369.06,350.99,260,650,351.13,0.49999999999999994,350.99,350.82
369.05,0.8526401643540892,351.05,359.46,353.89,350.82,780.0,352.23,350.99,350.99,352.32,350.94,368.53,350.94,350.94,368.6,350.94,350.82,390,350.94,350.99,350.82,369.06,350.99,260,650,351.13,0.5224985647159539,350.99,350.82
369.05,0.8386705679454216,351.05,359.46,353.89,350.82,780.0,352.27,350.99,350.99,352.32,350.94,368.56,350.94,350.94,368.6,350.94,350.82,390,350.94,350.99,350.82,369.06,350.99,260,650,351.13,0.5446390350150309,350.99,350.82
369.05,0.824126188622014,351.05,359.46,353.89,350.82,780.0,352.29,350.99,350.99,352.32,350.94,368.58,350.94,350.94,368.6,350.94,350.82,390,350.94,350.99,350.82,369.06,350.99,260,650,351.13,0.5664062369248353,350.99,350.82
369.05,0.8090169943749466,351.05,359.45,353.89,350.82,780.0,352.3,350.99,350.99,352.32,350.94,368.59,350.94,350.94,368.6,350.94,350.82,390,350.94,350.99,350.82,369.06,350.99,260,650,351.13,0.5877852522924742,350.99,350.82
369.05,0.7933533402912352,351.05,369.94,359.54,350.82,780.0,352.31,350.99,350.99,352.32,350.94,368.59,350.94,350.94,368.6,350.94,350.82,90,350.94,350.99,350.82,369.06,350.99,260,350,351.14,0.6087614290087207,350.99,350.82
369.06,0.7771459614569671,351.09,372.9,371.43,350.82,780.0,352.32,350.99,350.99,352.32,350.94,368.6,350.95,350.94,368.6,350.94,350.82,90,350.94,350.99,350.82,369.06,350.99,260,350,351.21,0.629320391049842,351.01,350.82
369.06,0.760405965600028,351.27,373.03,372.62,350.82,780.0,352.32,351.01,350.99,352.32,350.94,368.6,351.0,350.94,368.6,350.94,350.82,90,350.95,350.99,350.82,369.06,350.99,260,350,351.54,0.649448048330187,351.11,350.83
369.06,0.7431448254773922,351.85,373.03,372.65,350.82,780.0,352.32,351.11,350.99,352.32,350.95,368.6,351.16,350.94,368.6,350.94,350.82,90,351.0,351.01,350.82,369.06,350.99,260,350,353.03,0.6691306063588603,351.39,350.85
361.34,0.7253743710122866,351.65,372.91,371.68,350.83,780.0,351.62,351.39,350.99,352.32,351.0,356.05,351.19,350.94,368.6,350.94,350.82,390,351.16,351.11,350.82,369.06,350.99,260,650,352.1,0.688354575693755,351.37,350.88
354.29,0.7071067811865476,351.42,372.87,371.34,350.85,780.0,351.24,351.37,350.99,352.32,351.16,352.64,351.12,350.94,368.6,350.94,350.82,390,351.19,351.39,350.82,369.06,350.99,260,650,351.67,0.7071067811865475,351.24,350.88
352.35,0.6883545756937497,351.29,372.66,369.76,350.88,780.0,351.08,351.24,351.01,352.32,351.19,351.79,351.06,350.95,368.6,350.94,350.82,390,351.12,351.37,350.82,369.06,350.99,260,650,351.46,0.7253743710122917,351.16,350.87
351.73,0.669130606358855,351.2,371.91,365.52,350.88,780.0,350.99,351.16,351.11,352.32,351.12,351.44,351.02,351.0,368.6,350.94,350.83,390,351.06,351.24,350.82,369.06,350.99,260,650,351.34,0.7431448254773971,351.1,350.86
352.55,0.6494480483301814,351.23,373.02,372.56,350.87,780.0,350.95,351.1,351.39,352.32,351.06,351.68,351.01,351.16,368.6,350.94,350.85,90,351.02,351.16,350.82,369.06,350.99,260,350,351.42,0.7604059656000328,351.1,350.85
359.72,0.6293203910498363,351.61,373.03,372.65,350.86,780.0,351.02,351.1,351.37,352.32,351.02,353.55,351.11,351.19,368.6,350.94,350.88,90,351.01,351.1,350.82,369.06,350.99,260,350,352.33,0.7771459614569718,351.29,350.85
367.56,0.6087614290087207,353.5,373.03,372.65,350.85,780.0,351.2,351.29,351.24,352.32,350.99,360.38,351.42,351.12,368.6,350.94,350.88,90,351.11,351.06,350.82,369.06,350.99,260,350,359.42,0.7933533402912352,351.97,350.88
368.75,0.5877852522924684,364.09,373.03,372.65,350.84,780.0,351.46,351.97,351.16,352.32,350.97,366.01,352.44,351.06,368.6,350.95,350.87,90,351.42,351.04,350.82,369.06,351.01,260,350,368.44,0.8090169943749509,355.47,350.96
356.49,0.5664062369248292,368.7,373.03,372.65,350.83,780.0,351.32,355.47,351.1,351.62,350.96,353.45,356.84,351.02,356.05,351.0,350.86,90,352.44,351.02,350.83,361.35,351.11,260,350,369.06,0.8241261886220181,365.68,351.11
352.82,0.5446390350150246,369.04,373.03,372.65,350.83,780.0,351.12,365.68,351.1,351.24,350.95,352.01,364.29,351.01,352.64,351.16,350.85,90,356.84,351.01,350.85,354.3,351.39,260,350,369.1,0.8386705679454256,368.48,351.35
351.91,0.5224985647159476,369.09,373.03,372.65,350.83,780.0,351.01,368.48,351.29,351.08,350.94,351.54,367.16,351.11,351.79,351.19,350.85,90,364.29,351.0,350.88,352.35,351.37,260,350,369.1,0.8526401643540931,368.9,351.62
351.53,0.5000000000000001,369.09,373.03,372.65,350.82,780.0,350.95,368.9,351.97,350.99,350.94,351.32,367.98,351.42,351.44,351.12,350.88,90,367.16,350.99,350.88,351.73,351.24,260,350,369.1,0.8660254037844386,368.99,351.86
351.34,0.4771587602596033,363.54,372.91,371.73,350.82,780.0,350.91,368.99,355.47,350.95,350.94,351.19,354.6,352.44,351.68,351.06,350.96,390,367.98,350.99,350.87,352.55,351.16,260,650,364.83,0.8788171126619682,359.14,351.47
351.22,0.45399049973954286,356.48,372.91,371.73,350.82,780.0,350.89,359.14,365.68,351.02,350.94,351.11,352.31,356.84,353.55,351.02,351.11,390,354.6,350.99,350.86,359.73,351.1,260,650,361.78,0.8910065241883699,353.48,351.18
351.14,0.43051109680829247,353.01,372.91,371.73,350.82,780.0,350.87,353.48,368.48,351.2,350.94,351.05,351.67,364.29,360.39,351.01,351.35,390,352.31,350.99,350.85,367.56,351.1,260,650,355.19,0.9025852843498618,352.13,351.05
351.09,0.406736643075799,352.04,372.91,371.72,350.82,780.0,350.85,352.13,368.9,351.46,350.94,351.01,351.38,367.16,366.01,351.11,351.62,390,351.67,350.99,350.85,368.75,351.29,260,650,352.8,0.9135454576426014,351.64,350.97
351.05,0.38268343236508984,354.28,373.03,372.65,350.82,780.0,350.84,351.64,368.99,351.73,350.94,350.99,351.55,367.98,367.61,351.42,351.86,90,351.38,350.99,350.88,368.95,351.97,260,350,361.68,0.9238795325112867,352.22,350.94
351.03,0.3583679495452948,366.17,373.03,372.65,350.82,780.0,350.84,352.22,359.14,351.94,350.94,350.97,352.94,354.6,368.15,352.44,351.47,90,351.55,350.99,350.96,369.01,355.47,260,350,368.76,0.9335804264972039,357.51,351.0
351.01,0.33380685923376674,368.87,373.03,372.65,350.82,780.0,350.83,357.51,353.48,352.08,350.94,350.96,358.81,352.31,368.37,356.84,351.18,90,352.94,350.99,351.11,369.03,365.68,260,350,369.08,0.9426414910921799,366.94,351.16
351.0,0.30901699437494473,369.06,373.03,372.65,350.82,780.0,350.83,366.94,352.13,352.18,350.94,350.95,365.37,351.67,368.48,364.29,351.05,90,358.81,350.99,351.35,369.04,368.48,260,350,369.1,0.9510565162951544,368.66,351.41
351.0,0.28401534470392126,369.09,373.03,372.65,350.82,780.0,350.83,368.66,351.64,351.58,350.94,350.94,367.44,351.38,355.59,367.16,350.97,90,365.37,350.99,351.62,360.77,368.9,260,350,369.1,0.9588197348681935,368.93,351.69
350.99,0.25881904510252074,369.1,373.03,372.65,350.82,780.0,350.82,368.93,352.22,351.23,350.94,350.94,368.08,351.55,352.54,367.98,350.94,90,367.44,350.99,351.86,354.04,368.99,260,350,369.1,0.9659258262890683,369.0,351.9
350.99,0.23344536385589965,369.1,373.03,372.65,350.82,780.0,350.82,369.0,357.51,351.07,350.94,350.94,368.34,352.94,351.75,354.6,351.0,90,368.08,350.99,351.47,352.29,359.14,260,350,369.11,0.972369920397678,369.03,352.06
350.99,0.20791169081775512,369.1,373.03,372.65,350.82,780.0,350.82,369.03,366.94,350.98,350.94,350.94,368.47,358.81,351.42,352.31,351.16,90,368.34,350.99,351.18,351.7,353.48,260,350,369.11,0.9781476007338066,369.04,352.16
350.99,0.1822355254921444,369.1,373.03,372.65,350.82,780.0,350.82,369.04,368.66,350.95,350.94,350.94,368.53,365.37,351.64,351.67,351.41,90,368.47,350.99,351.05,352.45,352.13,260,350,369.11,0.9832549075639552,369.05,352.23
350.99,0.1564344650402294,369.1,373.03,372.65,350.82,780.0,350.82,369.05,368.93,351.01,350.94,350.94,368.56,367.44,353.36,351.38,351.69,90,368.53,350.99,350.97,359.1,351.64,260,350,369.11,0.987688340595138,369.05,352.26
350.99,0.1305261922200517,369.1,373.03,372.65,350.82,780.0,350.82,369.05,369.0,351.19,350.94,350.94,368.58,368.08,359.96,351.55,351.9,90,368.56,350.99,350.94,367.41,352.22,260,350,369.11,0.9914448613738104,369.05,352.29
350.99,0.10452846326764771,369.1,373.03,372.65,350.82,780.0,350.82,369.05,369.03,351.45,350.95,350.94,368.59,368.34,365.85,352.94,352.06,90,368.58,351.01,351.0,368.73,357.51,260,350,369.11,0.994521895368274,369.05,352.3
350.99,0.07845909572784035,369.1,373.03,372.65,350.83,780.0,350.82,369.05,369.04,351.72,351.0,350.94,368.59,368.47,367.57,358.81,352.16,90,368.59,351.11,351.16,368.94,366.94,260,350,369.11,0.9969173337331283,369.05,352.31
351.01,0.052335956242940865,369.1,373.03,372.65,350.85,780.0,350.82,369.05,369.05,351.93,351.16,350.95,368.6,368.53,368.13,365.37,352.23,90,368.59,351.39,351.41,369.01,368.66,260,350,369.11,0.998629534754574,369.06,352.31
351.11,0.026176948307871584,369.1,373.03,372.65,350.88,780.0,350.83,369.06,369.05,352.08,351.19,351.0,368.6,368.56,368.37,367.44,352.26,90,368.6,351.37,351.69,369.03,368.93,260,350,369.11,0.9996573249755574,369.06,352.32
351.39,6.123233995736766e-17,369.1,373.03,372.65,350.88,780.0,350.85,369.06,369.05,352.17,351.12,351.16,368.6,368.58,368.48,368.08,352.29,90,368.6,351.24,351.9,369.04,369.0,260,350,369.11,1.0,369.06,352.32
351.37,-0.02617694830787923,369.1,373.03,372.65,350.87,780.0,350.88,369.06,369.05,351.58,351.06,351.19,368.6,368.59,355.58,368.34,352.3,90,368.6,351.16,352.06,360.76,369.03,260,350,369.11,0.9996573249755571,369.06,352.32
351.24,-0.052335956242948276,369.1,373.03,372.65,350.86,780.0,350.88,369.06,369.05,351.22,351.02,351.12,368.6,368.59,352.54,368.47,352.31,90,368.6,351.1,352.16,354.03,369.04,260,350,369.11,0.9986295347545736,369.06,352.32
351.16,-0.07845909572784798,369.1,373.03,372.65,350.85,780.0,350.87,369.06,369.06,351.07,351.01,351.06,368.6,368.6,351.75,368.53,352.31,90,368.6,351.1,352.23,352.28,369.05,260,350,369.11,0.9969173337331277,369.06,352.32
351.1,-0.10452846326765487,369.1,373.03,372.65,350.85,780.0,350.86,369.06,369.06,350.98,351.11,351.02,368.6,368.6,351.42,368.56,352.32,90,368.6,351.29,352.26,351.7,369.05,260,350,369.11,0.9945218953682732,369.06,352.32
351.06,-0.1305261922200516,364.31,372.91,371.73,350.88,780.0,350.85,369.06,369.06,350.93,351.42,350.99,356.05,368.6,351.25,368.58,352.32,390,368.6,351.97,352.29,351.43,369.05,260,650,364.97,0.9914448613738104,361.35,351.62
351.04,-0.15643446504023673,358.46,372.91,371.73,350.96,780.0,350.84,361.35,369.06,350.9,352.44,350.97,352.64,368.6,351.15,368.59,352.32,390,356.05,355.47,352.3,351.28,369.05,260,650,363.2,0.9876883405951368,354.3,351.24
351.02,-0.1822355254921519,353.54,372.91,371.73,351.11,780.0,350.83,354.3,369.06,350.88,356.84,350.96,351.79,368.6,351.08,368.59,352.32,390,352.64,365.68,352.31,351.18,369.05,260,650,356.58,0.9832549075639537,352.35,351.08
351.01,-0.20791169081776217,352.22,372.91,371.72,351.35,780.0,350.83,352.35,369.06,350.86,364.29,350.95,351.44,368.6,351.03,368.6,352.32,390,351.79,368.48,352.31,351.11,369.06,260,650,353.19,0.978147600733805,351.73,350.99
351.0,-0.23344536385590686,351.72,372.91,371.68,351.62,780.0,350.83,351.73,369.06,350.85,367.16,350.94,351.26,368.6,351.02,368.6,352.32,390,351.44,368.9,352.32,351.11,369.06,260,650,352.17,0.9723699203976762,351.45,350.94
350.99,-0.25881904510252063,351.46,372.88,371.41,351.86,780.0,350.82,351.45,361.35,350.85,367.98,350.94,351.15,356.05,351.12,368.6,351.62,390,351.26,368.99,352.32,351.31,369.06,260,650,351.73,0.9659258262890683,351.28,350.9
350.99,-0.28401534470392836,351.32,372.71,370.13,351.47,780.0,350.82,351.28,354.3,350.89,354.6,350.94,351.08,352.64,351.45,368.6,351.24,390,351.15,359.14,352.32,352.04,369.06,260,650,351.5,0.9588197348681914,351.18,350.88
350.99,-0.30901699437495156,351.22,372.09,366.38,351.18,780.0,350.82,351.18,352.35,350.96,352.31,350.94,351.04,351.79,352.55,368.6,351.08,390,351.08,353.48,352.32,355.89,369.06,260,650,351.36,0.9510565162951522,351.12,350.86
350.99,-0.33380685923377373,351.25,373.02,372.58,351.05,780.0,350.82,351.12,351.73,351.12,351.67,350.94,351.02,351.44,357.26,368.6,350.99,90,351.04,352.13,352.32,366.02,369.06,260,350,351.46,0.9426414910921774,351.11,350.85
350.99,-0.3583679495453015,351.68,373.03,372.65,350.97,780.0,350.82,351.11,351.45,351.36,351.38,350.94,351.13,351.26,364.55,368.6,350.94,90,351.02,351.64,352.32,368.53,369.06,260,350,352.5,0.9335804264972013,351.32,350.86
350.99,-0.3826834323650895,353.93,373.03,372.65,350.94,780.0,350.82,351.32,351.28,351.64,351.55,350.94,351.47,351.15,367.23,356.05,350.9,90,351.13,352.22,351.62,368.9,361.35,260,350,360.79,0.9238795325112868,352.09,350.89
350.99,-0.40673664307580554,365.06,373.03,372.65,351.0,780.0,350.82,352.09,351.18,351.87,352.94,350.94,352.63,351.08,368.0,352.64,350.88,90,351.47,357.51,351.24,368.99,354.3,260,350,368.6,0.9135454576425985,356.23,350.97
350.99,-0.43051109680829935,368.78,373.03,372.65,351.16,780.0,350.82,356.23,351.12,352.03,358.81,350.94,357.57,351.04,368.31,351.79,350.86,90,352.63,366.94,351.08,369.03,352.35,260,350,369.07,0.9025852843498586,366.24,351.13
350.99,-0.45399049973954947,369.05,373.03,372.65,351.41,780.0,350.82,366.24,351.11,352.15,365.37,350.94,364.73,351.02,368.45,351.44,350.85,90,357.57,368.66,350.99,369.04,351.73,260,350,369.1,0.8910065241883665,368.56,351.37
350.99,-0.4771587602596096,369.09,373.03,372.65,351.69,780.0,350.82,368.56,351.32,352.22,367.44,350.94,367.28,351.13,368.52,351.26,350.86,90,364.73,368.93,350.94,369.05,351.45,260,350,369.1,0.8788171126619647,368.91,351.65
350.99,-0.4999999999999998,369.09,373.03,372.65,351.9,780.0,350.82,368.91,352.09,352.26,368.08,350.94,368.02,351.47,368.55,351.15,350.89,90,367.28,369.0,350.9,369.05,351.28,260,350,369.1,0.8660254037844387,368.99,351.88
350.99,-0.5224985647159541,363.58,372.91,371.73,352.06,780.0,350.82,368.99,356.23,352.28,368.34,350.94,354.65,352.63,368.57,351.08,350.97,390,368.02,369.03,350.88,369.05,351.18,260,650,364.84,0.8526401643540891,359.25,351.48
350.99,-0.5446390350150309,356.56,372.91,371.73,352.16,780.0,350.82,359.25,366.24,352.3,368.47,350.94,352.32,357.57,368.59,351.04,351.13,390,354.65,369.04,350.86,369.05,351.12,260,650,361.85,0.8386705679454216,353.51,351.19
350.99,-0.5664062369248352,353.03,372.91,371.73,352.23,780.0,350.82,353.51,368.56,352.31,368.53,350.94,351.67,364.73,368.59,351.02,351.37,390,352.32,369.05,350.85,369.05,351.11,260,650,355.25,0.824126188622014,352.14,351.05
350.99,-0.5877852522924741,352.05,372.91,371.72,352.26,780.0,350.82,352.14,368.91,352.31,368.56,350.94,351.38,367.28,368.6,351.13,351.65,390,351.67,369.05,350.86,369.06,351.32,260,650,352.82,0.8090169943749467,351.64,350.97
350.99,-0.6087614290087207,354.33,373.03,372.65,352.29,780.0,350.82,351.64,368.99,351.62,368.58,350.94,351.56,368.02,356.03,351.47,351.88,90,351.38,369.05,350.89,361.32,352.09,260,350,361.81,0.7933533402912352,352.23,350.94
351.01,-0.629320391049842,366.24,373.03,372.65,352.3,780.0,350.82,352.23,359.25,351.24,368.59,350.95,352.97,354.65,352.63,352.63,351.48,90,351.56,369.05,350.97,354.28,356.23,260,350,368.77,0.7771459614569671,357.61,351.0
351.11,-0.649448048330187,368.87,373.03,372.65,352.31,780.0,350.83,357.61,353.51,351.08,368.59,351.0,358.88,352.32,351.79,357.57,351.19,90,352.97,369.05,351.13,352.35,366.24,260,350,369.08,0.7604059656000282,366.97,351.16
351.39,-0.6691306063588602,369.06,373.03,372.65,352.31,780.0,350.85,366.97,352.14,350.99,368.6,351.16,365.41,351.67,351.44,364.73,351.05,90,358.88,369.06,351.37,351.73,368.56,260,350,369.1,0.7431448254773925,368.66,351.41
351.37,-0.6883545756937551,369.09,373.03,372.65,352.32,780.0,350.88,368.66,351.64,350.94,368.6,351.19,367.45,351.38,351.26,367.28,350.97,90,365.41,369.06,351.65,351.45,368.91,260,350,369.1,0.7253743710122866,368.93,351.69
351.24,-0.7071067811865475,369.1,373.03,372.65,352.32,780.0,350.88,368.93,352.23,350.9,368.6,351.12,368.08,351.56,351.15,368.02,350.94,90,367.45,369.06,351.88,351.28,368.99,260,350,369.1,0.7071067811865476,369.0,351.91
351.16,-0.7253743710122916,369.1,373.03,372.65,352.32,780.0,350.87,369.0,357.61,350.88,368.6,351.06,368.35,352.97,351.08,354.65,351.0,90,368.08,369.06,351.48,351.18,359.25,260,350,369.11,0.6883545756937498,369.03,352.06
351.1,-0.743144825477397,369.1,373.03,372.65,352.32,780.0,350.86,369.03,366.97,350.86,368.6,351.02,368.47,358.88,351.03,352.32,351.16,90,368.35,369.06,351.19,351.12,353.51,260,350,369.11,0.6691306063588551,369.04,352.16
351.1,-0.7604059656000329,369.1,373.03,372.65,352.32,780.0,350.85,369.04,368.66,350.85,368.6,351.01,368.53,365.41,351.0,351.67,351.41,90,368.47,369.06,351.05,351.07,352.14,260,350,369.11,0.6494480483301813,369.05,352.23
351.29,-0.7771459614569718,369.1,373.03,372.65,352.32,780.0,350.85,369.05,368.93,350.84,368.6,351.11,368.56,367.45,350.98,351.38,351.69,90,368.53,369.06,350.97,351.04,351.64,260,350,369.11,0.6293203910498364,369.05,352.26
351.97,-0.793353340291235,369.1,373.03,372.65,351.62,780.0,350.88,369.05,369.0,350.83,356.05,351.42,368.58,368.08,350.96,351.56,351.91,90,368.56,361.35,350.94,351.02,352.23,260,350,369.11,0.6087614290087209,369.05,352.29
355.47,-0.8090169943749508,369.1,373.03,372.65,351.24,780.0,350.96,369.05,369.03,350.83,352.64,352.44,368.59,368.35,350.95,352.97,352.06,90,368.58,354.3,351.0,351.01,357.61,260,350,369.11,0.5877852522924686,369.05,352.3
365.68,-0.8241261886220183,364.29,372.91,371.73,351.08,780.0,351.11,369.05,369.04,350.83,351.79,356.84,355.99,368.47,350.95,358.88,352.16,390,368.59,352.35,351.16,351.0,366.97,260,650,364.97,0.5664062369248292,361.28,351.62
368.48,-0.8386705679454256,358.38,372.91,371.73,350.99,780.0,351.35,361.28,369.05,350.83,351.44,364.29,352.63,368.53,350.97,365.41,352.23,390,355.99,351.73,351.41,351.04,368.66,260,650,363.16,0.5446390350150246,354.26,351.24
368.9,-0.8526401643540931,353.52,372.91,371.73,350.94,780.0,351.62,354.26,369.05,350.84,351.26,367.16,351.78,368.56,351.05,367.45,352.26,390,352.63,351.45,351.69,351.18,368.93,260,650,356.53,0.5224985647159475,352.35,351.07
368.99,-0.8660254037844387,352.21,372.91,371.72,350.9,780.0,351.86,352.35,369.05,350.86,351.15,367.98,351.44,368.58,351.27,368.08,352.29,390,351.78,351.28,351.91,351.62,369.0,260,650,353.17,0.49999999999999994,351.73,350.99
359.14,-0.8788171126619683,351.72,372.91,371.68,350.88,780.0,351.47,351.73,369.05,350.92,351.08,354.6,351.26,368.59,351.92,368.35,352.3,390,351.44,351.18,352.06,353.46,369.03,260,650,352.16,0.4771587602596032,351.44,350.94
353.48,-0.8910065241883698,351.46,372.88,371.4,350.86,780.0,351.18,351.44,361.28,351.04,351.04,352.31,351.15,355.99,354.54,368.47,351.62,390,351.26,351.12,352.16,362.45,369.04,260,650,351.73,0.4539904997395429,351.28,350.9
352.13,-0.9025852843498617,351.31,372.71,370.1,350.85,780.0,351.05,351.28,354.26,351.25,351.02,351.67,351.08,352.63,362.03,368.53,351.24,390,351.15,351.11,352.23,368.03,369.05,260,650,351.5,0.4305110968082927,351.18,350.88
351.64,-0.9135454576426015,351.22,372.08,366.33,350.86,780.0,350.97,351.18,352.35,351.52,351.13,351.38,351.03,351.78,366.55,368.56,351.07,390,351.08,351.32,352.26,368.82,369.05,260,650,351.36,0.4067366430757988,351.12,350.86
352.22,-0.9238795325112867,351.16,370.42,360.88,350.89,780.0,350.94,351.12,351.73,351.34,351.47,351.55,351.0,351.44,353.62,368.58,350.99,390,351.03,352.09,352.29,356.92,369.05,260,650,351.27,0.3826834323650899,351.07,350.85
357.51,-0.933580426497204,351.12,367.62,357.13,350.97,780.0,351.0,351.07,351.44,351.13,352.63,352.94,350.98,351.26,352.06,368.59,350.94,390,351.0,356.23,352.3,352.92,369.05,260,650,351.21,0.35836794954529444,351.04,350.84
366.94,-0.94264149109218,351.09,364.72,355.44,351.13,780.0,351.16,351.04,351.28,351.02,357.57,358.81,350.96,351.15,351.56,355.99,350.9,390,350.98,366.24,351.62,351.94,361.28,260,650,351.18,0.3338068592337666,351.02,350.83
368.66,-0.9510565162951545,351.07,362.58,354.68,351.37,780.0,351.41,351.02,351.18,350.96,364.73,365.37,350.95,351.08,351.33,352.63,350.88,390,350.96,368.56,351.24,351.55,354.26,260,650,351.16,0.30901699437494456,351.01,350.83
368.93,-0.9588197348681934,351.07,371.85,364.91,351.65,780.0,351.69,351.01,351.12,350.93,367.28,367.44,350.95,351.03,351.45,351.78,350.86,90,350.95,368.91,351.07,351.96,352.35,260,350,351.16,0.2840153447039213,351.0,350.83
369.0,-0.9659258262890682,351.14,373.0,372.35,351.88,780.0,351.9,351.0,351.07,350.98,368.02,368.08,350.97,351.0,352.5,351.44,350.85,90,350.95,368.99,350.99,355.67,351.73,260,350,351.29,0.258819045102521,351.04,350.83
369.03,-0.9723699203976779,351.41,373.03,372.64,351.48,780.0,352.06,351.04,351.04,351.12,354.65,368.34,351.05,350.98,357.2,351.26,350.84,90,350.97,359.25,350.94,365.98,351.44,260,350,351.84,0.2334453638558999,351.18,350.84
369.04,-0.9781476007338066,352.42,373.03,372.65,351.19,780.0,352.16,351.18,351.02,351.36,352.32,368.47,351.27,350.96,364.54,351.15,350.83,90,351.05,353.51,350.9,368.53,351.28,260,350,355.1,0.20791169081775496,351.62,350.86
369.05,-0.9832549075639551,351.86,372.91,371.71,351.05,780.0,352.23,351.62,351.01,351.27,351.67,368.53,351.27,350.95,353.14,351.08,350.83,390,351.27,352.14,350.88,355.69,351.18,260,650,352.51,0.18223552549214467,351.5,350.9
369.05,-0.9876883405951379,351.53,372.9,371.58,350.97,780.0,352.26,351.5,351.0,351.1,351.38,368.56,351.17,350.95,351.92,351.03,350.83,390,351.27,351.64,350.86,352.63,351.12,260,650,351.86,0.15643446504022968,351.32,350.89
369.05,-0.9914448613738104,351.35,372.81,370.83,350.94,780.0,352.29,351.32,351.04,351.0,351.56,368.58,351.1,350.97,351.5,351.0,350.83,390,351.17,352.23,350.85,351.84,351.07,260,650,351.56,0.130526192220052,351.21,350.88
369.05,-0.994521895368274,351.25,372.41,368.11,351.0,780.0,352.3,351.21,351.18,350.95,352.97,368.59,351.05,351.05,351.3,350.98,350.84,390,351.1,357.61,350.84,351.5,351.04,260,650,351.4,0.10452846326764756,351.13,350.86
369.05,-0.9969173337331283,351.29,373.03,372.62,351.16,780.0,352.31,351.13,351.62,350.92,358.88,368.59,351.04,351.27,351.39,350.96,350.86,90,351.05,366.97,350.83,351.82,351.02,260,350,351.55,0.07845909572784064,351.14,350.85
369.06,-0.998629534754574,351.84,373.03,372.65,351.41,780.0,352.31,351.14,351.5,350.96,365.41,368.6,351.17,351.27,352.28,350.95,350.9,90,351.04,368.66,350.83,354.74,351.01,260,350,352.99,0.0523359562429407,351.4,350.86
369.06,-0.9996573249755574,355.06,373.03,372.65,351.69,780.0,352.32,351.4,351.32,351.09,367.45,368.6,351.58,351.17,356.2,350.95,350.89,90,351.17,368.93,350.83,365.06,351.0,260,350,363.4,0.026176948307871647,352.39,350.9
369.06,-1.0,366.57,373.03,372.65,351.91,780.0,352.32,352.39,351.21,351.32,368.08,368.6,353.09,351.1,363.84,350.97,350.88,90,351.58,369.0,350.83,368.41,351.04,260,350,368.82,1.2246467991473532e-16,358.13,350.99
369.06,-0.9996573249755571,368.88,373.03,372.65,352.06,780.0,352.32,358.13,351.13,351.6,368.35,368.6,359.1,351.05,367.05,351.05,350.86,90,353.09,369.03,350.84,368.88,351.18,260,350,369.08,-0.02617694830787895,367.07,351.16
369.06,-0.9986295347545736,369.06,373.03,372.65,352.16,780.0,352.32,367.07,351.14,351.84,368.47,368.6,365.49,351.04,367.94,351.27,350.85,90,359.1,369.04,350.86,368.99,351.62,260,350,369.1,-0.052335956242948,368.67,351.42
369.06,-0.9969173337331277,369.09,373.03,372.65,352.23,780.0,352.32,368.67,351.4,352.02,368.53,368.6,367.47,351.17,368.28,351.27,350.86,90,365.49,369.05,350.9,369.02,351.5,260,350,369.1,-0.07845909572784747,368.93,351.69
369.06,-0.9945218953682732,369.1,373.03,372.65,352.26,780.0,352.32,368.93,352.39,352.13,368.56,368.6,368.09,351.58,368.44,351.17,350.9,90,367.47,369.05,350.89,369.04,351.32,260,350,369.1,-0.10452846326765526,369.0,351.91
361.35,-0.9914448613738104,369.1,373.03,372.65,352.29,780.0,351.62,369.0,358.13,352.21,368.58,356.05,368.35,353.09,368.51,351.1,350.99,90,368.09,369.05,350.88,369.05,351.21,260,350,369.11,-0.13052619222005177,369.03,352.06
354.3,-0.9876883405951368,369.1,373.03,372.65,352.3,780.0,351.24,369.03,367.07,352.25,368.59,352.64,368.47,359.1,368.55,351.05,351.16,90,368.35,369.05,350.86,369.05,351.13,260,350,369.11,-0.1564344650402369,369.04,352.16
352.35,-0.9832549075639537,369.1,373.03,372.65,351.62,780.0,351.08,369.04,368.67,352.28,355.99,351.79,368.53,365.49,368.57,351.04,351.42,90,368.47,361.28,350.85,369.05,351.14,260,350,369.11,-0.18223552549215183,369.05,352.23
351.73,-0.978147600733805,369.1,373.03,372.65,351.24,780.0,350.99,369.05,368.93,352.3,352.63,351.44,368.56,367.47,368.58,351.17,351.69,90,368.53,354.26,350.86,369.05,351.4,260,350,369.11,-0.20791169081776212,369.05,352.27
351.45,-0.9723699203976763,364.25,372.91,371.73,351.07,780.0,350.94,369.05,369.0,351.62,351.78,351.26,355.87,368.09,355.98,351.58,351.91,390,368.56,352.35,350.9,361.26,352.39,260,650,364.96,-0.23344536385590658,361.14,351.61
351.28,-0.9659258262890683,358.24,372.91,371.73,350.99,780.0,350.9,361.14,369.03,351.24,351.44,351.15,352.6,368.35,352.62,353.09,352.06,390,355.87,351.73,350.99,354.25,358.13,260,650,363.08,-0.2588190451025208,354.2,351.24
351.18,-0.9588197348681915,353.47,372.91,371.73,350.94,780.0,350.88,354.2,369.04,351.07,351.26,351.08,351.77,368.47,351.78,359.1,352.16,390,352.6,351.44,351.16,352.34,367.07,260,650,356.42,-0.28401534470392786,352.33,351.07
351.12,-0.9510565162951521,352.2,372.91,371.72,350.9,780.0,350.86,352.33,369.05,350.99,351.15,351.04,351.43,368.53,351.44,365.49,352.23,390,351.77,351.28,351.42,351.73,368.67,260,650,353.14,-0.30901699437495195,351.72,350.99
351.11,-0.9426414910921773,355.45,373.03,372.65,350.88,780.0,350.85,351.72,369.05,350.94,351.08,351.02,351.66,368.56,351.26,367.47,352.27,90,351.43,351.18,351.69,351.44,368.93,260,350,364.01,-0.33380685923377384,352.51,350.95
351.32,-0.9335804264972012,367.22,373.03,372.65,350.86,780.0,350.86,352.51,361.14,350.9,351.03,351.13,353.48,355.87,351.15,368.09,351.61,90,351.66,351.12,351.91,351.28,369.0,260,350,368.9,-0.35836794954530166,359.5,351.02
352.09,-0.9238795325112868,368.94,373.03,372.65,350.85,780.0,350.89,359.5,354.2,350.88,351.0,351.47,360.23,352.6,351.08,368.35,351.24,90,353.48,351.07,352.06,351.18,369.03,260,350,369.09,-0.38268343236508967,367.51,351.2
356.23,-0.9135454576425985,369.07,373.03,372.65,350.84,780.0,350.97,367.51,352.33,350.86,350.98,352.63,365.95,351.77,351.03,368.47,351.07,90,360.23,351.04,352.16,351.12,369.04,260,350,369.1,-0.4067366430758055,368.74,351.46
366.24,-0.9025852843498589,361.77,372.91,371.73,350.83,780.0,351.13,368.74,351.72,350.85,350.96,357.57,353.44,351.43,351.02,368.53,350.99,390,365.95,351.02,352.23,351.11,369.05,260,650,364.43,-0.4305110968082989,356.45,351.32
368.56,-0.8910065241883666,354.7,372.91,371.73,350.83,780.0,351.37,356.45,352.51,350.86,350.95,364.73,352.01,351.66,351.13,368.56,350.95,390,353.44,351.01,352.27,351.32,369.05,260,650,359.28,-0.4539904997395494,352.81,351.12
368.91,-0.8788171126619647,352.55,372.91,371.73,350.83,780.0,351.65,352.81,359.5,350.89,350.95,367.28,351.54,353.48,351.47,355.87,351.02,390,352.01,351.0,351.61,352.08,361.14,260,650,353.99,-0.47715876025960957,351.91,351.01
368.99,-0.8660254037844388,351.86,372.91,371.71,350.83,780.0,351.88,351.91,367.51,350.97,350.97,368.02,351.32,360.23,352.61,352.6,351.2,390,351.54,351.04,351.24,356.18,354.2,260,650,352.44,-0.4999999999999997,351.53,350.95
359.25,-0.8526401643540891,351.54,372.9,371.56,350.84,780.0,351.48,351.53,368.74,351.02,351.05,354.65,351.19,365.95,351.78,351.77,351.46,390,351.32,351.18,351.07,352.43,352.33,260,650,351.86,-0.522498564715954,351.34,350.91
353.51,-0.8386705679454216,351.36,372.8,370.81,350.86,780.0,351.19,351.34,356.45,350.97,351.27,352.32,351.11,353.44,351.43,351.43,351.32,390,351.19,351.62,350.99,351.73,351.72,260,650,351.57,-0.5446390350150309,351.22,350.89
352.14,-0.824126188622014,351.25,372.41,368.12,350.9,780.0,351.05,351.22,352.81,350.93,351.27,351.67,351.05,352.01,351.26,351.66,351.12,390,351.11,351.5,350.95,351.44,352.51,260,650,351.4,-0.5664062369248352,351.14,350.87
351.64,-0.8090169943749465,351.18,371.21,362.93,350.89,780.0,350.97,351.14,351.91,350.9,351.17,351.38,351.01,351.54,351.15,353.48,351.01,390,351.05,351.32,351.02,351.28,359.5,260,650,351.3,-0.5877852522924745,351.09,350.85
352.23,-0.7933533402912352,351.19,373.01,372.44,350.88,780.0,350.94,351.09,351.53,350.88,351.1,351.56,351.0,351.32,351.08,360.23,350.95,90,351.01,351.21,351.2,351.18,367.51,260,350,351.35,-0.6087614290087207,351.08,350.84
357.61,-0.7771459614569671,351.48,373.03,372.65,350.86,780.0,351.0,351.08,351.34,350.86,351.05,352.97,351.07,351.19,351.03,365.95,350.91,90,351.0,351.13,351.46,351.12,368.74,260,350,351.99,-0.629320391049842,351.22,350.85
366.97,-0.7604059656000282,352.74,373.03,372.65,350.85,780.0,351.16,351.22,351.22,350.85,351.04,358.88,351.32,351.11,351.0,353.44,350.89,90,351.07,351.14,351.32,351.07,356.45,260,350,356.46,-0.6494480483301869,351.74,350.87
368.66,-0.7431448254773925,361.35,373.03,372.65,350.86,780.0,351.41,351.74,351.14,350.84,351.17,365.41,352.1,351.05,350.98,352.01,350.87,90,351.32,351.4,351.12,351.04,352.81,260,350,367.83,-0.6691306063588602,354.12,350.94
368.93,-0.725374371012287,368.42,373.03,372.65,350.9,780.0,351.69,354.12,351.09,350.83,351.58,367.45,355.34,351.01,350.96,351.54,350.85,90,352.1,352.39,351.01,351.02,351.91,260,350,369.04,-0.6883545756937547,363.93,351.07
369.0,-0.7071067811865479,351.85,372.36,368.12,350.99,130.0,351.91,363.93,351.08,350.83,353.09,368.08,351.49,351.0,350.95,351.32,350.84,90,355.34,358.13,350.95,351.01,351.53,260,350,352.08,-0.7071067811865471,351.66,350.96
369.03,-0.6883545756937498,352.17,372.79,370.64,351.16,130.0,352.06,351.66,351.22,350.83,359.1,368.35,351.71,351.07,350.95,351.19,350.85,90,351.49,367.07,350.91,351.0,351.34,260,350,352.51,-0.7253743710122916,351.92,351.0
369.04,-0.6691306063588548,352.78,372.83,370.84,351.42,130.0,352.16,351.92,351.74,350.82,365.49,368.47,351.96,351.32,350.94,351.11,350.87,90,351.71,368.67,350.89,350.99,351.22,260,350,353.71,-0.7431448254773974,352.3,351.05
369.05,-0.6494480483301814,355.2,372.83,370.85,351.69,130.0,352.23,352.3,354.12,350.82,367.47,368.53,352.49,352.1,350.94,351.05,350.94,90,351.96,368.93,350.87,350.99,351.14,260,350,358.8,-0.7604059656000328,353.33,351.11
369.05,-0.6293203910498364,360.58,372.83,370.85,351.91,130.0,352.26,353.33,363.93,350.82,368.09,368.56,354.27,355.34,350.94,351.01,351.07,90,352.49,369.0,350.85,350.99,351.09,260,350,361.45,-0.7771459614569717,357.6,351.19
369.05,-0.6087614290087209,361.56,372.83,370.85,352.06,130.0,352.29,357.6,351.66,350.82,368.35,368.58,359.02,351.49,350.94,351.0,350.96,90,354.27,369.03,350.84,350.99,351.08,260,350,361.63,-0.7933533402912349,361.11,351.34
369.05,-0.5877852522924683,361.63,372.83,370.85,352.16,130.0,352.3,361.11,351.92,350.82,368.47,368.59,360.94,351.71,350.94,351.07,351.0,90,359.02,369.04,350.85,350.99,351.22,260,350,361.64,-0.809016994374951,361.54,351.59
361.28,-0.5664062369248292,361.63,372.83,370.85,352.23,130.0,351.62,361.54,352.3,350.82,368.53,355.99,361.25,351.96,350.94,351.32,351.05,90,360.94,369.05,350.87,350.99,351.74,260,350,361.64,-0.8241261886220181,361.59,351.86
354.26,-0.5446390350150248,361.64,372.83,370.85,352.27,130.0,351.24,361.59,353.33,350.82,368.56,352.63,361.34,352.49,350.95,352.1,351.11,90,361.25,369.05,350.94,351.01,354.12,260,350,361.64,-0.8386705679454256,361.6,352.05
352.35,-0.5224985647159479,361.64,372.83,370.85,351.61,130.0,351.07,361.6,357.6,350.83,355.87,351.78,361.38,354.27,351.0,355.34,351.19,90,361.34,361.14,351.07,351.11,363.93,260,350,361.64,-0.8526401643540928,361.61,352.17
351.73,-0.5000000000000004,361.64,372.83,370.85,351.24,130.0,350.99,361.61,361.11,350.85,352.6,351.44,361.39,359.02,351.16,351.49,351.34,90,361.38,354.2,350.96,351.4,351.66,260,350,361.64,-0.8660254037844384,361.61,352.23
351.44,-0.47715876025960324,361.64,372.83,370.85,351.07,130.0,350.94,361.61,361.54,350.9,351.77,351.26,361.4,360.94,351.59,351.71,351.59,90,361.39,352.33,351.0,352.41,351.92,260,350,361.64,-0.8788171126619682,361.61,352.27
351.28,-0.453990499739543,361.64,372.83,370.85,350.99,130.0,350.9,361.61,361.59,350.99,351.43,351.15,361.41,361.25,353.11,351.96,351.86,90,361.4,351.72,351.05,358.21,352.3,260,350,361.64,-0.8910065241883698,361.61,352.3
351.18,-0.43051109680829275,361.64,372.83,370.85,350.95,130.0,350.88,361.61,361.6,351.17,351.66,351.08,361.41,361.34,359.14,352.49,352.05,90,361.41,352.51,351.11,367.09,353.33,260,350,361.64,-0.9025852843498617,361.61,352.31
351.12,-0.4067366430757985,361.64,372.83,370.85,351.02,130.0,350.86,361.61,361.61,351.42,353.48,351.03,361.41,361.38,365.51,354.27,352.17,90,361.41,359.5,351.19,368.68,357.6,260,350,361.64,-0.9135454576426016,361.61,352.31
351.07,-0.3826834323650895,361.64,372.83,370.85,351.2,130.0,350.85,361.61,361.61,351.69,360.23,351.0,361.41,361.39,367.48,359.02,352.23,90,361.41,367.51,351.34,368.93,361.11,260,350,361.64,-0.9238795325112868,361.61,352.32
351.04,-0.3583679495452949,361.64,372.83,370.85,351.46,130.0,350.84,361.61,361.61,351.91,365.95,350.98,361.41,361.4,368.1,360.94,352.27,90,361.41,368.74,351.59,369.0,361.54,260,350,361.64,-0.9335804264972039,361.61,352.32
351.02,-0.333806859233767,361.64,372.83,370.85,351.32,130.0,350.83,361.61,361.61,352.06,353.44,350.96,361.41,361.41,368.35,361.25,352.3,90,361.41,356.45,351.86,369.03,361.59,260,350,361.64,-0.9426414910921798,361.61,352.32
351.01,-0.30901699437494506,361.64,372.83,370.85,351.12,130.0,350.83,361.61,361.61,352.16,352.01,350.95,361.41,361.41,368.47,361.34,352.31,90,361.41,352.81,352.05,369.04,361.6,260,350,361.64,-0.9510565162951543,361.61,352.32
351.0,-0.2840153447039218,361.64,372.83,370.85,351.01,130.0,350.83,361.61,361.61,352.23,351.54,350.95,361.41,361.41,368.53,361.38,352.31,90,361.41,351.91,352.17,369.05,361.61,260,350,361.64,-0.9588197348681933,361.61,352.32
351.04,-0.25881904510252063,361.64,372.83,370.85,350.95,130.0,350.83,361.61,361.61,352.27,351.32,350.97,361.41,361.41,368.56,361.39,352.32,90,361.41,351.53,352.23,369.05,361.61,260,350,361.64,-0.9659258262890683,361.61,352.32
351.18,-0.23344536385589998,361.64,372.83,370.85,350.91,130.0,350.84,361.61,361.61,352.29,351.19,351.05,361.41,361.41,368.58,361.4,352.32,90,361.41,351.34,352.27,369.05,361.61,260,350,361.64,-0.9723699203976779,361.61,352.32
351.62,-0.2079116908177546,361.64,372.83,370.85,350.89,130.0,350.86,361.61,361.61,352.3,351.11,351.27,361.41,361.41,368.59,361.41,352.32,90,361.41,351.22,352.3,369.05,361.61,260,350,361.64,-0.9781476007338067,361.61,352.32
351.5,-0.18223552549214428,361.64,372.83,370.85,350.87,130.0,350.9,361.61,361.61,351.62,351.05,351.27,361.41,361.41,355.99,361.41,352.32,90,361.41,351.14,352.31,361.28,361.61,260,350,361.64,-0.9832549075639552,361.61,352.32
351.32,-0.1564344650402293,361.64,372.83,370.85,350.85,130.0,350.89,361.61,361.61,351.24,351.01,351.17,361.41,361.41,352.63,361.41,352.32,90,361.41,351.09,352.31,354.26,361.61,260,350,361.64,-0.987688340595138,361.61,352.32
351.21,-0.13052619222005163,361.64,372.83,370.85,350.84,130.0,350.88,361.61,361.61,351.07,351.0,351.1,361.41,361.41,351.78,361.41,352.32,90,361.41,351.08,352.32,352.35,361.61,260,350,361.64,-0.9914448613738104,361.61,352.32
351.13,-0.10452846326764806,361.64,372.83,370.85,350.85,130.0,350.86,361.61,361.61,350.99,351.07,351.05,361.41,361.41,351.44,361.41,352.32,90,361.41,351.22,352.32,351.73,361.61,260,350,361.64,-0.994521895368274,361.61,352.32
351.14,-0.07845909572784114,361.64,372.83,370.85,350.87,130.0,350.85,361.61,361.61,350.95,351.32,351.04,361.41,361.41,351.67,361.41,352.32,90,361.41,351.74,352.32,352.54,361.61,260,350,361.64,-0.9969173337331283,361.61,352.32
351.4,-0.05233595624294076,361.64,372.83,370.85,350.94,130.0,350.86,361.61,361.61,351.02,352.1,351.17,361.41,361.41,353.52,361.41,352.32,90,361.41,354.12,352.32,359.65,361.61,260,350,361.64,-0.998629534754574,361.61,352.32
352.39,-0.026176948307871706,361.64,372.83,370.85,351.07,130.0,350.9,361.61,361.61,351.2,355.34,351.58,361.41,361.41,360.33,361.41,352.32,90,361.41,363.93,352.32,367.54,361.61,260,350,361.64,-0.9996573249755574,361.61,352.32
358.13,-1.8369701987210297e-16,361.64,372.83,370.85,350.96,130.0,350.99,361.61,361.61,351.46,351.49,353.09,361.41,361.41,365.99,361.41,352.32,90,361.41,351.66,352.32,368.75,361.61,260,350,361.64,-1.0,361.61,352.32
367.07,0.02617694830787933,361.64,372.83,370.85,351.0,130.0,351.16,361.61,361.61,351.73,351.71,359.1,361.41,361.41,367.61,361.41,352.32,90,361.41,351.92,352.32,368.95,361.61,260,350,361.64,-0.9996573249755571,361.61,352.32
368.67,0.05233595624294838,365.57,372.97,372.19,351.05,1040.0,351.42,361.61,361.61,351.94,351.96,365.49,354.78,361.41,368.15,361.41,352.32,390,361.41,352.3,352.32,369.01,361.61,260,650,366.69,-0.9986295347545736,360.66,351.4
368.93,0.07845909572784786,358.26,372.97,372.19,351.11,1040.0,351.69,360.66,361.61,352.08,352.49,367.47,352.29,361.41,368.37,361.41,352.32,390,354.78,353.33,352.32,369.03,361.61,260,650,364.51,-0.9969173337331277,353.79,351.13
369.0,0.10452846326765476,353.34,372.97,372.19,351.19,1040.0,351.91,353.79,361.61,352.17,354.27,368.09,351.61,361.41,368.48,361.41,352.32,390,352.29,357.6,352.32,369.04,361.61,260,650,356.91,-0.9945218953682732,352.14,351.01
369.03,0.13052619222005127,352.09,372.97,372.18,351.34,1040.0,352.06,352.14,361.61,352.23,359.02,368.35,351.33,361.41,368.53,361.41,352.32,390,351.61,361.11,352.32,369.05,361.61,260,650,353.17,-0.9914448613738105,351.6,350.94
369.04,0.1564344650402368,355.37,372.83,370.86,351.59,130.0,352.16,351.6,361.61,352.27,360.94,368.47,352.19,361.41,368.56,361.41,352.32,90,351.33,361.54,352.32,369.05,361.61,260,350,359.28,-0.9876883405951368,353.13,350.98
369.05,0.18223552549215177,360.43,372.83,370.85,351.86,130.0,352.23,353.13,360.66,352.29,361.25,368.53,354.01,354.78,368.58,361.41,351.4,90,352.19,361.59,352.32,369.05,361.61,260,350,361.42,-0.9832549075639537,357.22,351.1
369.05,0.20791169081776203,361.53,372.83,370.85,352.05,130.0,352.27,357.22,353.79,352.3,361.34,368.56,358.59,352.29,368.59,361.41,351.13,90,354.01,361.6,352.32,369.05,361.61,260,350,361.62,-0.978147600733805,360.99,351.27
361.14,0.23344536385590653,361.62,372.83,370.85,352.17,130.0,351.61,360.99,352.14,351.62,361.38,355.87,360.83,351.61,355.99,361.41,351.01,90,358.59,361.61,352.32,361.28,361.61,260,350,361.64,-0.9723699203976763,361.52,351.54
354.2,0.2588190451025203,361.63,372.83,370.85,352.23,130.0,351.24,361.52,351.6,351.24,361.39,352.6,361.23,351.33,352.63,361.41,350.94,90,360.83,361.61,352.32,354.26,361.61,260,350,361.64,-0.9659258262890684,361.58,351.82
352.33,0.28401534470392825,361.64,372.83,370.85,352.27,130.0,351.07,361.58,353.13,351.07,361.4,351.77,361.33,352.19,351.78,361.41,350.98,90,361.23,361.61,352.32,352.35,361.61,260,350,361.64,-0.9588197348681914,361.6,352.02
351.72,0.30901699437495145,361.64,372.83,370.85,352.3,130.0,350.99,361.6,357.22,350.99,361.41,351.43,361.37,354.01,351.44,354.78,351.1,90,361.33,361.61,351.4,351.73,360.66,260,350,361.64,-0.9510565162951523,361.61,352.15
352.51,0.3338068592337734,361.64,372.83,370.85,352.31,130.0,350.95,361.61,360.99,350.95,361.41,351.66,361.39,358.59,351.67,352.29,351.27,90,361.37,361.61,351.13,352.54,353.79,260,350,361.64,-0.9426414910921775,361.61,352.22
359.5,0.3583679495453012,365.37,372.97,372.19,352.31,1040.0,351.02,361.61,361.52,351.02,361.41,353.48,354.51,360.83,353.53,351.61,351.54,390,361.39,361.61,351.01,359.66,352.14,260,650,366.66,-0.9335804264972014,360.08,351.38
367.51,0.38268343236508917,357.78,372.97,372.19,352.32,1040.0,351.2,360.08,361.58,351.2,361.41,360.23,352.23,361.23,360.34,351.33,351.82,390,354.51,361.61,350.94,367.55,351.6,260,650,364.22,-0.923879532511287,353.63,351.12
368.74,0.4067366430758054,353.22,372.97,372.19,352.32,1040.0,351.46,353.63,361.6,351.46,361.41,365.95,351.59,361.33,365.99,352.19,352.02,390,352.23,361.61,350.98,368.75,353.13,260,650,356.54,-0.9135454576425985,352.1,351.01
356.45,0.43051109680829885,352.05,372.97,372.18,352.32,1040.0,351.32,352.1,361.61,351.73,361.41,353.44,351.31,361.37,367.61,354.01,352.15,390,351.59,361.61,351.1,368.95,357.22,260,650,353.07,-0.9025852843498589,351.58,350.94
352.81,0.4539904997395498,355.15,372.83,370.86,352.32,130.0,351.12,351.58,361.61,351.94,361.41,352.01,352.16,361.39,368.15,358.59,352.22,90,351.31,361.61,351.27,369.01,360.99,260,350,359.06,-0.8910065241883663,353.05,350.98
351.91,0.4771587602596099,360.3,372.83,370.85,352.32,130.0,351.01,353.05,360.08,352.08,361.41,351.54,353.89,354.51,368.37,360.83,351.38,90,352.16,361.61,351.54,369.03,361.52,260,350,361.4,-0.8788171126619646,356.97,351.09
351.53,0.5000000000000001,361.52,372.83,370.85,352.32,130.0,350.95,356.97,353.63,352.17,361.41,351.32,358.41,352.23,368.48,361.23,351.12,90,353.89,361.61,351.82,369.04,361.58,260,350,361.62,-0.8660254037844386,360.93,351.26
351.34,0.5224985647159536,361.62,372.83,370.85,352.32,130.0,350.91,360.93,352.1,352.23,361.41,351.19,360.8,351.59,368.53,361.33,351.01,90,358.41,361.61,352.02,369.05,361.6,260,350,361.64,-0.8526401643540893,361.51,351.53
351.22,0.5446390350150304,361.63,372.83,370.85,352.32,130.0,350.89,361.51,351.58,352.27,361.41,351.11,361.22,351.31,368.56,361.37,350.94,90,360.8,361.61,352.15,369.05,361.61,260,350,361.64,-0.8386705679454218,361.58,351.81
351.14,0.5664062369248347,361.64,372.83,370.85,352.32,130.0,350.87,361.58,353.05,352.29,361.41,351.05,361.33,352.16,368.58,361.39,350.98,90,361.22,361.61,352.22,369.05,361.61,260,350,361.64,-0.8241261886220144,361.6,352.01
351.09,0.5877852522924744,361.64,372.83,370.85,352.32,130.0,350.85,361.6,356.97,352.3,361.41,351.01,361.37,353.89,368.59,354.51,351.09,90,361.33,361.61,351.38,369.05,360.08,260,350,361.64,-0.8090169943749465,361.61,352.15
351.08,0.6087614290087199,361.64,372.83,370.85,352.32,130.0,350.84,361.61,360.93,352.31,361.41,351.0,361.39,358.41,368.59,352.23,351.26,90,361.37,361.61,351.12,369.05,353.63,260,350,361.64,-0.7933533402912357,361.61,352.22
351.22,0.6293203910498416,365.36,372.97,372.19,352.32,1040.0,350.85,361.61,361.51,352.32,361.41,351.07,354.51,360.8,368.6,351.59,351.53,390,361.39,361.61,351.01,369.06,352.1,260,650,366.66,-0.7771459614569675,360.07,351.38
351.74,0.6494480483301872,357.77,372.97,372.19,352.32,1040.0,350.87,360.07,361.58,352.32,361.41,351.32,352.23,361.22,368.6,351.31,351.81,390,354.51,361.61,350.94,369.06,351.58,260,650,364.21,-0.7604059656000279,353.62,351.12
354.12,0.6691306063588605,353.22,372.97,372.19,352.32,1040.0,350.94,353.62,361.6,352.32,361.41,352.1,351.59,361.33,368.6,352.16,352.01,390,352.23,361.61,350.98,369.06,353.05,260,650,356.54,-0.7431448254773922,352.1,351.01
363.93,0.688354575693755,352.05,372.97,372.18,352.32,1040.0,351.07,352.1,361.61,351.62,361.41,355.34,351.31,361.37,356.05,353.89,352.15,390,351.59,361.61,351.09,361.34,356.97,260,650,353.07,-0.7253743710122866,351.58,350.94
351.66,0.7071067811865474,351.59,372.97,372.17,352.32,1040.0,350.96,351.58,361.61,351.24,361.41,351.49,351.17,361.39,352.64,358.41,352.22,390,351.31,361.61,351.26,354.29,360.93,260,650,352.06,-0.7071067811865477,351.33,350.9
351.92,0.7253743710122919,351.36,372.96,372.06,352.32,1040.0,351.0,351.33,360.07,351.08,361.41,351.71,351.08,354.51,351.79,360.8,351.38,390,351.17,361.61,351.53,352.35,361.51,260,650,351.63,-0.6883545756937495,351.19,350.87
352.3,0.7431448254773967,351.23,372.9,371.5,351.4,1040.0,351.05,351.19,353.62,350.99,354.78,351.96,351.02,352.23,351.44,361.22,351.12,390,351.08,360.66,351.81,351.73,361.58,260,650,351.41,-0.6691306063588555,351.11,350.85
353.33,0.7604059656000328,351.14,372.64,369.45,351.13,1040.0,351.11,351.11,352.1,350.95,352.29,352.49,350.98,351.59,351.68,361.33,351.01,390,351.02,353.79,352.01,352.55,361.6,260,650,351.27,-0.6494480483301814,351.05,350.84
357.6,0.7771459614569722,351.54,372.77,370.48,351.01,130.0,351.19,351.05,351.58,351.02,351.61,354.27,351.21,351.31,353.55,361.37,350.94,90,350.98,352.14,352.15,359.72,361.61,260,350,351.83,-0.6293203910498358,351.35,350.86
361.11,0.7933533402912349,352.13,372.82,370.82,350.94,130.0,351.34,351.35,351.33,351.2,351.33,359.02,351.54,351.17,360.38,361.39,350.9,90,351.21,351.6,352.22,367.56,361.61,260,350,352.69,-0.6087614290087209,351.78,350.91
361.54,0.809016994374951,353.27,372.83,370.85,350.98,130.0,351.59,351.78,351.19,351.46,352.19,360.94,351.97,351.08,366.01,354.51,350.87,90,351.54,353.13,351.38,368.75,360.07,260,350,355.16,-0.5877852522924683,352.44,350.99
361.59,0.8241261886220181,357.5,372.83,370.85,351.1,130.0,351.86,352.44,351.11,351.32,354.01,361.25,352.84,351.02,353.45,352.23,350.85,90,351.97,357.22,351.12,356.49,353.62,260,350,360.52,-0.5664062369248293,354.27,351.07
361.6,0.8386705679454255,361.21,372.83,370.85,351.27,130.0,352.05,354.27,351.05,351.12,358.59,361.34,355.73,350.98,352.01,351.59,350.84,90,352.84,360.99,351.01,352.82,352.1,260,350,361.57,-0.5446390350150248,359.5,351.2
361.61,0.8526401643540928,361.6,372.83,370.85,351.54,130.0,352.17,359.5,351.35,351.01,360.83,361.38,360.05,351.21,351.54,351.31,350.86,90,355.73,361.52,350.94,351.91,351.58,260,350,361.64,-0.5224985647159479,361.36,351.4
361.61,0.8660254037844384,361.63,372.83,370.85,351.82,130.0,352.23,361.36,351.78,350.95,361.23,361.39,361.09,351.54,351.32,351.17,350.91,90,360.05,361.58,350.9,351.53,351.33,260,350,361.64,-0.5000000000000004,361.56,351.68
361.61,0.8788171126619677,361.64,372.83,370.85,352.02,130.0,352.27,361.56,352.44,350.91,361.33,361.4,361.29,351.97,351.19,351.08,350.99,90,361.09,361.6,350.87,351.34,351.19,260,350,361.64,-0.4771587602596041,361.59,351.93
361.61,0.8910065241883698,361.64,372.83,370.85,352.15,130.0,352.3,361.59,354.27,350.89,361.37,361.41,361.35,352.84,351.11,351.02,351.07,90,361.29,361.61,350.85,351.22,351.11,260,350,361.64,-0.45399049973954303,361.6,352.09
361.61,0.9025852843498621,361.64,372.83,370.85,352.22,130.0,352.31,361.6,359.5,350.87,361.39,361.41,361.38,355.73,351.05,350.98,351.2,90,361.35,361.61,350.84,351.14,351.05,260,350,361.64,-0.430511096808292,361.61,352.19
361.61,0.9135454576426013,361.64,372.83,370.85,351.38,130.0,352.31,361.61,361.36,350.85,354.51,361.41,361.4,360.05,351.01,351.21,351.4,90,361.38,360.08,350.86,351.09,351.35,260,350,361.64,-0.4067366430757993,361.61,352.25
361.61,0.9238795325112868,361.64,372.83,370.85,351.12,130.0,352.32,361.61,361.56,350.84,352.23,361.41,361.4,361.09,350.99,351.54,351.68,90,361.4,353.63,350.91,351.05,351.78,260,350,361.64,-0.38268343236508956,361.61,352.28
361.61,0.9335804264972037,361.64,372.83,370.85,351.01,130.0,352.32,361.61,361.59,350.84,351.59,361.41,361.41,361.29,350.97,351.97,351.93,90,361.4,352.1,350.99,351.03,352.44,260,350,361.64,-0.35836794954529494,361.61,352.3
361.61,0.9426414910921798,361.64,372.83,370.85,350.94,130.0,352.32,361.61,361.6,350.83,351.31,361.41,361.41,361.35,350.96,352.84,352.09,90,361.41,351.58,351.07,351.01,354.27,260,350,361.64,-0.33380685923376713,361.61,352.31
361.61,0.9510565162951543,361.64,372.83,370.85,350.98,130.0,352.32,361.61,361.61,350.83,352.16,361.41,361.41,361.38,350.95,355.73,352.19,90,361.41,353.05,351.2,351.0,359.5,260,350,361.64,-0.3090169943749451,361.61,352.32
361.61,0.9588197348681935,361.64,372.83,370.85,351.09,130.0,352.32,361.61,361.61,350.83,353.89,361.41,361.41,361.4,350.94,360.05,352.25,90,361.41,356.97,351.4,351.0,361.36,260,350,361.64,-0.284015344703921,361.61,352.32
361.61,0.9659258262890681,365.56,372.97,372.19,351.26,1040.0,352.32,361.61,361.61,350.82,358.41,361.41,354.77,361.4,350.94,361.09,352.28,390,361.41,360.93,351.68,350.99,361.56,260,650,366.69,-0.25881904510252157,360.63,351.4
361.61,0.9723699203976779,358.24,372.97,372.19,351.53,1040.0,352.32,360.63,361.61,350.82,360.8,361.41,352.29,361.41,350.94,361.29,352.3,390,354.77,361.51,351.93,350.99,361.59,260,650,364.5,-0.23344536385590003,353.79,351.13
361.61,0.9781476007338067,353.34,372.97,372.19,351.81,1040.0,352.32,353.79,361.61,350.82,361.22,361.41,351.61,361.41,350.94,361.35,352.31,390,352.29,361.58,352.09,350.99,361.6,260,650,356.89,-0.20791169081775465,352.14,351.01
361.61,0.983254907563955,352.09,372.97,372.18,352.01,1040.0,352.32,352.14,361.61,350.82,361.33,361.41,351.32,361.41,350.94,361.38,352.32,390,351.61,361.6,352.19,350.99,361.61,260,650,353.16,-0.18223552549214522,351.6,350.94
361.61,0.987688340595138,351.61,372.97,372.17,352.15,1040.0,352.32,351.6,361.61,350.82,361.37,361.41,351.17,361.41,350.94,361.4,352.32,390,351.32,361.61,352.25,350.99,361.61,260,650,352.09,-0.15643446504022934,351.34,350.9
361.61,0.9914448613738104,351.37,372.96,372.07,352.22,1040.0,352.32,351.34,360.63,350.82,361.39,361.41,351.08,354.77,350.94,361.4,351.4,390,351.17,361.61,352.28,350.99,361.61,260,650,351.65,-0.13052619222005168,351.2,350.87
361.61,0.994521895368274,351.23,372.91,371.56,351.38,1040.0,352.32,351.2,353.79,350.82,354.51,361.41,351.02,352.29,350.94,361.41,351.13,390,351.08,360.07,352.3,350.99,361.61,260,650,351.42,-0.10452846326764724,351.11,350.85
361.61,0.9969173337331283,351.15,372.66,369.63,351.12,1040.0,352.32,351.11,352.14,350.82,352.23,361.41,350.98,351.61,350.94,361.41,351.01,390,351.02,353.62,352.31,350.99,361.61,260,650,351.28,-0.0784590957278412,351.05,350.84
361.61,0.998629534754574,351.09,371.89,365.2,351.01,1040.0,352.32,351.05,351.6,350.82,351.59,361.41,350.95,351.32,350.95,361.41,350.94,390,350.98,352.1,352.32,351.01,361.61,260,650,351.19,-0.05233595624294082,351.01,350.83
361.61,0.9996573249755573,351.05,370.11,360.01,350.94,1040.0,352.32,351.01,351.34,350.83,351.31,361.41,350.93,351.17,351.0,361.41,350.9,390,350.95,351.58,352.32,351.11,361.61,260,650,351.14,-0.026176948307872656,350.98,350.82
361.61,1.0,351.02,367.44,356.79,350.9,1040.0,352.32,350.98,351.2,350.85,351.17,361.41,350.91,351.08,351.16,354.77,350.87,390,350.93,351.33,351.4,351.39,360.63,260,650,351.1,0.0,350.96,350.81
361.61,0.9996573249755571,351.0,364.8,355.32,350.87,1040.0,352.32,350.96,351.11,350.88,351.08,361.41,350.9,351.02,351.19,352.29,350.85,390,350.91,351.19,351.13,351.37,353.79,260,650,351.08,0.026176948307879103,350.95,350.81
360.66,0.9986295347545736,351.25,368.57,358.45,350.85,130.0,351.4,350.95,351.05,350.88,351.02,354.78,351.06,350.98,351.12,351.61,350.84,90,350.9,351.11,351.01,351.24,352.14,260,350,351.4,0.05233595624294829,351.15,350.83
353.79,0.9969173337331277,351.57,371.9,365.92,350.84,130.0,351.13,351.15,351.01,350.87,350.98,352.29,351.28,350.95,351.06,351.32,350.83,90,351.06,351.05,350.94,351.16,351.6,260,350,351.77,0.07845909572784791,351.41,350.87
352.14,0.9945218953682732,351.9,372.73,370.24,350.86,130.0,351.01,351.41,350.98,350.86,351.21,351.61,351.5,350.93,351.02,351.17,350.82,90,351.28,351.35,350.9,351.1,351.34,260,350,352.18,0.10452846326765494,351.68,350.92
351.6,0.9914448613738104,352.36,372.82,370.82,350.91,130.0,350.94,351.68,350.96,350.85,351.54,351.33,351.75,350.91,350.99,351.08,350.81,90,351.5,351.78,350.87,351.06,351.2,260,350,352.91,0.13052619222005157,352.01,350.99
353.13,0.9876883405951368,353.56,372.83,370.85,350.99,130.0,350.98,352.01,350.95,350.84,351.97,352.19,352.13,350.9,350.97,351.02,350.81,90,351.75,352.44,350.85,351.04,351.11,260,350,355.73,0.15643446504023675,352.64,351.05
357.22,0.9832549075639537,358.4,372.83,370.85,351.07,130.0,351.1,352.64,351.15,350.83,352.84,354.01,353.08,351.06,350.96,350.98,350.83,90,352.13,354.27,350.84,351.02,351.05,260,350,360.87,0.18223552549215186,354.83,351.12
360.99,0.978147600733805,361.35,372.83,370.85,351.2,130.0,351.27,354.83,351.41,350.83,355.73,358.59,356.56,351.28,350.95,350.95,350.87,90,353.08,359.5,350.83,351.01,351.01,260,350,361.59,0.20791169081776223,360.1,351.24
361.52,0.9723699203976762,361.61,372.83,370.85,351.4,130.0,351.54,360.1,351.68,350.83,360.05,360.83,360.39,351.5,350.94,350.93,350.92,90,356.56,361.36,350.82,351.0,350.98,260,350,361.64,0.23344536385590683,361.43,351.45
361.58,0.9659258262890683,360.9,372.97,372.19,351.68,1040.0,351.82,361.43,352.01,350.82,361.09,361.23,352.67,351.75,350.94,350.91,350.99,390,360.39,361.56,350.81,350.99,350.96,260,650,365.65,0.25881904510252074,354.91,351.19
361.6,0.9588197348681914,354.13,372.97,372.19,351.93,1040.0,352.02,354.91,352.64,350.82,361.29,361.33,351.75,352.13,350.94,350.9,351.05,390,352.67,361.59,350.81,350.99,350.95,260,650,359.13,0.2840153447039283,352.42,351.04
361.61,0.9510565162951522,352.32,372.97,372.18,352.09,1040.0,352.15,352.42,354.83,350.82,361.35,361.37,351.39,353.08,350.94,351.06,351.12,390,351.75,361.6,350.83,350.99,351.15,260,650,353.79,0.30901699437495167,351.71,350.96
361.61,0.9426414910921774,351.71,372.97,372.18,352.19,1040.0,352.22,351.71,360.1,350.82,361.38,361.39,351.21,356.56,350.94,351.28,351.24,390,351.39,361.61,350.87,350.99,351.41,260,650,352.3,0.33380685923377373,351.4,350.91
360.08,0.9335804264972012,353.44,372.83,370.86,352.25,130.0,351.38,351.4,361.43,350.82,361.4,354.51,351.82,360.39,350.94,351.5,351.45,90,351.21,361.61,350.92,350.99,351.68,260,350,356.05,0.3583679495453016,352.36,350.95
353.63,0.9238795325112867,358.07,372.83,370.85,352.28,130.0,351.12,352.36,354.91,350.82,361.4,352.23,352.9,352.67,350.94,351.75,351.19,90,351.82,361.61,350.99,350.99,352.01,260,350,360.77,0.3826834323650898,354.55,351.04
352.1,0.9135454576425985,361.28,372.83,370.85,352.3,130.0,351.01,354.55,352.42,350.82,361.41,351.59,356.02,351.75,350.94,352.13,351.04,90,352.9,361.61,351.05,350.99,352.64,260,350,361.58,0.4067366430758056,359.75,351.18
351.58,0.9025852843498587,361.6,372.83,370.85,352.31,130.0,350.94,359.75,351.71,350.82,361.41,351.31,360.15,351.39,350.94,353.08,350.96,90,356.02,361.61,351.12,350.99,354.83,260,350,361.64,0.43051109680829913,361.39,351.4
353.05,0.8910065241883666,360.25,372.97,372.19,352.32,1040.0,350.98,361.39,351.4,350.82,361.41,352.16,352.57,351.21,350.94,356.56,350.91,390,360.15,361.61,351.24,350.99,360.1,260,650,365.43,0.4539904997395494,354.6,351.17
356.97,0.8788171126619647,353.9,372.97,372.19,352.32,1040.0,351.09,354.6,352.36,350.82,361.41,353.89,351.71,351.82,350.94,360.39,350.95,390,352.57,361.61,351.45,350.99,361.43,260,650,358.53,0.4771587602596097,352.35,351.03
360.93,0.8660254037844387,352.26,372.97,372.18,351.4,1040.0,351.26,352.35,354.55,350.82,354.77,358.41,351.37,352.9,350.94,352.67,351.04,390,351.71,360.63,351.19,350.99,354.91,260,650,353.62,0.49999999999999994,351.68,350.95
361.51,0.8526401643540892,351.69,372.97,372.17,351.13,1040.0,351.53,351.68,359.75,350.82,352.29,360.8,351.2,356.02,350.94,351.75,351.18,390,351.37,353.79,351.04,350.99,352.42,260,650,352.25,0.5224985647159539,351.39,350.91
361.58,0.8386705679454216,353.32,372.83,370.86,351.01,130.0,351.81,351.39,361.39,350.82,351.61,361.22,351.79,360.15,350.94,351.39,351.4,90,351.2,352.14,350.96,350.99,351.71,260,350,355.76,0.5446390350150309,352.31,350.94
361.6,0.824126188622014,357.77,372.83,370.85,350.94,130.0,352.01,352.31,354.6,350.82,351.32,361.33,352.82,352.57,350.94,351.21,351.17,90,351.79,351.6,350.91,350.99,351.4,260,350,360.65,0.5664062369248353,354.36,351.03
361.61,0.8090169943749466,361.23,372.83,370.85,350.9,130.0,352.15,354.36,352.35,350.82,351.17,361.37,355.78,351.71,350.94,351.82,351.03,90,352.82,351.34,350.95,350.99,352.36,260,350,361.57,0.5877852522924742,359.56,351.17
361.61,0.7933533402912352,361.6,372.83,370.85,350.87,130.0,352.22,359.56,351.68,350.82,351.08,361.39,360.05,351.37,350.94,352.9,350.95,90,355.78,351.2,351.04,350.99,354.55,260,350,361.64,0.6087614290087207,361.36,351.38
360.07,0.7771459614569671,361.63,372.83,370.85,350.85,130.0,351.38,361.36,351.39,350.82,351.02,354.51,361.09,351.2,350.95,356.02,350.91,90,360.05,351.11,351.18,351.01,359.75,260,350,361.64,0.629320391049842,361.56,351.67
353.62,0.760405965600028,361.64,372.83,370.85,350.84,130.0,351.12,361.56,352.31,350.83,350.98,352.23,361.29,351.79,351.0,360.15,350.94,90,361.09,351.05,351.4,351.11,361.39,260,350,361.64,0.649448048330187,361.59,351.92
352.1,0.7431448254773922,361.64,372.83,370.85,350.83,130.0,351.01,361.59,354.36,350.85,350.95,351.59,361.35,352.82,351.16,352.57,351.03,90,361.29,351.01,351.17,351.39,354.6,260,350,361.64,0.6691306063588603,361.6,352.09
351.58,0.7253743710122866,361.64,372.83,370.85,350.82,130.0,350.94,361.6,359.56,350.88,350.93,351.31,361.38,355.78,351.19,351.71,351.17,90,361.35,350.98,351.03,351.37,352.35,260,350,361.64,0.688354575693755,361.61,352.19
351.33,0.7071067811865476,361.64,372.83,370.85,350.81,130.0,350.9,361.61,361.36,350.88,350.91,351.17,361.4,360.05,351.12,351.37,351.38,90,361.38,350.96,350.95,351.24,351.68,260,350,361.64,0.7071067811865475,361.61,352.25
351.19,0.6883545756937497,361.64,372.83,370.85,350.81,130.0,350.87,361.61,361.56,350.87,350.9,351.08,361.4,361.09,351.06,351.2,351.67,90,361.4,350.95,350.91,351.16,351.39,260,350,361.64,0.7253743710122917,361.61,352.28
351.11,0.669130606358855,361.64,372.83,370.85,350.83,130.0,350.85,361.61,361.59,350.86,351.06,351.02,361.41,361.29,351.02,351.79,351.92,90,361.4,351.15,350.94,351.1,352.31,260,350,361.64,0.7431448254773971,361.61,352.3
351.05,0.6494480483301814,361.64,372.83,370.85,350.87,130.0,350.84,361.61,361.6,350.85,351.28,350.98,361.41,361.35,351.01,352.82,352.09,90,361.41,351.41,351.03,351.1,354.36,260,350,361.64,0.7604059656000328,361.61,352.31
351.35,0.6293203910498363,365.55,372.97,372.19,350.92,1040.0,350.86,361.61,361.61,350.85,351.5,351.21,354.75,361.38,351.11,355.78,352.19,390,361.41,351.68,351.17,351.29,359.56,260,650,366.69,0.7771459614569718,360.58,351.4
351.78,0.6087614290087207,358.19,372.97,372.19,350.99,1040.0,350.91,360.58,361.61,350.88,351.75,351.54,352.29,361.4,351.42,360.05,352.25,390,354.75,352.01,351.38,351.97,361.36,260,650,364.48,0.7933533402912352,353.77,351.13
352.44,0.5877852522924684,353.33,372.97,372.19,351.05,1040.0,350.99,353.77,361.61,350.96,352.13,351.97,351.61,361.4,352.44,361.09,352.28,390,352.29,352.64,351.67,355.47,361.56,260,650,356.86,0.8090169943749509,352.14,351.01
354.27,0.5664062369248292,352.08,372.97,372.18,351.12,1040.0,351.07,352.14,361.61,351.11,353.08,352.84,351.32,361.41,356.84,361.29,352.3,390,351.61,354.83,351.92,365.68,361.59,260,650,353.15,0.8241261886220181,351.6,350.94
359.5,0.5446390350150246,351.61,372.97,372.17,351.24,1040.0,351.2,351.6,361.61,351.35,356.56,355.73,351.17,361.41,364.29,361.35,352.31,390,351.32,360.1,352.09,368.48,361.6,260,650,352.09,0.8386705679454256,351.34,350.9
361.36,0.5224985647159476,351.37,372.96,372.07,351.45,1040.0,351.4,351.34,360.58,351.62,360.39,360.05,351.08,354.75,367.16,361.38,351.4,390,351.17,361.43,352.19,368.9,361.61,260,650,351.65,0.8526401643540931,351.2,350.87
361.56,0.5000000000000001,351.23,372.9,371.55,351.19,1040.0,351.68,351.2,353.77,351.86,352.67,361.09,351.02,352.29,367.98,361.4,351.13,390,351.08,354.91,352.25,368.99,361.61,260,650,351.42,0.8660254037844386,351.11,350.85
361.59,0.4771587602596033,351.14,372.66,369.61,351.04,1040.0,351.93,351.11,352.14,351.47,351.75,361.29,350.98,351.61,354.6,361.4,351.01,390,351.02,352.42,352.28,359.14,361.61,260,650,351.28,0.8788171126619682,351.05,350.84
361.6,0.45399049973954286,351.55,372.78,370.51,350.96,130.0,352.09,351.05,351.6,351.18,351.39,361.35,351.22,351.32,352.31,361.41,350.94,90,350.98,351.71,352.3,353.48,361.61,260,350,351.84,0.8910065241883699,351.36,350.86
361.61,0.43051109680829247,352.14,372.82,370.82,350.91,130.0,352.19,351.36,351.34,351.05,351.21,361.38,351.54,351.17,351.67,361.41,350.9,90,351.22,351.4,352.31,352.13,361.61,260,350,352.72,0.9025852843498618,351.79,350.91
361.61,0.406736643075799,353.33,372.83,370.85,350.95,130.0,352.25,351.79,351.2,350.97,351.82,361.4,351.99,351.08,351.38,354.75,350.87,90,351.54,352.36,351.4,351.64,360.58,260,350,355.3,0.9135454576426014,352.47,350.99
361.61,0.38268343236508984,357.68,372.83,370.85,351.04,130.0,352.28,352.47,351.11,350.94,352.9,361.4,352.87,351.02,351.55,352.29,350.85,90,351.99,354.55,351.13,352.22,353.77,260,350,360.6,0.9238795325112867,354.37,351.08
361.61,0.3583679495452948,352.99,372.97,372.19,351.18,1040.0,352.3,354.37,351.05,351.0,356.02,361.41,351.55,350.98,352.94,351.61,350.84,390,352.87,359.75,351.01,357.51,352.14,260,650,355.82,0.9335804264972039,352.01,351.0
361.61,0.33380685923376674,351.98,372.97,372.18,351.4,1040.0,352.31,352.01,351.36,351.16,360.15,361.41,351.29,351.22,358.81,351.32,350.86,390,351.55,361.39,350.94,366.94,351.6,260,650,352.89,0.9426414910921799,351.54,350.93
361.61,0.30901699437494473,351.56,372.97,372.16,351.17,1040.0,352.32,351.54,351.79,351.41,352.57,361.41,351.15,351.54,365.37,351.17,350.91,390,351.29,354.6,350.9,368.66,351.34,260,650,351.99,0.9510565162951544,351.31,350.9
361.61,0.28401534470392126,351.34,372.96,372.03,351.03,1040.0,352.32,351.31,352.47,351.69,351.71,361.41,351.07,351.99,367.44,351.08,350.99,390,351.15,352.35,350.87,368.93,351.2,260,650,351.6,0.9588197348681935,351.18,350.87
360.63,0.25881904510252074,351.22,372.88,371.37,350.95,1040.0,351.4,351.18,354.37,351.9,351.37,354.77,351.01,352.87,368.08,351.02,351.08,390,351.07,351.68,350.85,369.0,351.11,260,650,351.39,0.9659258262890683,351.1,350.85
353.79,0.23344536385589965,351.13,372.58,369.06,350.91,1040.0,351.13,351.1,352.01,352.06,351.2,352.29,350.97,351.55,368.34,350.98,351.0,390,351.01,351.39,350.84,369.03,351.05,260,650,351.26,0.972369920397678,351.04,350.84
352.14,0.20791169081775512,351.08,371.67,364.28,350.94,1040.0,351.01,351.04,351.54,352.16,351.79,351.61,350.94,351.29,368.47,351.22,350.93,390,350.97,352.31,350.86,369.04,351.36,260,650,351.18,0.9781476007338066,351.0,350.83
351.6,0.1822355254921444,351.04,369.7,359.3,351.03,1040.0,350.94,351.0,351.31,352.23,352.82,351.32,350.92,351.15,368.53,351.54,350.9,390,350.94,354.36,350.91,369.05,351.79,260,650,351.13,0.9832549075639552,350.98,350.82
351.34,0.1564344650402294,351.02,366.96,356.46,351.17,1040.0,350.9,350.98,351.18,352.26,355.78,351.17,350.91,351.07,368.56,351.99,350.87,390,350.92,359.56,350.99,369.05,352.47,260,650,351.09,0.987688340595138,350.96,350.81
351.2,0.1305261922200517,351.0,364.42,355.17,351.38,1040.0,350.87,350.96,351.1,352.29,360.05,351.08,350.9,351.01,368.58,352.87,350.85,390,350.91,361.36,351.08,369.05,354.37,260,650,351.08,0.9914448613738104,350.95,350.81
351.11,0.10452846326764771,350.99,362.61,354.55,351.67,1040.0,350.85,350.95,351.04,352.3,361.09,351.02,350.9,350.97,368.59,351.55,350.84,390,350.9,361.56,351.0,369.05,352.01,260,650,351.06,0.994521895368274,350.94,350.81
351.05,0.07845909572784035,350.99,361.48,354.24,351.92,1040.0,350.84,350.94,351.0,352.31,361.29,350.98,350.89,350.94,368.59,351.29,350.83,390,350.9,361.59,350.93,369.05,351.54,260,650,351.06,0.9969173337331283,350.93,350.81
351.01,0.052335956242940865,350.98,360.8,354.07,352.09,1040.0,350.83,350.93,350.98,352.31,361.35,350.95,350.89,350.92,368.6,351.15,350.82,390,350.89,361.6,350.9,369.06,351.31,260,650,351.05,0.998629534754574,350.93,350.8
350.98,0.026176948307871584,350.98,360.4,353.97,352.19,1040.0,350.82,350.93,350.96,352.32,361.38,350.93,350.89,350.91,368.6,351.07,350.81,390,350.89,361.61,350.87,369.06,351.18,260,650,351.05,0.9996573249755574,350.93,350.8
350.96,6.123233995736766e-17,350.98,360.17,353.92,352.25,1040.0,350.81,350.93,350.95,352.32,361.4,350.91,350.89,350.9,368.6,351.01,350.81,390,350.89,361.61,350.85,369.06,351.1,260,650,351.05,1.0,350.93,350.8
350.95,-0.02617694830787923,350.98,360.04,353.89,352.28,1040.0,350.81,350.93,350.94,352.32,361.4,350.9,350.89,350.9,368.6,350.97,350.81,390,350.89,361.61,350.84,369.06,351.04,260,650,351.05,0.9996573249755571,350.93,350.8
351.15,-0.052335956242948276,351.22,363.64,355.35,352.3,130.0,350.83,350.93,350.93,352.32,361.41,351.06,351.04,350.89,368.6,350.94,350.81,90,350.89,361.61,350.83,369.06,351.0,260,350,351.35,0.9986295347545736,351.12,350.82
351.41,-0.07845909572784798,351.51,369.29,359.48,352.31,130.0,350.87,351.12,350.93,352.32,361.41,351.28,351.24,350.89,368.6,350.92,350.8,90,351.04,361.61,350.82,369.06,350.98,260,350,351.69,0.9969173337331277,351.37,350.86
351.68,-0.10452846326765487,351.8,372.23,367.46,351.4,130.0,350.92,351.37,350.93,352.32,354.75,351.5,351.46,350.89,368.6,350.91,350.8,90,351.24,360.58,350.81,369.06,350.96,260,350,352.02,0.9945218953682732,351.62,350.91
352.01,-0.1305261922200516,352.1,372.78,370.55,351.13,130.0,350.99,351.62,350.93,351.62,352.29,351.75,351.66,350.89,356.05,350.9,350.8,90,351.46,353.77,350.81,361.35,350.95,260,350,352.42,0.9914448613738104,351.87,350.97
352.64,-0.15643446504023673,352.65,372.83,370.84,351.01,130.0,351.05,351.87,350.93,351.24,351.61,352.13,351.91,350.89,352.64,350.9,350.8,90,351.66,352.14,350.81,354.3,350.94,260,350,353.42,0.9876883405951368,352.22,351.03
354.83,-0.1822355254921519,354.59,372.83,370.85,350.94,130.0,351.12,352.22,351.12,351.08,351.32,353.08,352.37,351.04,351.79,350.89,350.82,90,351.91,351.6,350.81,352.35,350.93,260,350,357.92,0.9832549075639537,353.08,351.09
360.1,-0.20791169081776217,360.12,372.83,370.85,350.9,130.0,351.24,353.08,351.37,350.99,351.17,356.56,353.84,351.24,351.44,350.89,350.86,90,352.37,351.34,350.8,351.73,350.93,260,350,361.35,0.978147600733805,356.71,351.17
361.43,-0.23344536385590686,361.52,372.83,370.85,350.87,130.0,351.45,356.71,351.62,350.94,351.08,360.39,358.41,351.46,351.26,350.89,350.91,90,353.84,351.2,350.8,351.45,350.93,260,350,361.62,0.9723699203976762,360.93,351.31
354.91,-0.25881904510252063,361.62,372.83,370.85,350.85,130.0,351.19,360.93,351.87,350.9,351.02,352.67,360.83,351.66,351.15,350.89,350.97,90,358.41,351.11,350.8,351.28,350.93,260,350,361.64,0.9659258262890683,361.52,351.55
352.42,-0.28401534470392836,361.63,372.83,370.85,350.84,130.0,351.04,361.52,352.22,350.88,350.98,351.75,361.23,351.91,351.08,350.89,351.03,90,360.83,351.05,350.8,351.18,350.93,260,350,361.64,0.9588197348681914,361.58,351.82
351.71,-0.30901699437495156,361.64,372.83,370.85,350.86,130.0,350.96,361.58,353.08,350.86,351.22,351.39,361.33,352.37,351.04,351.04,351.09,90,361.23,351.36,350.82,351.12,351.12,260,350,361.64,0.9510565162951522,361.6,352.03
351.4,-0.33380685923377373,361.64,372.83,370.85,350.91,130.0,350.91,361.6,356.71,350.85,351.54,351.21,361.37,353.84,351.02,351.24,351.17,90,361.33,351.79,350.86,351.11,351.37,260,350,361.64,0.9426414910921774,361.61,352.15
352.36,-0.3583679495453015,361.64,372.83,370.85,350.99,130.0,350.95,361.61,360.93,350.86,351.99,351.82,361.39,358.41,351.13,351.46,351.31,90,361.37,352.47,350.91,351.32,351.62,260,350,361.64,0.9335804264972013,361.61,352.23
354.55,-0.3826834323650895,361.64,372.83,370.85,351.08,130.0,351.04,361.61,361.52,350.89,352.87,352.9,361.4,360.83,351.47,351.66,351.55,90,361.39,354.37,350.97,352.09,351.87,260,350,361.64,0.9238795325112868,361.61,352.27
359.75,-0.40673664307580554,361.64,372.83,370.85,351.0,130.0,351.18,361.61,361.58,350.97,351.55,356.02,361.41,361.23,352.63,351.91,351.82,90,361.4,352.01,351.03,356.23,352.22,260,350,361.64,0.9135454576425985,361.61,352.29
361.39,-0.43051109680829935,361.64,372.83,370.85,350.93,130.0,351.4,361.61,361.6,351.13,351.29,360.15,361.41,361.33,357.57,352.37,352.03,90,361.41,351.54,351.09,366.24,353.08,260,350,361.64,0.9025852843498586,361.61,352.31
354.6,-0.45399049973954947,365.54,372.97,372.19,350.9,1040.0,351.17,361.61,361.61,351.37,351.15,352.57,354.74,361.37,364.73,353.84,352.15,390,361.41,351.31,351.17,368.56,356.71,260,650,366.69,0.8910065241883665,360.56,351.4
352.35,-0.4771587602596096,358.18,372.97,372.19,350.87,1040.0,351.03,360.56,361.61,351.65,351.07,351.71,352.28,361.39,367.28,358.41,352.23,390,354.74,351.18,351.31,368.91,360.93,260,650,364.46,0.8788171126619647,353.77,351.13
351.68,-0.4999999999999998,353.32,372.97,372.19,350.85,1040.0,350.95,353.77,361.61,351.88,351.01,351.37,351.61,361.4,368.02,360.83,352.27,390,352.28,351.1,351.55,368.99,361.52,260,650,356.84,0.8660254037844387,352.13,351.01
351.39,-0.5224985647159541,352.08,372.97,372.18,350.84,1040.0,350.91,352.13,361.61,351.48,350.97,351.2,351.32,361.41,354.65,361.23,352.29,390,351.61,351.04,351.82,359.25,361.58,260,650,353.15,0.8526401643540891,351.6,350.94
352.31,-0.5446390350150309,355.33,372.83,370.86,350.83,130.0,350.94,351.6,361.61,351.19,350.94,351.79,352.19,361.41,352.32,361.33,352.31,90,351.32,351.0,352.03,353.51,361.6,260,350,359.24,0.8386705679454216,353.12,350.98
354.36,-0.5664062369248352,360.41,372.83,370.85,350.82,130.0,351.03,353.12,360.56,351.05,350.92,352.82,353.99,354.74,351.67,361.37,351.4,90,352.19,350.98,352.15,352.14,361.61,260,350,361.42,0.824126188622014,357.18,351.1
359.56,-0.5877852522924741,361.53,372.83,370.85,350.81,130.0,351.17,357.18,353.77,350.97,350.91,355.78,358.56,352.28,351.38,361.39,351.13,90,353.99,350.96,352.23,351.64,361.61,260,350,361.62,0.8090169943749467,360.98,351.27
361.36,-0.6087614290087207,361.62,372.83,370.85,350.81,130.0,351.38,360.98,352.13,350.94,350.9,360.05,360.83,351.61,351.56,361.4,351.01,90,358.56,350.95,352.27,352.23,361.61,260,350,361.64,0.7933533402912352,361.52,351.54
361.56,-0.629320391049842,361.63,372.83,370.85,350.81,130.0,351.67,361.52,351.6,351.0,350.9,361.09,361.22,351.32,352.97,361.41,350.94,90,360.83,350.94,352.29,357.61,361.61,260,350,361.64,0.7771459614569671,361.58,351.82
361.59,-0.649448048330187,361.64,372.83,370.85,350.81,130.0,351.92,361.58,353.12,351.16,350.89,361.29,361.33,352.19,358.88,361.41,350.98,90,361.22,350.93,352.31,366.97,361.61,260,350,361.64,0.7604059656000282,361.6,352.02
361.6,-0.6691306063588602,361.64,372.83,370.85,350.8,130.0,352.09,361.6,357.18,351.41,350.89,361.35,361.37,353.99,365.41,354.74,351.1,90,361.33,350.93,351.4,368.66,360.56,260,350,361.64,0.7431448254773925,361.61,352.15
361.61,-0.6883545756937551,361.64,372.83,370.85,350.8,130.0,352.19,361.61,360.98,351.69,350.89,361.38,361.39,358.56,367.45,352.28,351.27,90,361.37,350.93,351.13,368.93,353.77,260,350,361.64,0.7253743710122866,361.61,352.22
361.61,-0.7071067811865475,361.64,372.83,370.85,350.8,130.0,352.25,361.61,361.52,351.91,350.89,361.4,361.4,360.83,368.08,351.61,351.54,90,361.39,350.93,351.01,369.0,352.13,260,350,361.64,0.7071067811865476,361.61,352.27
361.61,-0.7253743710122916,361.64,372.83,370.85,350.8,130.0,352.28,361.61,361.58,352.06,350.89,361.4,361.41,361.22,368.35,351.32,351.82,90,361.4,350.93,350.94,369.03,351.6,260,350,361.64,0.6883545756937498,361.61,352.29
361.61,-0.743144825477397,361.64,372.83,370.85,350.82,130.0,352.3,361.61,361.6,352.16,351.04,361.41,361.41,361.33,368.47,352.19,352.02,90,361.41,351.12,350.98,369.04,353.12,260,350,361.64,0.6691306063588551,361.61,352.31
361.61,-0.7604059656000329,361.64,372.83,370.85,350.86,130.0,352.31,361.61,361.61,352.23,351.24,361.41,361.41,361.37,368.53,353.99,352.15,90,361.41,351.37,351.1,369.05,357.18,260,350,361.64,0.6494480483301813,361.61,352.31
360.58,-0.7771459614569718,365.55,372.97,372.19,350.91,1040.0,351.4,361.61,361.61,352.26,351.46,354.75,354.76,361.39,368.56,358.56,352.22,390,361.41,351.62,351.27,369.05,360.98,260,650,366.69,0.6293203910498364,360.6,351.4
353.77,-0.793353340291235,358.21,372.97,372.19,350.97,1040.0,351.13,360.6,361.61,352.29,351.66,352.29,352.29,361.4,368.58,360.83,352.27,390,354.76,351.87,351.54,369.05,361.52,260,650,364.49,0.6087614290087209,353.78,351.13
352.14,-0.8090169943749508,353.33,372.97,372.19,351.03,1040.0,351.01,353.78,361.61,352.3,351.91,351.61,351.61,361.41,368.59,361.22,352.29,390,352.29,352.22,351.82,369.05,361.58,260,650,356.87,0.5877852522924686,352.14,351.01
351.6,-0.8241261886220183,352.08,372.97,372.18,351.09,1040.0,350.94,352.14,361.61,351.62,352.37,351.32,351.32,361.41,355.99,361.33,352.31,390,351.61,353.08,352.02,361.28,361.6,260,650,353.16,0.5664062369248292,351.6,350.94
351.34,-0.8386705679454256,355.34,372.83,370.86,351.17,130.0,350.9,351.6,361.61,351.24,353.84,351.17,352.19,361.41,352.63,361.37,352.31,90,351.32,356.71,352.15,354.26,361.61,260,350,359.26,0.5446390350150246,353.13,350.98
351.2,-0.8526401643540931,360.42,372.83,370.85,351.31,130.0,350.87,353.13,360.6,351.07,358.41,351.08,354.0,354.76,351.78,361.39,351.4,90,352.19,360.93,352.22,352.35,361.61,260,350,361.42,0.5224985647159475,357.19,351.1
351.11,-0.8660254037844387,361.53,372.83,370.85,351.55,130.0,350.85,357.19,353.78,350.99,360.83,351.02,358.57,352.29,351.44,361.4,351.13,90,354.0,361.52,352.27,351.73,361.61,260,350,361.62,0.49999999999999994,360.98,351.27
351.05,-0.8788171126619683,361.62,372.83,370.85,351.82,130.0,350.84,360.98,352.14,350.94,361.23,350.98,360.83,351.61,351.26,361.41,351.01,90,358.57,361.58,352.29,351.44,361.61,260,350,361.64,0.4771587602596032,361.52,351.54
351.36,-0.8910065241883698,361.63,372.83,370.85,352.03,130.0,350.86,361.52,351.6,350.9,361.33,351.22,361.23,351.32,351.15,361.41,350.94,90,360.83,361.6,352.31,351.28,361.61,260,350,361.64,0.4539904997395429,361.58,351.82
351.79,-0.9025852843498617,361.64,372.83,370.85,352.15,130.0,350.91,361.58,353.13,350.88,361.37,351.54,361.33,352.19,351.08,361.41,350.98,90,361.23,361.61,352.31,351.18,361.61,260,350,361.64,0.4305110968082927,361.6,352.02
352.47,-0.9135454576426015,361.64,372.83,370.85,352.23,130.0,350.99,361.6,357.19,350.86,361.39,351.99,361.37,354.0,351.03,354.76,351.1,90,361.33,361.61,351.4,351.12,360.6,260,350,361.64,0.4067366430757988,361.61,352.15
354.37,-0.9238795325112867,361.64,372.83,370.85,352.27,130.0,351.08,361.61,360.98,350.85,361.4,352.87,361.39,358.57,351.0,352.29,351.27,90,361.37,361.61,351.13,351.07,353.78,260,350,361.64,0.3826834323650899,361.61,352.22
352.01,-0.933580426497204,361.64,372.83,370.85,352.29,130.0,351.0,361.61,361.52,350.84,361.41,351.55,361.4,360.83,350.98,351.61,351.54,90,361.39,361.61,351.01,351.04,352.14,260,350,361.64,0.35836794954529444,361.61,352.27
351.54,-0.94264149109218,361.64,372.83,370.85,352.31,130.0,350.93,361.61,361.58,350.83,361.41,351.29,361.41,361.23,350.96,351.32,351.82,90,361.4,361.61,350.94,351.02,351.6,260,350,361.64,0.3338068592337666,361.61,352.29
351.31,-0.9510565162951545,361.64,372.83,370.85,351.4,130.0,350.9,361.61,361.6,350.83,354.74,351.15,361.41,361.33,350.95,352.19,352.02,90,361.41,360.56,350.98,351.01,353.13,260,350,361.64,0.30901699437494456,361.61,352.31
351.18,-0.9588197348681934,361.64,372.83,370.85,351.13,130.0,350.87,361.61,361.61,350.83,352.28,351.07,361.41,361.37,350.95,354.0,352.15,90,361.41,353.77,351.1,351.0,357.19,260,350,361.64,0.2840153447039213,361.61,352.31
351.1,-0.9659258262890682,361.64,372.83,370.85,351.01,130.0,350.85,361.61,361.61,350.83,351.61,351.01,361.41,361.39,350.97,358.57,352.22,90,361.41,352.13,351.27,351.04,360.98,260,350,361.64,0.258819045102521,361.61,352.32
351.04,-0.9723699203976779,361.64,372.83,370.85,350.94,130.0,350.84,361.61,361.61,350.84,351.32,350.97,361.41,361.4,351.05,360.83,352.27,90,361.41,351.6,351.54,351.18,361.52,260,350,361.64,0.2334453638558999,361.61,352.32
351.0,-0.9781476007338066,361.64,372.83,370.85,350.98,130.0,350.83,361.61,361.61,350.86,352.19,350.94,361.41,361.41,351.27,361.23,352.29,90,361.41,353.12,351.82,351.62,361.58,260,350,361.64,0.20791169081775496,361.61,352.32
350.98,-0.9832549075639551,361.64,372.83,370.85,351.1,130.0,350.82,361.61,361.61,350.9,353.99,350.92,361.41,361.41,351.27,361.33,352.31,90,361.41,357.18,352.02,351.5,361.6,260,350,361.64,0.18223552549214467,361.61,352.32
350.96,-0.9876883405951379,365.57,372.97,372.19,351.27,1040.0,350.81,361.61,361.61,350.89,358.56,350.91,354.78,361.41,351.17,361.37,352.31,390,361.41,360.98,352.15,351.32,361.61,260,650,366.69,0.15643446504022968,360.65,351.4
350.95,-0.9914448613738104,358.25,372.97,372.19,351.54,1040.0,350.81,360.65,361.61,350.88,360.83,350.9,352.29,361.41,351.1,361.39,352.32,390,354.78,361.52,352.22,351.21,361.61,260,650,364.51,0.130526192220052,353.79,351.13
350.94,-0.994521895368274,353.34,372.97,372.19,351.82,1040.0,350.81,353.79,361.61,350.86,361.22,350.9,351.61,361.41,351.05,361.4,352.32,390,352.29,361.58,352.27,351.13,361.61,260,650,356.9,0.10452846326764756,352.14,351.01
350.93,-0.9969173337331283,352.09,372.97,372.18,352.02,1040.0,350.81,352.14,361.61,350.85,361.33,350.89,351.33,361.41,351.04,361.41,352.32,390,351.61,361.6,352.29,351.14,361.61,260,650,353.17,0.07845909572784064,351.6,350.94
350.93,-0.998629534754574,355.36,372.83,370.86,352.15,130.0,350.8,351.6,361.61,350.86,361.37,350.89,352.19,361.41,351.17,361.41,352.32,90,351.33,361.61,352.31,351.4,361.61,260,350,359.28,0.0523359562429407,353.13,350.98
350.93,-0.9996573249755574,360.43,372.83,370.85,352.22,130.0,350.8,353.13,360.65,350.9,361.39,350.89,354.01,354.78,351.58,361.41,351.4,90,352.19,361.61,352.31,352.39,361.61,260,350,361.42,0.026176948307871647,357.22,351.1
350.93,-1.0,361.53,372.83,370.85,352.27,130.0,350.8,357.22,353.79,350.99,361.4,350.89,358.59,352.29,353.09,361.41,351.13,90,354.01,361.61,352.32,358.13,361.61,260,350,361.62,1.2246467991473532e-16,360.99,351.27
350.93,-0.9996573249755571,361.62,372.83,370.85,352.29,130.0,350.8,360.99,352.14,351.16,361.41,350.89,360.83,351.61,359.1,361.41,351.01,90,358.59,361.61,352.32,367.07,361.61,260,350,361.64,-0.02617694830787895,361.52,351.54
351.12,-0.9986295347545736,362.02,372.97,372.19,352.31,1040.0,350.82,361.52,351.6,351.42,361.41,351.04,352.89,351.33,365.49,361.41,350.94,390,360.83,361.61,352.32,368.67,361.61,260,650,365.97,-0.052335956242948,355.57,351.22
351.37,-0.9969173337331277,354.58,372.97,372.19,352.31,1040.0,350.86,355.57,353.13,351.69,361.41,351.24,351.81,352.19,367.47,361.41,350.98,390,352.89,361.61,352.32,368.93,361.61,260,650,360.2,-0.07845909572784747,352.58,351.05
351.62,-0.9945218953682732,352.44,372.97,372.19,351.4,1040.0,350.91,352.58,357.22,351.91,354.76,351.46,351.42,354.01,368.09,354.78,351.1,390,351.81,360.6,351.4,369.0,360.65,260,650,354.15,-0.10452846326765526,351.77,350.97
351.87,-0.9914448613738104,351.77,372.97,372.18,351.13,1040.0,350.97,351.77,360.99,352.06,352.29,351.66,351.23,358.59,368.35,352.29,351.27,390,351.42,353.78,351.13,369.03,353.79,260,650,352.41,-0.13052619222005177,351.43,350.92
352.22,-0.9876883405951368,351.46,372.97,372.13,351.01,1040.0,351.03,351.43,361.52,352.16,351.61,351.91,351.11,360.83,368.47,351.61,351.54,390,351.23,352.14,351.01,369.04,352.14,260,650,351.8,-0.1564344650402369,351.25,350.88
353.08,-0.9832549075639537,351.28,372.94,371.86,350.94,1040.0,351.09,351.25,355.57,352.23,351.32,352.37,351.04,352.89,368.53,351.33,351.22,390,351.11,351.6,350.94,369.05,351.6,260,650,351.5,-0.18223552549215183,351.14,350.86
356.71,-0.978147600733805,351.18,372.8,370.7,350.98,1040.0,351.17,351.14,352.58,352.27,352.19,353.84,350.99,351.81,368.56,352.19,351.05,390,351.04,353.13,350.98,369.05,353.13,260,650,351.33,-0.20791169081776212,351.07,350.84
360.93,-0.9723699203976763,351.11,372.31,367.31,351.1,1040.0,351.31,351.07,351.77,351.61,354.0,358.41,350.96,351.42,355.87,354.01,350.97,390,350.99,357.19,351.1,361.14,357.22,260,650,351.22,-0.23344536385590658,351.02,350.83
361.52,-0.9659258262890683,351.06,370.98,362.01,351.27,1040.0,351.55,351.02,351.43,351.24,358.57,360.83,350.94,351.23,352.6,358.59,350.92,390,350.96,360.98,351.27,354.2,360.99,260,650,351.16,-0.2588190451025208,350.99,350.82
361.58,-0.9588197348681915,351.03,368.6,357.85,351.54,1040.0,351.82,350.99,351.25,351.07,360.83,361.23,350.92,351.11,351.77,360.83,350.88,390,350.94,361.52,351.54,352.33,361.52,260,650,351.11,-0.28401534470392786,350.97,350.82
361.6,-0.9510565162951521,351.01,365.83,355.79,351.82,1040.0,352.03,350.97,351.14,350.99,361.23,361.33,350.91,351.04,351.43,352.89,350.86,390,350.92,361.58,351.22,351.72,355.57,260,650,351.09,-0.30901699437495195,350.95,350.81
361.61,-0.9426414910921773,351.0,363.57,354.86,352.02,1040.0,352.15,350.95,351.07,350.95,361.33,361.37,350.9,350.99,351.66,351.81,350.84,390,350.91,361.6,351.05,352.51,352.58,260,650,351.07,-0.33380685923377384,350.94,350.81
361.61,-0.9335804264972012,350.99,362.07,354.4,352.15,1040.0,352.23,350.94,351.02,351.02,361.37,361.39,350.89,350.96,353.48,351.42,350.83,390,350.9,361.61,350.97,359.5,351.77,260,650,351.06,-0.35836794954530166,350.94,350.81
361.61,-0.9238795325112868,350.99,361.15,354.15,352.22,1040.0,352.27,350.94,350.99,351.2,361.39,361.4,350.89,350.94,360.23,351.23,350.82,390,350.89,361.61,350.92,367.51,351.43,260,650,351.05,-0.38268343236508967,350.93,350.8
361.61,-0.9135454576425985,350.98,360.61,354.02,352.27,1040.0,352.29,350.93,350.97,351.46,361.4,361.41,350.89,350.92,365.95,351.11,350.82,390,350.89,361.61,350.88,368.74,351.25,260,650,351.05,-0.4067366430758055,350.93,350.8
361.61,-0.9025852843498589,350.98,360.29,353.94,352.29,1040.0,352.31,350.93,350.95,351.32,361.41,361.41,350.89,350.91,353.44,351.04,350.81,390,350.89,361.61,350.86,356.45,351.14,260,650,351.05,-0.4305110968082989,350.93,350.8
360.56,-0.8910065241883666,350.98,360.11,353.9,352.31,1040.0,351.4,350.93,350.94,351.12,361.41,354.74,350.89,350.9,352.01,350.99,350.81,390,350.89,361.61,350.84,352.81,351.07,260,650,351.05,-0.4539904997395494,350.93,350.8
353.77,-0.8788171126619647,350.98,360.0,353.88,352.31,1040.0,351.13,350.93,350.94,351.01,361.41,352.28,350.89,350.89,351.54,350.96,350.81,390,350.89,361.61,350.83,351.91,351.02,260,650,351.05,-0.47715876025960957,350.93,350.8
352.13,-0.8660254037844388,350.98,359.94,353.86,352.32,1040.0,351.01,350.93,350.93,350.95,361.41,351.61,350.89,350.89,351.32,350.94,350.8,390,350.89,361.61,350.82,351.53,350.99,260,650,351.05,-0.4999999999999997,350.93,350.8
351.6,-0.8526401643540891,350.98,359.9,353.85,352.32,1040.0,350.94,350.93,350.93,350.91,361.41,351.32,350.89,350.89,351.19,350.92,350.8,390,350.89,361.61,350.82,351.34,350.97,260,650,351.05,-0.522498564715954,350.93,350.8
353.12,-0.8386705679454216,351.22,363.48,355.29,352.32,130.0,350.98,350.93,350.93,350.89,361.41,352.19,351.04,350.89,351.11,350.91,350.8,90,350.89,361.61,350.81,351.22,350.95,260,350,351.35,-0.5446390350150309,351.12,350.82
357.18,-0.824126188622014,351.51,369.16,359.3,352.32,130.0,351.1,351.12,350.93,350.87,361.41,353.99,351.24,350.89,351.05,350.9,350.8,90,351.04,361.61,350.81,351.14,350.94,260,350,351.69,-0.5664062369248352,351.36,350.86
360.98,-0.8090169943749465,351.79,372.2,367.31,351.4,130.0,351.27,351.36,350.93,350.85,354.78,358.56,351.45,350.89,351.01,350.89,350.8,90,351.24,360.65,350.81,351.09,350.94,260,350,352.01,-0.5877852522924745,351.61,350.91
361.52,-0.7933533402912352,352.1,372.78,370.53,351.13,130.0,351.54,351.61,350.93,350.84,352.29,360.83,351.66,350.89,351.0,350.89,350.8,90,351.45,353.79,350.8,351.08,350.93,260,350,352.41,-0.6087614290087207,351.86,350.97
361.58,-0.7771459614569671,351.38,372.95,371.98,351.01,1040.0,351.82,351.86,350.93,350.85,351.61,361.22,351.12,350.89,351.07,350.89,350.8,390,351.66,352.14,350.8,351.22,350.93,260,650,351.62,-0.629320391049842,351.23,350.91
361.6,-0.7604059656000282,351.23,372.88,371.34,350.94,1040.0,352.02,351.23,351.12,350.87,351.33,361.33,351.03,351.04,351.32,350.89,350.82,390,351.12,351.6,350.8,351.74,350.93,260,650,351.4,-0.6494480483301869,351.11,350.86
361.61,-0.7431448254773925,351.14,372.59,369.1,350.98,1040.0,352.15,351.11,351.36,350.94,352.19,361.37,350.98,351.24,352.1,350.89,350.86,390,351.03,353.13,350.8,354.12,350.93,260,650,351.27,-0.6691306063588602,351.05,350.84
361.61,-0.725374371012287,351.08,371.71,364.43,351.1,1040.0,352.22,351.05,351.61,351.07,354.01,361.39,350.95,351.45,355.34,350.89,350.91,390,350.98,357.22,350.8,363.93,350.93,260,650,351.19,-0.6883545756937547,351.01,350.83
361.61,-0.7071067811865479,351.04,369.79,359.44,351.27,1040.0,352.27,351.01,351.86,350.96,358.59,361.4,350.93,351.66,351.49,350.89,350.97,390,350.95,360.99,350.8,351.66,350.93,260,650,351.13,-0.7071067811865471,350.98,350.82
361.61,-0.6883545756937498,351.02,367.07,356.53,351.54,1040.0,352.29,350.98,351.23,351.0,360.83,361.41,350.91,351.12,351.71,350.89,350.91,390,350.93,361.52,350.8,351.92,350.93,260,650,351.1,-0.7253743710122916,350.96,350.81
361.61,-0.6691306063588548,351.0,364.51,355.2,351.22,1040.0,352.31,350.96,351.11,351.05,352.89,361.41,350.9,351.03,351.96,351.04,350.86,390,350.91,355.57,350.82,352.3,351.12,260,650,351.08,-0.7431448254773974,350.95,350.81
361.61,-0.6494480483301814,350.99,362.67,354.57,351.05,1040.0,352.31,350.95,351.05,351.11,351.81,361.41,350.9,350.98,352.49,351.24,350.84,390,350.9,352.58,350.86,353.33,351.36,260,650,351.06,-0.7604059656000328,350.94,350.81
360.6,-0.6293203910498364,350.99,361.51,354.25,350.97,1040.0,351.4,350.94,351.01,351.19,351.42,354.76,350.89,350.95,354.27,351.45,350.83,390,350.9,351.77,350.91,357.6,351.61,260,650,351.06,-0.7771459614569717,350.93,350.81
353.78,-0.6087614290087209,350.98,360.82,354.07,350.92,1040.0,351.13,350.93,350.98,351.34,351.23,352.29,350.89,350.93,359.02,351.66,350.82,390,350.89,351.43,350.97,361.11,351.86,260,650,351.05,-0.7933533402912349,350.93,350.8
352.14,-0.5877852522924683,350.98,360.42,353.97,350.88,1040.0,351.01,350.93,350.96,351.59,351.11,351.61,350.89,350.91,360.94,351.12,350.81,390,350.89,351.25,350.91,361.54,351.23,260,650,351.05,-0.809016994374951,350.93,350.8
351.6,-0.5664062369248292,350.98,360.18,353.92,350.86,1040.0,350.94,350.93,350.95,351.86,351.04,351.32,350.89,350.9,361.25,351.03,350.81,390,350.89,351.14,350.86,361.59,351.11,260,650,351.05,-0.8241261886220181,350.93,350.8
353.13,-0.5446390350150248,350.98,360.04,353.89,350.84,1040.0,350.98,350.93,350.94,352.05,350.99,352.19,350.89,350.9,361.34,350.98,350.81,390,350.89,351.07,350.84,361.6,351.05,260,650,351.05,-0.8386705679454256,350.93,350.8
357.19,-0.5224985647159479,350.98,359.96,353.87,350.83,1040.0,351.1,350.93,350.93,352.17,350.96,354.0,350.89,350.89,361.38,350.95,350.81,390,350.89,351.02,350.83,361.61,351.01,260,650,351.05,-0.8526401643540928,350.93,350.8
360.98,-0.5000000000000004,350.98,359.92,353.86,350.82,1040.0,351.27,350.93,350.93,352.23,350.94,358.57,350.89,350.89,361.39,350.93,350.8,390,350.89,350.99,350.82,361.61,350.98,260,650,351.05,-0.8660254037844384,350.93,350.8
361.52,-0.47715876025960324,350.98,359.89,353.85,350.82,1040.0,351.54,350.93,350.93,352.27,350.92,360.83,350.89,350.89,361.4,350.91,350.8,390,350.89,350.97,350.81,361.61,350.96,260,650,351.05,-0.8788171126619682,350.93,350.8
361.58,-0.4539904997395501,350.98,359.87,353.85,350.81,1040.0,351.82,350.93,350.93,352.3,350.91,361.23,350.89,350.89,361.41,350.9,350.8,390,350.89,350.95,350.81,361.61,350.95,260,650,351.05,-0.8910065241883661,350.93,350.8
361.6,-0.43051109680829275,350.98,359.87,353.85,350.81,1040.0,352.02,350.93,350.93,352.31,350.9,361.33,350.89,350.89,361.41,350.9,350.8,390,350.89,350.94,350.81,361.61,350.94,260,650,351.05,-0.9025852843498617,350.93,350.8
361.61,-0.406736643075792,350.98,359.86,353.84,350.81,1040.0,352.15,350.93,350.93,352.31,350.89,361.37,350.89,350.89,361.41,350.89,350.8,390,350.89,350.94,350.81,361.61,350.93,260,650,351.05,-0.9135454576426045,350.93,350.8
361.61,-0.3826834323650895,350.98,359.86,353.84,350.8,1040.0,352.22,350.93,350.93,352.32,350.89,361.39,350.89,350.89,361.41,350.89,350.8,390,350.89,350.93,350.8,361.61,350.93,260,650,351.05,-0.9238795325112868,350.93,350.8
361.61,-0.3583679495452949,350.98,359.85,353.84,350.8,1040.0,352.27,350.93,350.93,352.32,350.89,361.4,350.89,350.89,361.41,350.89,350.8,390,350.89,350.93,350.8,361.61,350.93,260,650,351.05,-0.9335804264972039,350.93,350.8
361.61,-0.33380685923377373,350.98,359.85,353.84,350.8,1040.0,352.29,350.93,350.93,352.32,350.89,361.41,350.89,350.89,361.41,350.89,350.8,390,350.89,350.93,350.8,361.61,350.93,260,650,351.05,-0.9426414910921774,350.93,350.8
361.61,-0.30901699437494506,350.98,359.85,353.84,350.8,1040.0,352.31,350.93,350.93,352.32,350.89,361.41,350.89,350.89,361.41,350.89,350.8,390,350.89,350.93,350.8,361.61,350.93,260,650,351.05,-0.9510565162951543,350.93,350.8
361.61,-0.28401534470391415,350.98,359.85,353.84,350.8,1040.0,352.31,350.93,350.93,352.32,350.89,361.41,350.89,350.89,361.41,350.89,350.8,390,350.89,350.93,350.8,361.61,350.93,260,650,351.05,-0.9588197348681956,350.93,350.8
361.61,-0.25881904510252063,351.22,363.41,355.27,350.8,130.0,352.32,350.93,350.93,352.32,350.89,361.41,351.04,350.89,361.41,350.89,350.8,90,350.89,350.93,350.8,361.61,350.93,260,350,351.35,-0.9659258262890683,351.12,350.82
361.61,-0.23344536385589998,351.51,369.11,359.23,350.8,130.0,352.32,351.12,350.93,352.32,350.89,361.41,351.24,350.89,361.41,350.89,350.8,90,351.04,350.93,350.8,361.61,350.93,260,350,351.69,-0.9723699203976779,351.36,350.86
361.61,-0.2079116908177624,351.79,372.19,367.25,350.82,130.0,352.32,351.36,350.93,352.32,351.04,361.41,351.45,350.89,361.41,350.89,350.8,90,351.24,351.12,350.8,361.61,350.93,260,350,352.01,-0.978147600733805,351.61,350.91
361.61,-0.18223552549214428,352.1,372.78,370.52,350.86,130.0,352.32,351.61,350.93,352.32,351.24,361.41,351.66,350.89,361.41,350.89,350.8,90,351.45,351.36,350.8,361.61,350.93,260,350,352.41,-0.9832549075639552,351.86,350.97
360.65,-0.15643446504022226,351.38,372.95,371.98,350.91,1040.0,351.4,351.86,350.93,352.32,351.45,354.78,351.12,350.89,361.41,350.89,350.8,390,351.66,351.61,350.8,361.61,350.93,260,650,351.62,-0.9876883405951391,351.23,350.91
353.79,-0.13052619222005163,351.23,372.88,371.33,350.97,1040.0,351.13,351.23,351.12,352.32,351.66,352.29,351.03,351.04,361.41,350.89,350.82,390,351.12,351.86,350.8,361.61,350.93,260,650,351.4,-0.9914448613738104,351.11,350.86
352.14,-0.10452846326764806,351.14,372.58,369.07,350.91,1040.0,351.01,351.11,351.36,352.32,351.12,351.61,350.98,351.24,361.41,350.89,350.86,390,351.03,351.23,350.8,361.61,350.93,260,650,351.27,-0.994521895368274,351.05,350.84
351.6,-0.07845909572784822,351.08,371.69,364.37,350.86,1040.0,350.94,351.05,351.61,352.32,351.03,351.33,350.95,351.45,361.41,350.89,350.91,390,350.98,351.11,350.8,361.61,350.93,260,650,351.18,-0.9969173337331277,351.01,350.83
353.13,-0.05233595624294076,351.4,372.53,368.97,350.84,130.0,350.98,351.01,351.86,352.32,350.98,352.19,351.15,351.66,361.41,350.89,350.97,90,350.95,351.05,350.8,361.61,350.93,260,350,351.61,-0.998629534754574,351.26,350.85
357.22,-0.026176948307864604,351.84,372.8,370.65,350.83,130.0,351.1,351.26,351.23,352.32,350.95,354.01,351.41,351.12,361.41,350.89,350.91,90,351.15,351.01,350.8,361.61,350.93,260,350,352.18,-0.9996573249755575,351.6,350.9
360.99,-1.8369701987210297e-16,352.48,372.83,370.84,350.82,130.0,351.27,351.6,351.11,352.32,350.93,358.59,351.74,351.03,361.41,351.04,350.86,90,351.41,350.98,350.82,361.61,351.12,260,350,353.27,-1.0,352.04,350.96
361.52,0.02617694830787933,354.28,372.83,370.85,350.81,130.0,351.54,352.04,351.05,352.32,350.91,360.83,352.24,350.98,361.41,351.24,350.84,90,351.74,350.96,350.86,361.61,351.36,260,350,357.43,-0.9996573249755571,352.91,351.03
355.57,0.05233595624294039,359.72,372.83,370.85,350.81,130.0,351.22,352.91,351.01,351.4,350.9,352.89,353.56,350.95,354.78,351.45,350.83,90,352.24,350.95,350.91,360.66,351.61,260,350,361.26,-0.998629534754574,356.09,351.13
352.58,0.07845909572784786,361.48,372.83,370.85,350.81,130.0,351.05,356.09,351.26,351.13,350.9,351.81,357.85,351.15,352.29,351.66,350.85,90,353.56,350.94,350.97,353.79,351.86,260,350,361.62,-0.9969173337331277,360.73,351.27
351.77,0.10452846326766183,361.62,372.83,370.85,350.81,130.0,350.97,360.73,351.6,351.01,350.89,351.42,360.71,351.41,351.61,351.12,350.9,90,357.85,350.93,350.91,352.14,351.23,260,350,361.64,-0.9945218953682725,361.49,351.51
351.43,0.13052619222005127,361.63,372.83,370.85,350.8,130.0,350.92,361.49,352.04,350.94,350.89,351.23,361.2,351.74,351.33,351.03,350.96,90,360.71,350.93,350.86,351.6,351.11,260,350,361.64,-0.9914448613738105,361.58,351.79
351.25,0.1564344650402368,363.85,372.97,372.19,350.8,1040.0,350.88,361.58,352.91,350.98,350.89,351.11,353.45,352.24,352.19,350.98,351.03,390,361.2,350.93,350.84,353.13,351.05,260,650,366.39,-0.9876883405951368,357.27,351.28
351.14,0.18223552549214392,355.72,372.97,372.19,350.8,1040.0,350.86,357.27,356.09,351.1,350.89,351.04,351.97,353.56,354.01,350.95,351.13,390,353.45,350.93,350.83,357.22,351.01,260,650,362.22,-0.9832549075639553,352.95,351.08
351.07,0.20791169081776203,352.73,372.97,372.19,350.8,1040.0,350.84,352.95,360.73,351.27,350.89,350.99,351.49,357.85,358.59,351.15,351.27,390,351.97,350.93,350.85,360.99,351.26,260,650,355.01,-0.978147600733805,351.9,350.98
351.02,0.2334453638559143,351.88,372.97,372.18,350.8,1040.0,350.83,351.9,361.49,351.54,350.89,350.96,351.26,360.71,360.83,351.41,351.51,390,351.49,350.93,350.9,361.52,351.6,260,650,352.66,-0.9723699203976744,351.49,350.93
350.99,0.2588190451025203,354.23,372.83,370.86,350.8,130.0,350.82,351.49,361.58,351.82,350.89,350.94,351.98,361.2,361.23,351.74,351.79,90,351.26,350.93,350.96,361.58,352.04,260,350,357.75,-0.9659258262890684,352.69,350.96
350.97,0.28401534470392825,359.47,372.83,370.85,350.8,130.0,350.82,352.69,357.27,352.02,350.89,350.92,353.36,353.45,361.33,352.24,351.28,90,351.98,350.93,351.03,361.6,352.91,260,350,361.2,-0.9588197348681914,355.74,351.07
350.95,0.30901699437494473,361.45,372.83,370.85,350.8,130.0,350.81,355.74,352.95,352.15,350.89,350.91,357.38,351.97,361.37,353.56,351.08,90,353.36,350.93,351.13,361.61,356.09,260,350,361.61,-0.9510565162951544,360.54,351.22
350.94,0.3338068592337734,361.62,372.83,370.85,350.8,130.0,350.81,360.54,351.9,352.22,350.89,350.9,360.58,351.49,361.39,357.85,350.98,90,357.38,350.93,351.27,361.61,360.73,260,350,361.64,-0.9426414910921775,361.47,351.47
350.94,0.35836794954530865,361.63,372.83,370.85,350.8,130.0,350.81,361.47,351.49,351.38,350.89,350.89,361.18,351.26,354.51,360.71,350.93,90,360.58,350.93,351.51,360.08,361.49,260,350,361.64,-0.9335804264971985,361.58,351.75
350.93,0.38268343236508917,361.64,372.83,370.85,350.8,130.0,350.8,361.58,352.69,351.12,350.89,350.89,361.31,351.98,352.23,361.2,350.96,90,361.18,350.93,351.79,353.63,361.58,260,350,361.64,-0.923879532511287,361.6,351.98
350.93,0.4067366430758054,361.64,372.83,370.85,350.8,130.0,350.8,361.6,355.74,351.01,350.89,350.89,361.36,353.36,351.59,353.45,351.07,90,361.31,350.93,351.28,352.1,357.27,260,350,361.64,-0.9135454576425985,361.6,352.12
350.93,0.4305110968082924,361.64,372.83,370.85,350.8,130.0,350.8,361.6,360.54,350.94,350.89,350.89,361.39,357.38,351.31,351.97,351.22,90,361.36,350.93,351.08,351.58,352.95,260,350,361.64,-0.9025852843498618,361.61,352.21
350.93,0.4539904997395498,361.64,372.83,370.85,350.8,130.0,350.8,361.61,361.47,350.98,350.89,350.89,361.4,360.58,352.16,351.49,351.47,90,361.39,350.93,350.98,353.05,351.9,260,350,361.64,-0.8910065241883663,361.61,352.26
350.93,0.4771587602596162,361.64,372.83,370.85,350.8,130.0,350.8,361.61,361.58,351.09,350.89,350.89,361.41,361.18,353.89,351.26,351.75,90,361.4,350.93,350.93,356.97,351.49,260,350,361.64,-0.8788171126619612,361.61,352.29
350.93,0.5000000000000001,361.64,372.83,370.85,350.82,130.0,350.8,361.61,361.6,351.26,351.04,350.89,361.41,361.31,358.41,351.98,351.98,90,361.41,351.12,350.96,360.93,352.69,260,350,361.64,-0.8660254037844386,361.61,352.3
350.93,0.5224985647159536,361.64,372.83,370.85,350.86,130.0,350.8,361.61,361.6,351.53,351.24,350.89,361.41,361.36,360.8,353.36,352.12,90,361.41,351.36,351.07,361.51,355.74,260,350,361.64,-0.8526401643540893,361.61,352.31
351.12,0.5446390350150244,361.64,372.83,370.85,350.91,130.0,350.82,361.61,361.61,351.81,351.45,351.04,361.41,361.39,361.22,357.38,352.21,90,361.41,351.61,351.22,361.58,360.54,260,350,361.64,-0.8386705679454257,361.61,352.32
351.36,0.5664062369248347,361.64,372.83,370.85,350.97,130.0,350.86,361.61,361.61,352.01,351.66,351.24,361.41,361.4,361.33,360.58,352.26,90,361.41,351.86,351.47,361.6,361.47,260,350,361.64,-0.8241261886220144,361.61,352.32
351.61,0.5877852522924801,361.64,372.83,370.85,350.91,130.0,350.91,361.61,361.61,352.15,351.12,351.45,361.41,361.41,361.37,361.18,352.29,90,361.41,351.23,351.75,361.61,361.58,260,350,361.64,-0.8090169943749423,361.61,352.32
351.86,0.6087614290087199,361.64,372.83,370.85,350.86,130.0,350.97,361.61,361.61,352.22,351.03,351.66,361.41,361.41,361.39,361.31,352.3,90,361.41,351.11,351.98,361.61,361.6,260,350,361.64,-0.7933533402912357,361.61,352.32
351.23,0.6293203910498416,361.64,372.83,370.85,350.84,130.0,350.91,361.61,361.61,351.38,350.98,351.12,361.41,361.41,354.51,361.36,352.31,90,361.41,351.05,352.12,360.07,361.6,260,350,361.64,-0.7771459614569675,361.61,352.32
351.11,0.6494480483301818,361.64,372.83,370.85,350.83,130.0,350.86,361.61,361.61,351.12,350.95,351.03,361.41,361.41,352.23,361.39,352.32,90,361.41,351.01,352.21,353.62,361.61,260,350,361.64,-0.7604059656000325,361.61,352.32
351.05,0.6691306063588605,361.64,372.83,370.85,350.85,130.0,350.84,361.61,361.61,351.01,351.15,350.98,361.41,361.41,351.59,361.4,352.32,90,361.41,351.26,352.26,352.1,361.61,260,350,361.64,-0.7431448254773922,361.61,352.32
351.01,0.6883545756937601,361.64,372.83,370.85,350.9,130.0,350.83,361.61,361.61,350.94,351.41,350.95,361.41,361.41,351.31,361.41,352.32,90,361.41,351.6,352.29,351.58,361.61,260,350,361.64,-0.7253743710122817,361.61,352.32
350.98,0.7071067811865474,365.57,372.97,372.19,350.96,1040.0,350.82,361.61,361.61,350.9,351.74,350.93,354.78,361.41,351.17,361.41,352.32,390,361.41,352.04,352.3,351.33,361.61,260,650,366.69,-0.7071067811865477,360.66,351.4
350.96,0.7253743710122919,358.26,372.97,372.19,351.03,1040.0,350.81,360.66,361.61,350.87,352.24,350.91,352.29,361.41,351.08,361.41,352.32,390,354.78,352.91,352.31,351.19,361.61,260,650,364.51,-0.6883545756937495,353.79,351.13
350.95,0.7431448254773919,353.34,372.97,372.19,351.13,1040.0,350.81,353.79,361.61,350.85,353.56,350.9,351.61,361.41,351.02,361.41,352.32,390,352.29,356.09,352.32,351.11,361.61,260,650,356.91,-0.6691306063588608,352.14,351.01
350.94,0.7604059656000328,352.09,372.97,372.18,351.27,1040.0,350.81,352.14,361.61,350.84,357.85,350.9,351.33,361.41,350.98,361.41,352.32,390,351.61,360.73,352.32,351.05,361.61,260,650,353.17,-0.6494480483301814,351.6,350.94
350.93,0.7771459614569767,351.61,372.97,372.17,351.51,1040.0,350.81,351.6,361.61,350.86,360.71,350.89,351.17,361.41,351.21,361.41,352.32,390,351.33,361.49,352.32,351.35,361.61,260,650,352.09,-0.6293203910498303,351.34,350.9
350.93,0.7933533402912349,351.37,372.96,372.07,351.79,1040.0,350.8,351.34,360.66,350.91,361.2,350.89,351.08,354.78,351.54,361.41,351.4,390,351.17,361.58,352.32,351.78,361.61,260,650,351.65,-0.6087614290087209,351.2,350.87
350.93,0.809016994374951,351.23,372.91,371.56,351.28,1040.0,350.8,351.2,353.79,350.99,353.45,350.89,351.02,352.29,351.97,361.41,351.13,390,351.08,357.27,352.32,352.44,361.61,260,650,351.42,-0.5877852522924683,351.11,350.85
350.93,0.8241261886220136,351.15,372.66,369.63,351.08,1040.0,350.8,351.11,352.14,351.07,351.97,350.89,350.98,351.61,352.84,361.41,351.01,390,351.02,352.95,352.32,354.27,361.61,260,650,351.28,-0.5664062369248358,351.05,350.84
350.93,0.8386705679454255,351.55,372.78,370.51,350.98,130.0,350.8,351.05,351.6,351.2,351.49,350.89,351.22,351.33,355.73,361.41,350.94,90,350.98,351.9,352.32,359.5,361.61,260,350,351.84,-0.5446390350150248,351.36,350.86
350.93,0.8526401643540965,352.15,372.82,370.82,350.93,130.0,350.8,351.36,351.34,351.4,351.26,350.89,351.54,351.17,360.05,361.41,350.9,90,351.22,351.49,352.32,361.36,361.61,260,350,352.73,-0.5224985647159419,351.79,350.91
350.93,0.8660254037844384,353.33,372.83,370.85,350.96,130.0,350.8,351.79,351.2,351.68,351.98,350.89,351.99,351.08,361.09,354.78,350.87,90,351.54,352.69,351.4,361.56,360.66,260,350,355.32,-0.5000000000000004,352.47,350.99
350.93,0.8788171126619677,357.71,372.83,370.85,351.07,130.0,350.8,352.47,351.11,351.93,353.36,350.89,352.88,351.02,361.29,352.29,350.85,90,351.99,355.74,351.13,361.59,353.79,260,350,360.61,-0.4771587602596041,354.38,351.08
350.93,0.8910065241883666,361.25,372.83,370.85,351.22,130.0,350.8,354.38,351.05,352.09,357.38,350.89,355.89,350.98,361.35,351.61,350.84,90,352.88,360.54,351.01,361.6,352.14,260,350,361.58,-0.45399049973954936,359.64,351.2
350.93,0.9025852843498621,361.6,372.83,370.85,351.47,130.0,350.8,359.64,351.36,352.19,360.58,350.89,360.12,351.22,361.38,351.33,350.86,90,355.89,361.47,350.94,361.61,351.6,260,350,361.64,-0.430511096808292,361.38,351.41
350.93,0.9135454576426045,361.63,372.83,370.85,351.75,130.0,350.8,361.38,351.79,352.25,361.18,350.89,361.1,351.54,361.4,351.17,350.91,90,360.12,361.58,350.9,361.61,351.34,260,350,361.64,-0.40673664307579205,361.56,351.69
350.93,0.9238795325112868,361.64,372.83,370.85,351.98,130.0,350.8,361.56,352.47,352.28,361.31,350.89,361.29,351.99,361.4,351.08,350.99,90,361.1,361.6,350.87,361.61,351.2,260,350,361.64,-0.38268343236508956,361.59,351.93
350.93,0.9335804264972037,364.5,372.97,372.19,352.12,1040.0,350.8,361.59,354.38,352.3,361.36,350.89,353.78,352.88,361.41,351.02,351.08,390,361.29,361.6,350.85,361.61,351.11,260,650,366.51,-0.35836794954529494,358.23,351.32
350.93,0.9426414910921774,356.39,372.97,372.19,352.21,1040.0,350.8,358.23,359.64,352.31,361.39,350.89,352.06,355.89,361.41,350.98,351.2,390,353.78,361.61,350.84,361.61,351.05,260,650,363.03,-0.3338068592337738,353.16,351.1
350.93,0.9510565162951543,352.89,372.97,372.19,352.26,1040.0,350.8,353.16,361.38,352.32,361.4,350.89,351.52,360.12,361.41,351.22,351.41,390,352.06,361.61,350.86,361.61,351.36,260,650,355.5,-0.3090169943749451,351.96,350.99
350.93,0.9588197348681955,351.94,372.97,372.18,352.29,1040.0,350.8,351.96,361.56,352.32,361.41,350.89,351.28,361.1,361.41,351.54,351.69,390,351.52,361.61,350.91,361.61,351.79,260,650,352.79,-0.2840153447039142,351.52,350.93
351.12,0.9659258262890681,354.53,372.83,370.86,352.3,130.0,350.82,351.52,361.59,351.4,361.41,351.04,352.04,361.29,354.77,351.99,351.93,90,351.28,361.61,350.99,360.63,352.47,260,350,358.26,-0.25881904510252157,352.81,350.97
351.36,0.9723699203976779,359.81,372.83,370.85,352.31,130.0,350.86,352.81,358.23,351.13,361.41,351.24,353.54,353.78,352.29,352.88,351.32,90,352.04,361.61,351.08,353.79,354.38,260,350,361.28,-0.23344536385590003,356.16,351.07
351.61,0.9781476007338048,361.48,372.83,370.85,352.32,130.0,350.91,356.16,353.16,351.01,361.41,351.45,357.77,352.06,351.61,355.89,351.1,90,353.54,361.61,351.2,352.14,359.64,260,350,361.62,-0.20791169081776334,360.7,351.24
351.86,0.983254907563955,361.62,372.83,370.85,352.32,130.0,350.97,360.7,351.96,350.94,361.41,351.66,360.67,351.52,351.32,360.12,350.99,90,357.77,361.61,351.41,351.6,361.38,260,350,361.64,-0.18223552549214522,361.49,351.49
351.23,0.9876883405951391,361.63,372.83,370.85,352.32,130.0,350.91,361.49,351.52,350.9,361.41,351.12,361.19,351.28,351.17,361.1,350.93,90,360.67,361.61,351.69,351.34,361.56,260,350,361.64,-0.15643446504022232,361.58,351.77
351.11,0.9914448613738104,361.64,372.83,370.85,352.32,130.0,350.86,361.58,352.81,350.87,361.41,351.03,361.32,352.04,351.08,361.29,350.97,90,361.19,361.61,351.93,351.2,361.59,260,350,361.64,-0.13052619222005168,361.6,351.99
351.05,0.994521895368274,361.64,372.83,370.85,352.32,130.0,350.84,361.6,356.16,350.85,361.41,350.98,361.37,353.54,351.02,353.78,351.07,90,361.32,361.61,351.32,351.11,358.23,260,350,361.64,-0.10452846326764724,361.6,352.13
351.01,0.9969173337331277,361.64,372.83,370.85,352.32,130.0,350.83,361.6,360.7,350.84,361.41,350.95,361.39,357.77,350.98,352.06,351.24,90,361.37,361.61,351.1,351.05,353.16,260,350,361.64,-0.07845909572784829,361.61,352.21
351.26,0.998629534754574,361.64,372.83,370.85,352.32,130.0,350.85,361.61,361.49,350.83,361.41,351.15,361.4,360.67,350.95,351.52,351.49,90,361.39,361.61,350.99,351.01,351.96,260,350,361.64,-0.05233595624294082,361.61,352.26
351.6,0.9996573249755575,361.64,372.83,370.85,352.32,130.0,350.9,361.61,361.58,350.82,361.41,351.41,361.41,361.19,350.93,351.28,351.77,90,361.4,361.61,350.93,350.98,351.52,260,350,361.64,-0.026176948307863778,361.61,352.29
352.04,1.0,361.64,372.83,370.85,351.4,130.0,350.96,361.61,361.6,350.81,354.78,351.74,361.41,361.32,350.91,352.04,351.99,90,361.41,360.66,350.97,350.96,352.81,260,350,361.64,0.0,361.61,352.3
352.91,0.9996573249755571,361.64,372.83,370.85,351.13,130.0,351.03,361.61,361.6,350.81,352.29,352.24,361.41,361.37,350.9,353.54,352.13,90,361.41,353.79,351.07,350.95,356.16,260,350,361.64,0.026176948307879103,361.61,352.31
356.09,0.998629534754574,365.55,372.97,372.19,351.01,1040.0,351.13,361.61,361.61,350.83,351.61,353.56,354.75,361.39,351.06,357.77,352.21,390,361.41,352.14,351.24,351.15,360.7,260,650,366.69,0.05233595624294086,360.6,351.4
360.73,0.9969173337331277,358.21,372.97,372.19,350.94,1040.0,351.27,360.6,361.61,350.87,351.33,357.85,352.29,361.4,351.28,360.67,352.26,390,354.75,351.6,351.49,351.41,361.49,260,650,364.48,0.07845909572784791,353.78,351.13
361.49,0.9945218953682724,353.33,372.97,372.19,350.9,1040.0,351.51,353.78,361.61,350.92,351.17,360.71,351.61,361.41,351.5,361.19,352.29,390,352.29,351.34,351.77,351.68,361.58,260,650,356.87,0.10452846326766235,352.14,351.01
361.58,0.9914448613738104,352.08,372.97,372.18,350.87,1040.0,351.79,352.14,361.61,350.99,351.08,361.2,351.32,361.41,351.75,361.32,352.3,390,351.61,351.2,351.99,352.01,361.6,260,650,353.16,0.13052619222005157,351.6,350.94
357.27,0.9876883405951368,351.61,372.97,372.17,350.85,1040.0,351.28,351.6,361.61,351.05,351.02,353.45,351.17,361.41,352.13,361.37,352.31,390,351.32,351.11,352.13,352.64,361.6,260,650,352.09,0.15643446504023675,351.34,350.9
352.95,0.9832549075639552,351.37,372.96,372.07,350.84,1040.0,351.08,351.34,360.6,351.12,350.98,351.97,351.08,354.75,353.08,361.39,351.4,390,351.17,351.05,352.21,354.83,361.61,260,650,351.65,0.18223552549214453,351.2,350.87
351.9,0.978147600733805,351.23,372.9,371.56,350.86,1040.0,350.98,351.2,353.78,351.24,351.22,351.49,351.02,352.29,356.56,361.4,351.13,390,351.08,351.36,352.26,360.1,361.61,260,650,351.42,0.20791169081776223,351.11,350.85
351.49,0.9723699203976746,351.14,372.66,369.61,350.91,1040.0,350.93,351.11,352.14,351.45,351.54,351.26,350.98,351.61,360.39,361.41,351.01,390,351.02,351.79,352.29,361.43,361.61,260,650,351.28,0.23344536385591408,351.05,350.84
352.69,0.9659258262890683,351.09,371.88,365.18,350.99,1040.0,350.96,351.05,351.6,351.19,351.99,351.98,350.95,351.32,352.67,361.41,350.94,390,350.98,352.47,352.3,354.91,361.61,260,650,351.19,0.25881904510252074,351.01,350.83
355.74,0.9588197348681914,351.05,370.1,359.99,351.08,1040.0,351.07,351.01,351.34,351.04,352.88,353.36,350.93,351.17,351.75,361.41,350.9,390,350.95,354.38,352.31,352.42,361.61,260,650,351.14,0.2840153447039283,350.98,350.82
360.54,0.9510565162951545,351.02,367.42,356.79,351.2,1040.0,351.22,350.98,351.2,350.96,355.89,357.38,350.91,351.08,351.39,354.75,350.87,390,350.93,359.64,351.4,351.71,360.6,260,650,351.1,0.3090169943749446,350.96,350.81
361.47,0.9426414910921774,351.0,364.79,355.32,351.41,1040.0,351.47,350.96,351.11,350.91,360.12,360.58,350.9,351.02,351.21,352.29,350.85,390,350.91,361.38,351.13,351.4,353.78,260,650,351.08,0.33380685923377373,350.95,350.81
361.58,0.9335804264971985,351.25,368.56,358.44,351.69,130.0,351.75,350.95,351.05,350.95,361.1,361.18,351.06,350.98,351.82,351.61,350.84,90,350.9,361.56,351.01,352.36,352.14,260,350,351.4,0.3583679495453086,351.15,350.83
361.6,0.9238795325112867,351.57,371.9,365.91,351.93,130.0,351.98,351.15,351.01,351.04,361.29,361.31,351.28,350.95,352.9,351.32,350.83,90,351.06,361.59,350.94,354.55,351.6,260,350,351.77,0.3826834323650898,351.41,350.87
361.6,0.9135454576425985,351.9,372.73,370.23,351.32,130.0,352.12,351.41,350.98,351.18,353.78,361.36,351.5,350.93,356.02,351.17,350.82,90,351.28,358.23,350.9,359.75,351.34,260,350,352.18,0.4067366430758056,351.68,350.92
361.61,0.9025852843498618,352.36,372.82,370.82,351.1,130.0,352.21,351.68,350.96,351.4,352.06,361.39,351.75,350.91,360.15,351.08,350.81,90,351.5,353.16,350.87,361.39,351.2,260,350,352.9,0.4305110968082924,352.01,350.99
361.61,0.8910065241883666,351.55,372.97,372.15,350.99,1040.0,352.26,352.01,350.95,351.17,351.52,361.4,351.17,350.9,352.57,351.02,350.81,390,351.75,351.96,350.85,354.6,351.11,260,650,351.92,0.4539904997395494,351.32,350.92
361.61,0.878817112661961,351.34,372.95,371.99,350.93,1040.0,352.29,351.32,351.15,351.03,351.28,361.41,351.07,351.06,351.71,350.98,350.83,390,351.17,351.52,350.84,352.35,351.05,260,650,351.58,0.4771587602596163,351.18,350.88
361.61,0.8660254037844387,351.21,372.87,371.24,350.97,1040.0,352.3,351.18,351.41,350.95,352.04,361.41,351.01,351.28,351.37,350.95,350.87,390,351.07,352.81,350.83,351.68,351.01,260,650,351.38,0.49999999999999994,351.1,350.85
361.61,0.8526401643540892,351.13,372.53,368.7,351.07,1040.0,352.31,351.1,351.68,350.91,353.54,361.41,350.97,351.5,351.2,350.93,350.92,390,351.01,356.16,350.82,351.39,350.98,260,650,351.25,0.5224985647159539,351.04,350.84
361.61,0.8386705679454256,351.51,372.75,370.33,351.24,130.0,352.32,351.04,352.01,350.94,357.77,361.41,351.2,351.75,351.79,350.91,350.99,90,350.97,360.7,350.81,352.31,350.96,260,350,351.77,0.5446390350150245,351.33,350.86
361.61,0.824126188622014,352.06,372.82,370.81,351.49,130.0,352.32,351.33,351.32,351.03,360.67,361.41,351.51,351.17,352.82,350.9,350.92,90,351.2,361.49,350.81,354.36,350.95,260,350,352.56,0.5664062369248353,351.74,350.91
361.61,0.8090169943749421,353.06,372.83,370.85,351.77,130.0,352.32,351.74,351.18,351.17,361.19,361.41,351.92,351.07,355.78,351.06,350.88,90,351.51,361.58,350.83,359.56,351.15,260,350,354.64,0.5877852522924804,352.35,350.98
361.61,0.7933533402912352,356.74,372.83,370.85,351.99,130.0,352.32,352.35,351.1,351.38,361.32,361.41,352.69,351.01,360.05,351.28,350.85,90,351.92,361.6,350.87,361.36,351.41,260,350,360.12,0.6087614290087207,353.9,351.06
361.61,0.7771459614569671,361.07,372.83,370.85,352.13,130.0,352.32,353.9,351.04,351.67,361.37,361.41,355.18,350.97,361.09,351.5,350.84,90,352.69,361.6,350.92,361.56,351.68,260,350,361.54,0.629320391049842,358.96,351.18
361.61,0.7604059656000329,361.59,372.83,370.85,352.21,130.0,352.32,358.96,351.33,351.92,361.39,361.41,359.76,351.2,361.29,351.75,350.86,90,355.18,361.61,350.99,361.59,352.01,260,350,361.63,0.6494480483301813,361.3,351.37
361.61,0.7431448254773922,361.63,372.83,370.85,352.26,130.0,352.32,361.3,351.74,352.09,361.4,361.41,361.04,351.51,361.35,351.17,350.91,90,359.76,361.61,350.92,361.6,351.32,260,350,361.64,0.6691306063588603,361.55,351.65
361.61,0.7253743710122815,361.64,372.83,370.85,352.29,130.0,352.32,361.55,352.35,352.19,361.41,361.41,361.28,351.92,361.38,351.07,350.98,90,361.04,361.61,350.88,361.61,351.18,260,350,361.64,0.6883545756937604,361.59,351.9
360.66,0.7071067811865476,361.64,372.83,370.85,352.3,130.0,351.4,361.59,353.9,352.25,361.41,354.78,361.35,352.69,361.4,351.01,351.06,90,361.28,361.61,350.85,361.61,351.1,260,350,361.64,0.7071067811865475,361.6,352.08
353.79,0.6883545756937497,361.64,372.83,370.85,352.31,130.0,351.13,361.6,358.96,352.28,361.41,352.29,361.38,355.18,361.4,350.97,351.18,90,361.35,361.61,350.84,361.61,351.04,260,350,361.64,0.7253743710122917,361.61,352.18
352.14,0.6691306063588605,361.64,372.83,370.85,351.4,130.0,351.01,361.61,361.3,352.3,354.75,351.61,361.4,359.76,361.41,351.2,351.37,90,361.38,360.6,350.86,361.61,351.33,260,350,361.64,0.7431448254773922,361.61,352.24
351.6,0.6494480483301814,361.64,372.83,370.85,351.13,130.0,350.94,361.61,361.55,352.31,352.29,351.33,361.4,361.04,361.41,351.51,351.65,90,361.4,353.78,350.91,361.61,351.74,260,350,361.64,0.7604059656000328,361.61,352.28
351.34,0.6293203910498305,365.48,372.97,372.19,351.01,1040.0,350.9,361.61,361.59,351.4,351.61,351.17,354.66,361.28,354.75,351.92,351.9,390,361.4,352.14,350.98,360.58,352.35,260,650,366.68,0.7771459614569765,360.4,351.39
351.2,0.6087614290087207,358.04,372.97,372.19,350.94,1040.0,350.87,360.4,361.6,351.13,351.32,351.08,352.27,361.35,352.29,352.69,352.08,390,354.66,351.6,351.06,353.77,353.9,260,650,364.38,0.7933533402912352,353.72,351.13
351.11,0.5877852522924684,353.29,372.97,372.19,350.9,1040.0,350.85,353.72,361.61,351.01,351.17,351.02,351.6,361.38,351.61,355.18,352.18,390,352.27,351.34,351.18,352.14,358.96,260,650,356.74,0.8090169943749509,352.12,351.01
351.05,0.5664062369248353,352.07,372.97,372.18,350.87,1040.0,350.84,352.12,361.61,350.94,351.08,350.98,351.32,361.4,351.32,359.76,352.24,390,351.6,351.2,351.37,351.6,361.3,260,650,353.12,0.8241261886220139,351.59,350.94
351.36,0.5446390350150246,355.27,372.83,370.86,350.85,130.0,350.86,351.59,361.61,350.9,351.02,351.22,352.18,361.4,351.17,361.04,352.28,90,351.32,351.11,351.65,351.34,361.55,260,350,359.18,0.8386705679454256,353.1,350.98
351.79,0.5224985647159414,360.37,372.83,370.85,350.84,130.0,350.91,353.1,360.4,350.87,350.98,351.54,353.96,354.66,351.08,361.28,351.39,90,352.18,351.05,351.9,351.2,361.59,260,350,361.41,0.8526401643540968,357.1,351.09
352.47,0.5000000000000001,361.53,372.83,370.85,350.83,130.0,350.99,357.1,353.72,350.85,350.95,351.99,358.51,352.27,351.02,361.35,351.13,90,353.96,351.01,352.08,351.11,361.6,260,350,361.62,0.8660254037844386,360.96,351.27
354.38,0.4771587602596033,361.62,372.83,370.85,350.82,130.0,351.08,360.96,352.12,350.84,350.93,352.88,360.82,351.6,350.98,361.38,351.01,90,358.51,350.98,352.18,351.05,361.61,260,350,361.64,0.8788171126619682,361.52,351.53
359.64,0.4539904997395494,361.97,372.97,372.19,350.81,1040.0,351.2,361.52,351.59,350.86,350.91,355.89,352.88,351.32,351.22,361.4,350.94,390,360.82,350.96,352.24,351.36,361.61,260,650,365.96,0.8910065241883666,355.54,351.22
361.38,0.43051109680829247,354.55,372.97,372.19,350.81,1040.0,351.41,355.54,353.1,350.91,350.9,360.12,351.81,352.18,351.54,361.4,350.98,390,352.88,350.95,352.28,351.79,361.61,260,650,360.15,0.9025852843498618,352.57,351.05
361.56,0.40673664307579205,352.44,372.97,372.19,350.83,1040.0,351.69,352.57,357.1,350.99,351.06,361.1,351.42,353.96,351.99,354.66,351.09,390,351.81,351.15,351.39,352.47,360.4,260,650,354.13,0.9135454576426045,351.77,350.97
361.59,0.38268343236508984,351.76,372.97,372.18,350.87,1040.0,351.93,351.77,360.96,351.08,351.28,361.29,351.22,358.51,352.87,352.27,351.27,390,351.42,351.41,351.13,354.37,353.72,260,650,352.41,0.9238795325112867,351.43,350.92
358.23,0.3583679495452948,351.45,372.97,372.13,350.92,1040.0,351.32,351.43,361.52,351.0,351.5,353.78,351.11,360.82,351.55,351.6,351.53,390,351.22,351.68,351.01,352.01,352.12,260,650,351.79,0.9335804264972039,351.25,350.88
353.16,0.33380685923377384,351.28,372.94,371.86,350.99,1040.0,351.1,351.25,355.54,350.93,351.75,352.06,351.04,352.88,351.29,351.32,351.22,390,351.11,352.01,350.94,351.54,351.59,260,650,351.5,0.9426414910921773,351.14,350.86
351.96,0.30901699437494473,351.18,372.8,370.68,350.92,1040.0,350.99,351.14,352.57,350.9,351.17,351.52,350.99,351.81,351.15,352.18,351.05,390,351.04,351.32,350.98,351.31,353.1,260,650,351.33,0.9510565162951544,351.07,350.84
351.52,0.2840153447039142,351.11,372.3,367.28,350.88,1040.0,350.93,351.07,351.77,350.87,351.07,351.28,350.96,351.42,351.07,353.96,350.97,390,350.99,351.18,351.09,351.18,357.1,260,650,351.22,0.9588197348681955,351.02,350.83
352.81,0.25881904510252074,351.47,372.7,369.98,350.85,130.0,350.97,351.02,351.43,350.85,351.01,352.04,351.18,351.22,351.01,358.51,350.92,90,350.96,351.1,351.27,351.1,360.96,260,350,351.7,0.9659258262890683,351.3,350.85
356.16,0.23344536385589965,351.96,372.82,370.77,350.84,130.0,351.07,351.3,351.25,350.84,350.97,353.54,351.47,351.11,350.97,360.82,350.88,90,351.18,351.04,351.53,351.04,361.52,260,350,352.39,0.972369920397678,351.68,350.9
360.7,0.20791169081776228,352.8,372.83,370.85,350.86,130.0,351.24,351.68,351.14,350.83,351.2,357.77,351.84,351.04,350.94,352.88,350.86,90,351.47,351.33,351.22,351.0,355.54,260,350,353.99,0.978147600733805,352.21,350.97
361.49,0.1822355254921444,355.62,372.83,370.85,350.91,130.0,351.49,352.21,351.07,350.82,351.51,360.67,352.49,350.99,350.92,351.81,350.84,90,351.84,351.74,351.05,350.98,352.57,260,350,359.29,0.9832549075639552,353.44,351.05
361.58,0.15643446504022215,360.72,372.83,370.85,350.98,130.0,351.77,353.44,351.02,350.81,351.92,361.19,354.44,350.96,350.91,351.42,350.83,90,352.49,352.35,350.97,350.96,351.77,260,350,361.48,0.9876883405951391,357.94,351.16
361.6,0.1305261922200517,351.84,362.98,355.34,351.06,130.0,351.99,357.94,351.3,350.81,352.69,361.32,351.49,351.18,350.9,351.22,350.85,340,354.44,353.9,350.92,350.95,351.43,260,600,352.06,0.9914448613738104,351.66,350.96
361.6,0.10452846326764771,352.07,359.71,354.47,351.18,130.0,352.13,351.66,351.68,350.81,355.18,361.37,351.69,351.47,350.9,351.11,350.9,340,351.49,358.96,350.88,350.94,351.25,260,600,352.28,0.994521895368274,351.87,351.0
361.61,0.07845909572784811,352.22,358.34,354.19,351.37,130.0,352.21,351.87,352.21,350.81,359.76,361.39,351.83,351.84,350.89,351.04,350.97,340,351.69,361.3,350.86,350.93,351.14,260,600,352.42,0.9969173337331277,352.03,351.05
361.61,0.052335956242940865,352.33,357.74,354.08,351.65,130.0,352.26,352.03,353.44,350.8,361.04,361.4,351.94,352.49,350.89,350.99,351.05,340,351.83,361.55,350.84,350.93,351.07,260,600,352.52,0.998629534754574,352.14,351.09
361.61,0.02617694830786426,352.41,357.48,354.03,351.9,130.0,352.29,352.14,357.94,350.8,361.28,361.41,352.01,354.44,350.89,350.96,351.16,340,351.94,361.59,350.83,350.93,351.02,260,600,352.59,0.9996573249755575,352.22,351.12
361.61,6.123233995736766e-17,352.47,357.36,354.01,352.08,130.0,352.3,352.22,351.66,350.8,361.35,361.41,352.07,351.49,350.89,351.18,350.96,340,352.01,361.6,350.85,350.93,351.3,260,600,352.65,1.0,352.28,351.14
361.61,-0.02617694830787923,352.52,357.31,354.0,352.18,130.0,352.31,352.28,351.87,350.8,361.38,361.41,352.11,351.69,350.89,351.47,351.0,340,352.07,361.61,350.9,350.93,351.68,260,600,352.69,0.9996573249755571,352.33,351.16
360.6,-0.05233595624294074,352.55,357.29,354.0,352.24,130.0,351.4,352.33,352.03,350.82,361.4,354.75,352.15,351.83,351.04,351.84,351.05,340,352.11,361.61,350.97,351.12,352.21,260,600,352.73,0.998629534754574,352.36,351.17
353.78,-0.07845909572784798,352.58,357.28,354.0,352.28,130.0,351.13,352.36,352.14,350.86,361.4,352.29,352.17,351.94,351.24,352.49,351.09,340,352.15,361.61,351.05,351.37,353.44,260,600,352.75,0.9969173337331277,352.39,351.18
352.14,-0.10452846326766217,352.6,357.29,354.0,351.39,130.0,351.01,352.39,352.22,350.91,354.66,351.61,352.19,352.01,351.46,354.44,351.12,340,352.17,360.4,351.16,351.62,357.94,260,600,352.77,0.9945218953682724,352.41,351.19
351.6,-0.1305261922200516,352.62,357.29,354.0,351.13,130.0,350.94,352.41,352.28,350.97,352.27,351.32,352.21,352.07,351.66,351.49,351.14,340,352.19,353.72,350.96,351.87,351.66,260,600,352.79,0.9914448613738104,352.43,351.19
351.34,-0.15643446504023673,352.63,357.3,354.01,351.01,130.0,350.9,352.43,352.33,351.03,351.6,351.17,352.22,352.11,351.91,351.69,351.16,340,352.21,352.12,351.0,352.22,351.87,260,600,352.8,0.9876883405951368,352.44,351.2
351.2,-0.18223552549214425,352.64,357.3,354.01,350.94,130.0,350.87,352.44,352.36,351.09,351.32,351.08,352.23,352.15,352.37,351.83,351.17,340,352.22,351.59,351.05,353.08,352.03,260,600,352.82,0.9832549075639552,352.45,351.2
351.11,-0.20791169081776217,352.65,357.31,354.01,350.98,130.0,350.85,352.45,352.39,351.17,352.18,351.02,352.23,352.17,353.84,351.94,351.18,340,352.23,353.1,351.09,356.71,352.14,260,600,352.82,0.978147600733805,352.46,351.2
351.05,-0.2334453638559142,352.66,357.31,354.01,351.09,130.0,350.84,352.46,352.41,351.31,353.96,350.98,352.24,352.19,358.41,352.01,351.19,340,352.23,357.1,351.12,360.93,352.22,260,600,352.83,0.9723699203976744,352.47,351.21
351.01,-0.25881904510252063,352.66,357.31,354.01,351.27,130.0,350.83,352.47,352.43,351.55,358.51,350.95,352.24,352.21,360.83,352.07,351.19,340,352.24,360.96,351.14,361.52,352.28,260,600,352.84,0.9659258262890683,352.47,351.21
350.98,-0.28401534470392836,352.67,357.32,354.01,351.53,130.0,350.82,352.47,352.44,351.82,360.82,350.93,352.25,352.22,361.23,352.11,351.2,340,352.24,361.52,351.16,361.58,352.33,260,600,352.84,0.9588197348681914,352.47,351.21
350.96,-0.3090169943749446,352.67,357.32,354.01,351.22,130.0,350.81,352.47,352.45,352.03,352.88,350.91,352.25,352.23,361.33,352.15,351.2,340,352.25,355.54,351.17,361.6,352.36,260,600,352.84,0.9510565162951545,352.48,351.21
350.95,-0.33380685923377373,352.68,357.32,354.01,351.05,130.0,350.81,352.48,352.46,352.15,351.81,350.9,352.25,352.23,361.37,352.17,351.2,340,352.25,352.57,351.18,361.61,352.39,260,600,352.85,0.9426414910921774,352.48,351.21
351.15,-0.35836794954530854,352.68,357.32,354.01,350.97,130.0,350.83,352.48,352.47,352.23,351.42,351.06,352.25,352.24,361.39,352.19,351.21,340,352.25,351.77,351.19,361.61,352.41,260,600,352.85,0.9335804264971985,352.48,351.21
351.41,-0.3826834323650895,352.68,357.32,354.01,350.92,130.0,350.87,352.48,352.47,352.27,351.22,351.28,352.26,352.24,361.4,352.21,351.21,340,352.25,351.43,351.19,361.61,352.43,260,600,352.85,0.9238795325112868,352.48,351.21
351.68,-0.40673664307580554,352.68,357.32,354.01,350.88,130.0,350.92,352.48,352.47,352.29,351.11,351.5,352.26,352.25,361.41,352.22,351.21,340,352.26,351.25,351.2,361.61,352.44,260,600,352.85,0.9135454576425985,352.49,351.21
352.01,-0.43051109680829214,352.68,357.32,354.01,350.86,130.0,350.99,352.49,352.48,352.31,351.04,351.75,352.26,352.25,361.41,352.23,351.21,340,352.26,351.14,351.2,361.61,352.45,260,600,352.85,0.9025852843498621,352.49,351.21
351.32,-0.45399049973954947,352.68,357.32,354.01,350.84,130.0,350.92,352.49,352.48,351.4,350.99,351.17,352.26,352.25,354.74,352.23,351.21,340,352.26,351.07,351.2,360.56,352.46,260,600,352.85,0.8910065241883665,352.49,351.21
351.18,-0.4771587602596163,352.68,357.32,354.01,350.83,130.0,350.88,352.49,352.48,351.13,350.96,351.07,352.26,352.25,352.28,352.24,351.21,340,352.26,351.02,351.21,353.77,352.47,260,600,352.85,0.878817112661961,352.49,351.21
351.1,-0.4999999999999998,352.68,357.32,354.01,350.85,130.0,350.85,352.49,352.48,351.01,351.18,351.01,352.26,352.26,351.61,352.24,351.21,340,352.26,351.3,351.21,352.13,352.47,260,600,352.85,0.8660254037844387,352.49,351.21
351.04,-0.5224985647159541,352.68,357.32,354.01,350.9,130.0,350.84,352.49,352.49,350.94,351.47,350.97,352.26,352.26,351.32,352.25,351.21,340,352.26,351.68,351.21,351.6,352.47,260,600,352.85,0.8526401643540891,352.49,351.21
351.33,-0.5446390350150245,352.68,357.33,354.01,350.97,130.0,350.86,352.49,352.49,350.98,351.84,351.2,352.26,352.26,352.19,352.25,351.21,340,352.26,352.21,351.21,353.12,352.48,260,600,352.86,0.8386705679454257,352.49,351.21
351.74,-0.5664062369248352,352.68,357.33,354.01,351.05,130.0,350.91,352.49,352.49,351.1,352.49,351.51,352.26,352.26,353.99,352.25,351.21,340,352.26,353.44,351.21,357.18,352.48,260,600,352.86,0.824126188622014,352.49,351.21
352.35,-0.5877852522924802,352.68,357.33,354.01,351.16,130.0,350.98,352.49,352.49,351.27,354.44,351.92,352.26,352.26,358.56,352.25,351.21,340,352.26,357.94,351.21,360.98,352.48,260,600,352.86,0.8090169943749422,352.49,351.21
353.9,-0.6087614290087207,352.69,357.33,354.01,350.96,130.0,351.06,352.49,352.49,351.54,351.49,352.69,352.26,352.26,360.83,352.26,351.21,340,352.26,351.66,351.21,361.52,352.48,260,600,352.86,0.7933533402912352,352.49,351.21
358.96,-0.629320391049842,352.69,357.33,354.01,351.0,130.0,351.18,352.49,352.49,351.82,351.69,355.18,352.26,352.26,361.22,352.26,351.21,340,352.26,351.87,351.21,361.58,352.49,260,600,352.86,0.7771459614569671,352.49,351.21
361.3,-0.6494480483301812,351.36,370.2,360.41,351.05,1040.0,351.37,352.49,352.49,352.02,351.83,359.76,351.18,352.26,361.33,352.26,351.21,340,352.26,352.03,351.21,361.6,352.49,260,600,351.48,0.760405965600033,351.26,350.97
361.55,-0.6691306063588602,351.14,371.21,362.68,351.09,1040.0,351.65,351.26,352.49,352.15,351.94,361.04,351.01,352.26,361.37,352.26,351.21,340,351.18,352.14,351.21,361.61,352.49,260,600,351.24,0.7431448254773925,351.07,350.88
361.59,-0.6883545756937606,351.07,370.9,361.74,351.12,1040.0,351.9,351.07,352.49,352.22,352.01,361.28,350.95,352.26,361.39,352.26,351.21,340,351.01,352.22,351.21,361.61,352.49,260,600,351.16,0.7253743710122814,351.01,350.84
361.6,-0.7071067811865475,351.04,370.23,360.18,351.14,1040.0,352.08,351.01,352.49,352.27,352.07,361.35,350.93,352.26,361.4,352.26,351.21,340,350.95,352.28,351.21,361.61,352.49,260,600,351.13,0.7071067811865476,350.98,350.82
361.61,-0.7253743710122916,351.32,361.94,354.96,351.16,130.0,352.18,350.98,352.49,352.29,352.11,361.38,351.1,352.26,361.41,352.26,351.21,340,350.93,352.33,351.21,361.61,352.49,260,600,351.48,0.6883545756937498,351.2,350.84
361.61,-0.7431448254773922,351.62,358.95,354.27,351.17,130.0,352.24,351.2,351.26,352.31,352.15,361.4,351.32,351.18,361.41,352.26,350.97,340,351.1,352.36,351.21,361.61,352.49,260,600,351.82,0.6691306063588603,351.46,350.88
361.61,-0.7604059656000329,351.86,357.86,354.07,351.18,130.0,352.28,351.46,351.07,352.31,352.17,361.4,351.53,351.01,361.41,352.26,350.88,340,351.32,352.39,351.21,361.61,352.49,260,600,352.06,0.6494480483301813,351.69,350.94
360.4,-0.7771459614569765,352.05,357.43,354.0,351.19,130.0,351.39,351.69,351.01,351.4,352.19,354.66,351.69,350.95,354.76,352.26,350.84,340,351.53,352.41,351.21,360.6,352.49,260,600,352.24,0.6293203910498305,351.87,350.99
353.72,-0.793353340291235,352.19,357.27,353.98,351.19,130.0,351.13,351.87,350.98,351.13,352.21,352.27,351.82,350.93,352.29,352.26,350.82,340,351.69,352.43,351.21,353.78,352.49,260,600,352.37,0.6087614290087209,352.0,351.04
352.12,-0.8090169943749508,352.29,357.21,353.97,351.2,130.0,351.01,352.0,351.2,351.01,352.22,351.6,351.92,351.1,351.61,352.26,350.84,340,351.82,352.44,351.21,352.14,352.49,260,600,352.48,0.5877852522924686,352.11,351.08
351.59,-0.8241261886220139,352.38,357.2,353.98,351.2,130.0,350.94,352.11,351.46,350.94,352.23,351.32,351.99,351.32,351.32,351.18,350.88,340,351.92,352.45,350.97,351.6,351.26,260,600,352.55,0.5664062369248354,352.19,351.11
353.1,-0.8386705679454256,352.44,357.21,353.98,351.2,130.0,350.98,352.19,351.69,350.98,352.23,352.18,352.05,351.53,352.19,351.01,350.94,340,351.99,352.46,350.88,353.13,351.07,260,600,352.62,0.5446390350150246,352.26,351.14
357.1,-0.8526401643540968,351.31,369.15,358.68,351.21,1040.0,351.09,352.26,351.87,351.1,352.24,353.96,351.14,351.69,354.0,350.95,350.99,340,352.05,352.47,350.84,357.19,351.01,260,600,351.42,0.5224985647159414,351.22,350.95
360.96,-0.8660254037844387,351.12,370.33,360.45,351.21,1040.0,351.27,351.22,352.0,351.27,352.24,358.51,351.0,351.82,358.57,350.93,351.04,340,351.14,352.47,350.82,360.98,350.98,260,600,351.21,0.49999999999999994,351.05,350.87
361.52,-0.8788171126619683,351.06,369.98,359.73,351.21,1040.0,351.53,351.05,352.11,351.54,352.25,360.82,350.94,351.92,360.83,351.1,351.08,340,351.0,352.47,350.84,361.52,351.2,260,600,351.14,0.4771587602596032,351.0,350.84
355.54,-0.8910065241883665,351.03,369.25,358.58,351.21,1040.0,351.22,351.0,352.19,351.82,352.25,352.88,350.92,351.99,361.23,351.32,351.11,340,350.94,352.48,350.88,361.58,351.46,260,600,351.11,0.45399049973954964,350.97,350.82
352.57,-0.9025852843498617,351.3,361.15,354.74,351.21,130.0,351.05,350.97,352.26,352.02,352.25,351.81,351.09,352.05,361.33,351.53,351.14,340,350.92,352.48,350.94,361.6,351.69,260,600,351.45,0.4305110968082927,351.18,350.84
351.77,-0.9135454576426044,351.6,358.61,354.2,351.21,130.0,350.97,351.18,351.22,352.15,352.25,351.42,351.31,351.14,361.37,351.69,350.95,340,351.09,352.48,350.99,361.61,351.87,260,600,351.79,0.4067366430757923,351.44,350.88
351.43,-0.9238795325112867,351.84,357.7,354.04,351.21,130.0,350.92,351.44,351.05,352.22,352.26,351.22,351.51,351.0,361.39,351.82,350.87,340,351.31,352.48,351.04,361.61,352.0,260,600,352.04,0.3826834323650899,351.67,350.93
351.25,-0.933580426497204,352.03,357.35,353.99,351.21,130.0,350.88,351.67,351.0,352.27,352.26,351.11,351.68,350.94,361.4,351.92,350.84,340,351.51,352.49,351.08,361.61,352.11,260,600,352.22,0.35836794954529444,351.85,350.99
351.14,-0.9426414910921773,352.17,357.22,353.97,351.21,130.0,350.86,351.85,350.97,352.29,352.26,351.04,351.8,350.92,361.41,351.99,350.82,340,351.68,352.49,351.11,361.61,352.19,260,600,352.36,0.3338068592337741,351.99,351.04
351.07,-0.9510565162951545,352.28,357.19,353.97,351.21,130.0,350.84,351.99,351.18,352.31,352.26,350.99,351.91,351.09,361.41,352.05,350.84,340,351.8,352.49,351.14,361.61,352.26,260,600,352.46,0.30901699437494456,352.1,351.08
351.02,-0.9588197348681956,352.37,357.19,353.97,351.21,130.0,350.83,352.1,351.44,352.31,352.26,350.96,351.98,351.31,361.41,351.14,350.88,340,351.91,352.49,350.95,361.61,351.22,260,600,352.55,0.28401534470391404,352.18,351.11
351.3,-0.9659258262890682,352.43,357.2,353.98,351.21,130.0,350.85,352.18,351.67,352.32,352.26,351.18,352.04,351.51,361.41,351.0,350.93,340,351.98,352.49,350.87,361.61,351.05,260,600,352.61,0.258819045102521,352.25,351.14
351.68,-0.9723699203976779,351.31,369.1,358.62,351.21,1040.0,350.9,352.25,351.85,352.32,352.26,351.47,351.14,351.68,361.41,350.94,350.99,340,352.04,352.49,350.84,361.61,351.0,260,600,351.42,0.2334453638558999,351.22,350.95
352.21,-0.978147600733805,351.12,370.3,360.37,351.21,1040.0,350.97,351.22,351.99,352.32,352.26,351.84,350.99,351.8,361.41,350.92,351.04,340,351.14,352.49,350.82,361.61,350.97,260,600,351.21,0.20791169081776234,351.05,350.87
353.44,-0.9832549075639551,351.06,369.95,359.67,351.21,1040.0,351.05,351.05,352.1,352.32,352.26,352.49,350.94,351.91,361.41,351.09,351.08,340,350.99,352.49,350.84,361.61,351.18,260,600,351.14,0.18223552549214467,350.99,350.84
357.94,-0.9876883405951392,351.03,369.21,358.53,351.21,1040.0,351.16,350.99,352.18,351.4,352.26,354.44,350.92,351.98,354.78,351.31,351.11,340,350.94,352.49,350.88,360.65,351.44,260,600,351.11,0.15643446504022177,350.97,350.82
351.66,-0.9914448613738104,351.02,368.34,357.52,351.21,1040.0,350.96,350.97,352.25,351.13,352.26,351.49,350.91,352.04,352.29,351.51,351.14,340,350.92,352.49,350.93,353.79,351.67,260,600,351.09,0.130526192220052,350.96,350.81
351.87,-0.994521895368274,351.01,367.45,356.76,351.21,1040.0,351.0,350.96,351.22,351.01,352.26,351.69,350.9,351.14,351.61,351.68,350.95,340,350.91,352.49,350.99,352.14,351.85,260,600,351.08,0.10452846326764756,350.95,350.81
352.03,-0.9969173337331277,351.0,366.65,356.21,350.97,1040.0,351.05,350.95,351.05,350.94,351.18,351.83,350.9,350.99,351.33,351.8,350.87,340,350.9,351.26,351.04,351.6,351.99,260,600,351.07,0.07845909572784772,350.94,350.81
352.14,-0.998629534754574,351.0,365.97,355.83,350.88,1040.0,351.09,350.94,350.99,350.98,351.01,351.94,350.9,350.94,352.19,351.91,350.84,340,350.9,351.07,351.08,353.13,352.1,260,600,351.07,0.0523359562429407,350.94,350.81
352.22,-0.9996573249755575,351.25,359.33,354.29,350.84,130.0,351.12,350.94,350.97,351.1,350.95,352.01,351.06,350.92,354.01,351.98,350.82,340,350.9,351.01,351.11,357.22,352.18,260,600,351.39,0.026176948307864545,351.14,350.82
352.28,-1.0,351.54,357.83,354.04,350.82,130.0,351.14,351.14,350.96,351.27,350.93,352.07,351.27,350.91,358.59,352.04,350.81,340,351.06,350.98,351.14,360.99,352.25,260,600,351.73,1.2246467991473532e-16,351.39,350.87
352.33,-0.9996573249755571,351.79,357.33,353.97,350.84,130.0,351.16,351.39,350.95,351.54,351.1,352.11,351.47,350.9,360.83,351.14,350.81,340,351.27,351.2,350.95,361.52,351.22,260,600,351.98,-0.02617694830787895,351.63,350.92
352.36,-0.998629534754574,351.99,357.16,353.95,350.88,130.0,351.17,351.63,350.94,351.22,351.32,352.15,351.64,350.9,352.89,350.99,350.81,340,351.47,351.46,350.87,355.57,351.05,260,600,352.18,-0.052335956242940455,351.81,350.98
352.39,-0.9969173337331277,352.14,357.12,353.95,350.94,130.0,351.18,351.81,350.94,351.05,351.53,352.17,351.78,350.9,351.81,350.94,350.81,340,351.64,351.69,350.84,352.58,350.99,260,600,352.32,-0.07845909572784747,351.96,351.03
352.41,-0.9945218953682724,352.25,357.13,353.96,350.99,130.0,351.19,351.96,351.14,350.97,351.69,352.19,351.88,351.06,351.42,350.92,350.82,340,351.78,351.87,350.82,351.77,350.97,260,600,352.44,-0.10452846326766232,352.07,351.07
352.43,-0.9914448613738104,352.35,357.15,353.97,351.04,130.0,351.19,352.07,351.39,350.92,351.82,352.21,351.96,351.27,351.23,350.91,350.87,340,351.88,352.0,350.81,351.43,350.96,260,600,352.52,-0.13052619222005177,352.16,351.1
352.44,-0.9876883405951368,352.42,357.18,353.97,351.08,130.0,351.2,352.16,351.63,350.88,351.92,352.22,352.03,351.47,351.11,350.9,350.92,340,351.96,352.11,350.81,351.25,350.95,260,600,352.59,-0.1564344650402369,352.23,351.13
352.45,-0.9832549075639552,352.47,357.2,353.98,351.11,130.0,351.2,352.23,351.81,350.86,351.99,352.23,352.08,351.64,351.04,350.9,350.98,340,352.03,352.19,350.81,351.14,350.94,260,600,352.65,-0.18223552549214442,352.29,351.15
352.46,-0.978147600733805,352.52,357.23,353.99,351.14,130.0,351.2,352.29,351.96,350.84,352.05,352.23,352.12,351.78,350.99,350.9,351.03,340,352.08,352.26,350.81,351.07,350.94,260,600,352.69,-0.20791169081776212,352.33,351.16
352.47,-0.9723699203976746,352.55,357.25,353.99,350.95,130.0,351.21,352.33,352.07,350.83,351.14,352.24,352.15,351.88,350.96,351.06,351.07,340,352.12,351.22,350.82,351.02,351.14,260,600,352.72,-0.2334453638559139,352.36,351.17
352.47,-0.9659258262890683,352.58,357.26,354.0,350.87,130.0,351.21,352.36,352.16,350.82,351.0,352.24,352.17,351.96,350.94,351.27,351.1,340,352.15,351.05,350.87,350.99,351.39,260,600,352.75,-0.2588190451025208,352.39,351.18
352.47,-0.9588197348681915,352.6,357.28,354.0,350.84,130.0,351.21,352.39,352.23,350.82,350.94,352.25,352.19,352.03,350.92,351.47,351.13,340,352.17,351.0,350.92,350.97,351.63,260,600,352.77,-0.28401534470392786,352.41,351.19
352.48,-0.9510565162951545,352.62,357.29,354.0,350.82,130.0,351.21,352.41,352.29,350.81,350.92,352.25,352.21,352.08,350.91,351.64,351.15,340,352.19,350.97,350.98,350.95,351.81,260,600,352.79,-0.30901699437494434,352.43,351.19
352.48,-0.9426414910921773,352.63,357.29,354.0,350.84,130.0,351.21,352.43,352.33,350.81,351.09,352.25,352.22,352.12,350.9,351.78,351.16,340,352.21,351.18,351.03,350.94,351.96,260,600,352.8,-0.33380685923377384,352.44,351.2
352.48,-0.9335804264971985,352.64,357.3,354.01,350.88,130.0,351.21,352.44,352.36,350.81,351.31,352.25,352.23,352.15,350.89,351.88,351.17,340,352.22,351.44,351.07,350.94,352.07,260,600,352.81,-0.3583679495453087,352.45,351.2
352.48,-0.9238795325112868,351.35,370.03,360.08,350.93,1040.0,351.21,352.45,352.39,350.8,351.51,352.26,351.17,352.17,350.89,351.96,351.18,340,352.23,351.67,351.1,350.93,352.16,260,600,351.47,-0.38268343236508967,351.26,350.97
352.49,-0.9135454576425985,351.14,371.08,362.29,350.99,1040.0,351.21,351.26,352.41,350.8,351.68,352.26,351.01,352.19,350.89,352.03,351.19,340,351.17,351.85,351.13,350.93,352.23,260,600,351.23,-0.4067366430758055,351.07,350.88
352.49,-0.9025852843498618,351.07,370.76,361.38,351.04,1040.0,351.21,351.07,352.43,350.8,351.8,352.26,350.95,352.21,350.89,352.08,351.19,340,351.01,351.99,351.15,350.93,352.29,260,600,351.16,-0.43051109680829247,351.0,350.84
352.49,-0.8910065241883666,351.04,370.08,359.89,351.08,1040.0,351.21,351.0,352.44,350.8,351.91,352.26,350.93,352.22,350.89,352.12,351.2,340,350.95,352.1,351.16,350.93,352.33,260,600,351.12,-0.4539904997395494,350.98,350.82
352.49,-0.8788171126619614,351.02,369.2,358.51,351.11,1040.0,351.21,350.98,352.45,350.8,351.98,352.26,350.91,352.23,350.89,352.15,351.2,340,350.93,352.18,351.17,350.93,352.36,260,600,351.1,-0.47715876025961584,350.96,350.82
352.49,-0.8660254037844388,351.01,368.25,357.44,351.14,1040.0,351.21,350.96,351.26,350.8,352.04,352.26,350.91,351.17,350.89,352.17,350.97,340,350.91,352.25,351.18,350.93,352.39,260,600,351.09,-0.4999999999999997,350.95,350.81
352.49,-0.8526401643540891,351.0,367.34,356.67,350.95,1040.0,351.21,350.95,351.07,350.8,351.14,352.26,350.9,351.01,350.89,352.19,350.88,340,350.91,351.22,351.19,350.93,352.41,260,600,351.08,-0.522498564715954,350.95,350.81
352.49,-0.8386705679454259,351.0,366.54,356.14,350.87,1040.0,351.21,350.95,351.0,350.82,350.99,352.26,350.9,350.95,351.04,352.21,350.84,340,350.9,351.05,351.19,351.12,352.43,260,600,351.07,-0.5446390350150241,350.94,350.81
352.49,-0.824126188622014,350.99,365.88,355.78,350.84,1040.0,351.21,350.94,350.98,350.86,350.94,352.26,350.9,350.93,351.24,352.22,350.82,340,350.9,350.99,351.2,351.36,352.44,260,600,351.07,-0.5664062369248352,350.94,350.81
352.49,-0.8090169943749423,350.99,365.35,355.52,350.82,1040.0,351.21,350.94,350.96,350.91,350.92,352.26,350.89,350.91,351.45,352.23,350.82,340,350.9,350.97,351.2,351.61,352.45,260,600,351.06,-0.5877852522924802,350.94,350.81
352.49,-0.7933533402912352,350.99,364.94,355.34,350.81,1040.0,351.21,350.94,350.95,350.97,350.91,352.26,350.89,350.91,351.66,351.17,350.81,340,350.89,350.96,350.97,351.86,351.26,260,600,351.06,-0.6087614290087207,350.94,350.8
352.49,-0.7771459614569671,350.99,364.64,355.22,350.81,1040.0,351.21,350.94,350.95,350.91,350.9,352.26,350.89,350.9,351.12,351.01,350.81,340,350.89,350.95,350.88,351.23,351.07,260,600,351.06,-0.629320391049842,350.94,350.8
351.26,-0.760405965600033,351.24,358.77,354.17,350.81,130.0,350.97,350.94,350.94,350.86,350.9,351.18,351.05,350.9,351.03,350.95,350.81,340,350.89,350.94,350.84,351.11,351.0,260,600,351.38,-0.6494480483301812,351.13,350.82
351.07,-0.7431448254773925,351.53,357.59,353.99,350.81,130.0,350.88,351.13,350.94,350.84,350.9,351.01,351.26,350.9,350.98,350.93,350.81,340,351.05,350.94,350.82,351.05,350.98,260,600,351.71,-0.6691306063588602,351.38,350.86
351.01,-0.7253743710122814,351.78,357.21,353.94,350.82,130.0,350.84,351.38,350.94,350.83,351.06,350.95,351.46,350.89,350.95,350.91,350.81,340,351.26,351.14,350.82,351.01,350.96,260,600,351.97,-0.6883545756937606,351.62,350.92
350.98,-0.7071067811865479,351.98,357.1,353.94,350.87,130.0,350.82,351.62,350.94,350.82,351.27,350.93,351.63,350.89,350.93,350.91,350.8,340,351.46,351.39,350.81,350.98,350.95,260,600,352.17,-0.7071067811865471,351.8,350.98
351.2,-0.6883545756937498,352.13,357.09,353.94,350.92,130.0,350.84,351.8,350.94,350.81,351.47,351.1,351.77,350.89,350.91,350.9,350.8,340,351.63,351.63,350.81,350.96,350.95,260,600,352.32,-0.7253743710122916,351.95,351.03
351.46,-0.6691306063588605,352.25,357.11,353.95,350.98,130.0,350.88,351.95,351.13,350.81,351.64,351.32,351.88,351.05,350.9,350.9,350.82,340,351.77,351.81,350.81,350.95,350.94,260,600,352.43,-0.7431448254773922,352.07,351.07
351.69,-0.6494480483301814,352.34,357.14,353.96,351.03,130.0,350.94,352.07,351.38,350.81,351.78,351.53,351.96,351.26,350.9,350.9,350.86,340,351.88,351.96,350.81,350.94,350.94,260,600,352.52,-0.7604059656000328,352.16,351.1
351.87,-0.6293203910498302,352.41,357.17,353.97,351.07,130.0,350.99,352.16,351.62,350.81,351.88,351.69,352.03,351.46,350.89,350.89,350.92,340,351.96,352.07,350.81,350.93,350.94,260,600,352.59,-0.7771459614569768,352.23,351.13
352.0,-0.6087614290087209,351.31,368.98,358.46,351.1,1040.0,351.04,352.23,351.8,350.8,351.96,351.82,351.14,351.63,350.89,350.89,350.98,340,352.03,352.16,350.8,350.93,350.94,260,600,351.42,-0.7933533402912349,351.22,350.95
352.11,-0.5877852522924683,351.12,370.19,360.17,351.13,1040.0,351.08,351.22,351.95,350.8,352.03,351.92,350.99,351.77,350.89,350.89,351.03,340,351.14,352.23,350.8,350.93,350.94,260,600,351.21,-0.809016994374951,351.05,350.87
352.19,-0.566406236924835,351.06,369.84,359.49,351.15,1040.0,351.11,351.05,352.07,350.8,352.08,351.99,350.94,351.88,350.89,351.05,351.07,340,350.99,352.29,350.82,350.93,351.13,260,600,351.14,-0.8241261886220141,350.99,350.83
352.26,-0.5446390350150248,351.03,369.11,358.4,351.16,1040.0,351.14,350.99,352.16,350.8,352.12,352.05,350.92,351.96,350.89,351.26,351.1,340,350.94,352.33,350.86,350.93,351.38,260,600,351.11,-0.8386705679454256,350.97,350.82
351.22,-0.5224985647159418,351.3,361.05,354.71,351.17,130.0,350.95,350.97,352.23,350.8,352.15,351.14,351.09,352.03,350.89,351.46,351.13,340,350.92,352.36,350.92,350.93,351.62,260,600,351.45,-0.8526401643540965,351.18,350.84
351.05,-0.5000000000000004,351.6,358.56,354.19,351.18,130.0,350.87,351.18,351.22,350.8,352.17,351.0,351.31,351.14,350.89,351.63,350.95,340,351.09,352.39,350.98,350.93,351.8,260,600,351.78,-0.8660254037844384,351.44,350.88
351.0,-0.47715876025960324,351.84,357.68,354.03,351.19,130.0,350.84,351.44,351.05,350.8,352.19,350.94,351.51,350.99,350.89,351.77,350.87,340,351.31,352.41,351.03,350.93,351.95,260,600,352.03,-0.8788171126619682,351.67,350.93
350.97,-0.4539904997395501,352.03,357.34,353.98,351.19,130.0,350.82,351.67,350.99,350.8,352.21,350.92,351.67,350.94,350.89,351.88,350.83,340,351.51,352.43,351.07,350.93,352.07,260,600,352.22,-0.8910065241883661,351.85,350.99
351.18,-0.43051109680829275,351.22,367.4,356.87,351.2,1040.0,350.84,351.85,350.97,350.8,352.22,351.09,351.07,350.92,350.89,351.96,350.82,340,351.67,352.44,351.1,350.93,352.16,260,600,351.32,-0.9025852843498617,351.14,350.91
351.44,-0.406736643075792,351.08,368.51,357.74,351.2,1040.0,350.88,351.14,351.18,350.8,352.23,351.31,350.97,351.09,350.89,352.03,350.84,340,351.07,352.45,351.13,350.93,352.23,260,600,351.16,-0.9135454576426045,351.02,350.85
351.67,-0.3826834323650895,351.04,368.15,357.36,350.97,1040.0,350.93,351.02,351.44,350.8,351.17,351.51,350.93,351.31,350.89,351.14,350.88,340,350.97,351.26,350.95,350.93,351.22,260,600,351.12,-0.9238795325112868,350.98,350.83
351.85,-0.3583679495452949,351.02,367.48,356.79,350.88,1040.0,350.99,350.98,351.67,350.8,351.01,351.68,350.91,351.51,350.89,350.99,350.93,340,350.93,351.07,350.87,350.93,351.05,260,600,351.09,-0.9335804264972039,350.96,350.82
351.99,-0.33380685923377373,351.27,360.07,354.46,350.84,130.0,351.04,350.96,351.85,350.8,350.95,351.8,351.07,351.67,350.89,350.94,350.99,340,350.91,351.0,350.83,350.93,350.99,260,600,351.42,-0.9426414910921774,351.16,350.83
352.1,-0.30901699437494506,351.57,358.14,354.1,350.82,130.0,351.08,351.16,351.14,350.8,350.93,351.91,351.29,351.07,350.89,350.92,350.91,340,351.07,350.98,350.82,350.93,350.97,260,600,351.75,-0.9510565162951543,351.42,350.87
352.18,-0.28401534470391415,351.82,357.48,354.0,350.82,130.0,351.11,351.42,351.02,350.8,350.91,351.98,351.49,350.97,350.89,351.09,350.85,340,351.29,350.96,350.84,350.93,351.18,260,600,352.01,-0.9588197348681956,351.65,350.93
352.25,-0.25881904510252063,352.01,357.24,353.96,350.81,130.0,351.14,351.65,350.98,350.82,350.91,352.04,351.66,350.93,351.04,351.31,350.83,340,351.49,350.95,350.88,351.12,351.44,260,600,352.2,-0.9659258262890683,351.83,350.98
351.22,-0.23344536385589998,352.15,357.16,353.96,350.81,130.0,350.95,351.83,350.96,350.86,350.9,351.14,351.79,350.91,351.24,351.51,350.82,340,351.66,350.95,350.93,351.36,351.67,260,600,352.34,-0.9723699203976779,351.97,351.03
351.05,-0.2079116908177624,352.27,357.15,353.96,350.81,130.0,350.87,351.97,351.16,350.91,350.9,350.99,351.89,351.07,351.45,351.67,350.83,340,351.79,350.94,350.99,351.61,351.85,260,600,352.45,-0.978147600733805,352.08,351.08
350.99,-0.18223552549214428,352.36,357.17,353.97,350.81,130.0,350.84,352.08,351.42,350.97,350.9,350.94,351.97,351.29,351.66,351.07,350.87,340,351.89,350.94,350.91,351.86,351.14,260,600,352.53,-0.9832549075639552,352.17,351.11
350.97,-0.15643446504022226,352.42,357.19,353.98,350.81,130.0,350.82,352.17,351.65,350.91,350.89,350.92,352.04,351.49,351.12,350.97,350.93,340,351.97,350.94,350.85,351.23,351.02,260,600,352.6,-0.9876883405951391,352.24,351.13
350.96,-0.13052619222005163,352.48,357.21,353.98,350.8,130.0,350.81,352.24,351.83,350.86,350.89,350.91,352.08,351.66,351.03,350.93,350.98,340,352.04,350.94,350.83,351.11,350.98,260,600,352.65,-0.9914448613738104,352.29,351.15
350.95,-0.10452846326764806,352.52,357.23,353.99,350.8,130.0,350.81,352.29,351.97,350.84,350.89,350.9,352.12,351.79,350.98,350.91,351.03,340,352.08,350.94,350.82,351.05,350.96,260,600,352.7,-0.994521895368274,352.33,351.17
350.94,-0.07845909572784822,352.56,357.25,353.99,350.82,130.0,350.81,352.33,352.08,350.83,351.05,350.9,352.15,351.89,350.95,351.07,351.08,340,352.12,351.13,350.83,351.01,351.16,260,600,352.73,-0.9969173337331277,352.37,351.18
350.94,-0.05233595624294076,352.58,357.26,354.0,350.86,130.0,350.81,352.37,352.17,350.85,351.26,350.9,352.17,351.97,351.15,351.29,351.11,340,352.15,351.38,350.87,351.26,351.42,260,600,352.75,-0.998629534754574,352.39,351.18
351.14,-0.026176948307864604,351.34,369.77,359.62,350.92,1040.0,350.82,352.39,352.24,350.9,351.46,351.06,351.16,352.04,351.41,351.49,351.13,340,352.17,351.62,350.93,351.6,351.65,260,600,351.45,-0.9996573249755575,351.25,350.97
351.39,-1.8369701987210297e-16,351.13,370.87,361.71,350.98,1040.0,350.87,351.25,352.29,350.96,351.63,351.27,351.0,352.08,351.74,351.66,351.15,340,351.16,351.8,350.98,352.04,351.83,260,600,351.23,-1.0,351.06,350.87
351.63,0.02617694830787933,351.07,370.54,360.86,351.03,1040.0,350.92,351.06,352.33,351.03,351.77,351.47,350.95,352.12,352.24,351.79,351.17,340,351.0,351.95,351.03,352.91,351.97,260,600,351.16,-0.9996573249755571,351.0,350.84
351.81,0.05233595624294039,351.04,369.84,359.47,351.07,1040.0,350.98,351.0,352.37,351.13,351.88,351.64,350.92,352.15,353.56,351.89,351.18,340,350.95,352.07,351.08,356.09,352.08,260,600,351.12,-0.998629534754574,350.97,350.82
351.96,0.07845909572784786,351.02,368.95,358.2,351.1,1040.0,351.03,350.97,352.39,351.27,351.96,351.78,350.91,352.17,357.85,351.97,351.18,340,350.92,352.16,351.11,360.73,352.17,260,600,351.1,-0.9969173337331277,350.96,350.81
352.07,0.10452846326766183,351.01,368.02,357.22,351.13,1040.0,351.07,350.96,351.25,351.51,352.03,351.88,350.9,351.16,360.71,352.04,350.97,340,350.91,352.23,351.13,361.49,352.24,260,600,351.09,-0.9945218953682725,350.95,350.81
352.16,0.13052619222005127,351.0,367.14,356.53,350.95,1040.0,351.1,350.95,351.06,351.79,351.14,351.96,350.9,351.0,361.2,352.08,350.87,340,350.9,351.22,351.15,361.58,352.29,260,600,351.08,-0.9914448613738105,350.95,350.81
352.23,0.1564344650402368,351.0,366.37,356.04,350.87,1040.0,351.13,350.95,351.0,351.28,350.99,352.03,350.9,350.95,353.45,352.12,350.84,340,350.9,351.05,351.17,357.27,352.33,260,600,351.07,-0.9876883405951368,350.94,350.81
352.29,0.18223552549214392,351.25,359.51,354.33,350.83,130.0,351.15,350.94,350.97,351.08,350.94,352.08,351.06,350.92,351.97,352.15,350.82,340,350.9,350.99,351.18,352.95,352.37,260,600,351.4,-0.9832549075639553,351.14,350.82
352.33,0.20791169081776203,351.55,357.9,354.05,350.82,130.0,351.16,351.14,350.96,350.98,350.92,352.12,351.27,350.91,351.49,352.17,350.81,340,351.06,350.97,351.18,351.9,352.39,260,600,351.73,-0.978147600733805,351.4,350.87
352.36,0.2334453638559143,351.8,357.36,353.97,350.84,130.0,351.17,351.4,350.95,350.93,351.09,352.15,351.47,350.9,351.26,351.16,350.81,340,351.27,351.18,350.97,351.49,351.25,260,600,351.99,-0.9723699203976744,351.63,350.92
352.39,0.2588190451025203,351.99,357.18,353.95,350.88,130.0,351.18,351.63,350.95,350.96,351.31,352.17,351.64,350.9,351.98,351.0,350.81,340,351.47,351.44,350.87,352.69,351.06,260,600,352.18,-0.9659258262890684,351.82,350.98
352.41,0.28401534470392825,351.21,367.01,356.58,350.93,1040.0,351.19,351.82,350.94,351.07,351.51,352.19,351.06,350.9,353.36,350.95,350.81,340,351.64,351.67,350.84,355.74,351.0,260,600,351.31,-0.9588197348681914,351.13,350.9
352.43,0.30901699437494473,351.08,368.17,357.4,350.99,1040.0,351.19,351.13,351.14,351.22,351.67,352.21,350.96,351.06,357.38,350.92,350.82,340,351.06,351.85,350.82,360.54,350.97,260,600,351.16,-0.9510565162951544,351.01,350.85
352.44,0.3338068592337734,351.03,367.84,357.08,350.91,1040.0,351.2,351.01,351.4,351.47,351.07,352.22,350.93,351.27,360.58,350.91,350.87,340,350.96,351.14,350.81,361.47,350.96,260,600,351.11,-0.9426414910921775,350.97,350.83
352.45,0.35836794954530865,351.01,367.21,356.58,350.85,1040.0,351.2,350.97,351.63,351.75,350.97,352.23,350.91,351.47,361.18,350.9,350.92,340,350.93,351.02,350.81,361.58,350.95,260,600,351.09,-0.9335804264971985,350.96,350.82
351.26,0.38268343236508917,351.0,366.53,356.14,350.83,1040.0,350.97,350.96,351.82,351.98,350.93,351.17,350.9,351.64,361.31,350.9,350.98,340,350.91,350.98,350.81,361.6,350.95,260,600,351.08,-0.923879532511287,350.95,350.81
351.07,0.4067366430758054,351.0,365.92,355.8,350.82,1040.0,350.88,350.95,351.13,352.12,350.91,351.01,350.9,351.06,361.36,350.9,350.9,340,350.9,350.96,350.81,361.6,350.94,260,600,351.07,-0.9135454576425985,350.94,350.81
351.0,0.4305110968082924,350.99,365.4,355.55,350.83,1040.0,350.84,350.94,351.01,352.21,351.07,350.95,350.9,350.96,361.39,351.06,350.85,340,350.9,351.16,350.82,361.61,351.14,260,600,351.07,-0.9025852843498618,350.94,350.81
350.98,0.4539904997395498,350.99,365.0,355.36,350.87,1040.0,350.82,350.94,350.97,352.26,351.29,350.93,350.89,350.93,361.4,351.27,350.83,340,350.9,351.42,350.87,361.61,351.4,260,600,351.06,-0.8910065241883663,350.94,350.81
350.96,0.4771587602596162,350.99,364.68,355.23,350.93,1040.0,350.82,350.94,350.96,352.29,351.49,350.91,350.89,350.91,361.41,351.47,350.82,340,350.89,351.65,350.92,361.61,351.63,260,600,351.06,-0.8788171126619612,350.94,350.8
350.95,0.5000000000000001,350.99,364.44,355.14,350.98,1040.0,350.81,350.94,350.95,352.3,351.66,350.91,350.89,350.9,361.41,351.64,350.81,340,350.89,351.83,350.98,361.61,351.82,260,600,351.06,-0.8660254037844386,350.93,350.8
350.95,0.5224985647159536,350.99,364.26,355.07,351.03,1040.0,350.81,350.93,350.94,352.31,351.79,350.9,350.89,350.9,361.41,351.06,350.81,340,350.89,351.97,350.9,361.61,351.13,260,600,351.06,-0.8526401643540893,350.93,350.8
350.94,0.5446390350150244,350.99,364.13,355.02,351.08,1040.0,350.81,350.93,350.94,352.32,351.89,350.9,350.89,350.9,361.41,350.96,350.81,340,350.89,352.08,350.85,361.61,351.01,260,600,351.06,-0.8386705679454257,350.93,350.8
350.94,0.5664062369248347,350.99,364.04,354.99,351.11,1040.0,350.81,350.93,350.94,352.32,351.97,350.9,350.89,350.89,361.41,350.93,350.81,340,350.89,352.17,350.83,361.61,350.97,260,600,351.06,-0.8241261886220144,350.93,350.8
350.94,0.5877852522924801,350.99,363.97,354.96,351.13,1040.0,350.81,350.93,350.94,352.32,352.04,350.89,350.89,350.89,361.41,350.91,350.8,340,350.89,352.24,350.82,361.61,350.96,260,600,351.06,-0.8090169943749423,350.93,350.8
350.94,0.6087614290087199,350.99,363.91,354.94,351.15,1040.0,350.8,350.93,350.93,352.32,352.08,350.89,350.89,350.89,361.41,350.9,350.8,340,350.89,352.29,350.81,361.61,350.95,260,600,351.06,-0.7933533402912357,350.93,350.8
350.94,0.6293203910498416,350.99,363.88,354.93,351.17,1040.0,350.8,350.93,350.93,352.32,352.12,350.89,350.89,350.89,361.41,350.9,350.8,340,350.89,352.33,350.81,361.61,350.94,260,600,351.06,-0.7771459614569675,350.93,350.8
351.13,0.6494480483301818,351.23,358.47,354.11,351.18,130.0,350.82,350.93,350.93,352.32,352.15,351.05,351.05,350.89,361.41,350.9,350.8,340,350.89,352.37,350.81,361.61,350.94,260,600,351.37,-0.7604059656000325,351.13,350.82
351.38,0.6691306063588605,351.53,357.46,353.97,351.18,130.0,350.86,351.13,350.93,352.32,352.17,351.26,351.25,350.89,361.41,350.89,350.8,340,351.05,352.39,350.81,361.61,350.94,260,600,351.71,-0.7431448254773922,351.38,350.86
351.62,0.6883545756937601,351.78,357.15,353.93,350.97,130.0,350.92,351.38,350.93,352.32,351.16,351.46,351.46,350.89,361.41,350.89,350.8,340,351.25,351.25,350.8,361.61,350.94,260,600,351.97,-0.7253743710122817,351.61,350.92
351.8,0.7071067811865474,351.97,357.07,353.93,350.87,130.0,350.98,351.61,350.93,351.4,351.0,351.63,351.63,350.89,354.78,350.89,350.8,340,351.46,351.06,350.8,360.66,350.93,260,600,352.16,-0.7071067811865477,351.8,350.97
351.95,0.7253743710122919,352.13,357.07,353.94,350.84,130.0,351.03,351.8,350.93,351.13,350.95,351.77,351.77,350.89,352.29,350.89,350.8,340,351.63,351.0,350.8,353.79,350.93,260,600,352.31,-0.6883545756937495,351.95,351.03
352.07,0.7431448254773919,352.25,357.1,353.95,350.82,130.0,351.07,351.95,351.13,351.01,350.92,351.88,351.87,351.05,351.61,350.89,350.82,340,351.77,350.97,350.8,352.14,350.93,260,600,352.43,-0.6691306063588608,352.06,351.07
352.16,0.7604059656000328,352.34,357.14,353.96,350.81,130.0,351.1,352.06,351.38,350.94,350.91,351.96,351.96,351.25,351.33,350.89,350.86,340,351.87,350.96,350.8,351.6,350.93,260,600,352.52,-0.6494480483301814,352.16,351.1
352.23,0.7771459614569767,352.41,357.17,353.97,350.81,130.0,351.13,352.16,351.61,350.9,350.9,352.03,352.02,351.46,351.17,350.89,350.92,340,351.96,350.95,350.8,351.34,350.93,260,600,352.59,-0.6293203910498303,352.23,351.13
351.22,0.7933533402912349,352.47,357.2,353.98,350.81,130.0,350.95,352.23,351.8,350.87,350.9,351.14,352.07,351.63,351.08,350.89,350.97,340,352.02,350.95,350.8,351.2,350.93,260,600,352.64,-0.6087614290087209,352.28,351.15
351.05,0.809016994374951,352.51,357.22,353.99,350.81,130.0,350.87,352.28,351.95,350.85,350.9,350.99,352.11,351.77,351.02,350.89,351.03,340,352.07,350.94,350.8,351.11,350.93,260,600,352.69,-0.5877852522924683,352.33,351.16
350.99,0.8241261886220136,352.55,357.24,353.99,350.82,130.0,350.83,352.33,352.06,350.84,351.06,350.94,352.15,351.87,350.98,351.05,351.07,340,352.11,351.14,350.82,351.05,351.13,260,600,352.72,-0.5664062369248358,352.36,351.17
350.97,0.8386705679454255,352.58,357.26,354.0,350.87,130.0,350.82,352.36,352.16,350.86,351.27,350.92,352.17,351.96,351.22,351.25,351.1,340,352.15,351.4,350.86,351.36,351.38,260,600,352.75,-0.5446390350150248,352.39,351.18
351.18,0.8526401643540965,352.6,357.27,354.0,350.92,130.0,350.84,352.39,352.23,350.91,351.47,351.09,352.19,352.02,351.54,351.46,351.13,340,352.17,351.63,350.92,351.79,351.61,260,600,352.77,-0.5224985647159419,352.41,351.19
351.44,0.8660254037844384,352.62,357.28,354.0,350.98,130.0,350.88,352.41,352.28,350.99,351.64,351.31,352.2,352.07,351.99,351.63,351.15,340,352.19,351.82,350.97,352.47,351.8,260,600,352.79,-0.5000000000000004,352.43,351.19
351.67,0.8788171126619677,352.63,357.29,354.0,350.9,130.0,350.93,352.43,352.33,351.08,351.06,351.51,352.22,352.11,352.88,351.77,351.16,340,352.2,351.13,351.03,354.38,351.95,260,600,352.8,-0.4771587602596041,352.44,351.2
351.85,0.8910065241883666,352.64,357.3,354.01,350.85,130.0,350.99,352.44,352.36,351.2,350.96,351.67,352.23,352.15,355.89,351.87,351.17,340,352.22,351.01,351.07,359.64,352.06,260,600,352.81,-0.45399049973954936,352.45,351.2
351.14,0.9025852843498621,351.35,370.02,360.07,350.83,1040.0,350.91,352.45,352.39,351.41,350.93,351.07,351.17,352.17,360.12,351.96,351.18,340,352.23,350.97,351.1,361.38,352.16,260,600,351.47,-0.430511096808292,351.26,350.97
351.02,0.9135454576426045,351.14,371.08,362.28,350.82,1040.0,350.85,351.26,352.41,351.69,350.91,350.97,351.01,352.19,361.1,352.02,351.19,340,351.17,350.96,351.13,361.56,352.23,260,600,351.23,-0.40673664307579205,351.07,350.88
350.98,0.9238795325112868,351.07,370.76,361.38,350.81,1040.0,350.83,351.07,352.43,351.93,350.9,350.93,350.95,352.2,361.29,352.07,351.19,340,351.01,350.95,351.15,361.59,352.28,260,600,351.16,-0.38268343236508956,351.0,350.84
350.96,0.9335804264972037,351.04,370.07,359.88,350.81,1040.0,350.82,351.0,352.44,351.32,350.9,350.91,350.93,352.22,353.78,352.11,351.2,340,350.95,350.94,351.16,358.23,352.33,260,600,351.12,-0.35836794954529494,350.98,350.82
351.16,0.9426414910921774,351.32,361.8,354.91,350.81,130.0,350.83,350.98,352.45,351.1,350.9,351.07,351.1,352.23,352.06,352.15,351.2,340,350.93,350.94,351.17,353.16,352.36,260,600,351.48,-0.3338068592337738,351.2,350.84
351.42,0.9510565162951543,351.62,358.89,354.26,350.81,130.0,350.87,351.2,351.26,350.99,350.89,351.29,351.32,351.17,351.52,352.17,350.97,340,351.1,350.94,351.18,351.96,352.39,260,600,351.81,-0.3090169943749451,351.46,350.88
351.65,0.9588197348681955,351.86,357.83,354.06,350.8,130.0,350.93,351.46,351.07,350.93,350.89,351.49,351.52,351.01,351.28,352.19,350.88,340,351.32,350.94,351.19,351.52,352.41,260,600,352.06,-0.2840153447039142,351.69,350.94
351.83,0.9659258262890681,352.04,357.42,354.0,350.8,130.0,350.98,351.69,351.0,350.97,350.89,351.66,351.69,350.95,352.04,352.2,350.84,340,351.52,350.93,351.19,352.81,352.43,260,600,352.24,-0.25881904510252157,351.86,350.99
351.97,0.9723699203976779,352.18,357.26,353.98,350.8,130.0,351.03,351.86,350.98,351.07,350.89,351.79,351.81,350.93,353.54,352.22,350.82,340,351.69,350.93,351.2,356.16,352.44,260,600,352.37,-0.23344536385590003,352.0,351.04
352.08,0.9781476007338048,352.29,357.21,353.97,350.8,130.0,351.08,352.0,351.2,351.24,350.89,351.89,351.91,351.1,357.77,352.23,350.84,340,351.81,350.93,351.2,360.7,352.45,260,600,352.47,-0.20791169081776334,352.11,351.08
352.17,0.983254907563955,352.37,357.2,353.98,350.8,130.0,351.11,352.11,351.46,351.49,350.89,351.97,351.99,351.32,360.67,351.17,350.88,340,351.91,350.93,350.97,361.49,351.26,260,600,352.55,-0.18223552549214522,352.19,351.11
352.24,0.9876883405951391,352.44,357.21,353.98,350.8,130.0,351.13,352.19,351.69,351.77,350.89,352.04,352.05,351.52,361.19,351.01,350.94,340,351.99,350.93,350.88,361.58,351.07,260,600,352.62,-0.15643446504022232,352.25,351.14
352.29,0.9914448613738104,352.49,357.22,353.99,350.8,130.0,351.15,352.25,351.86,351.99,350.89,352.08,352.09,351.69,361.32,350.95,350.99,340,352.05,350.93,350.84,361.6,351.0,260,600,352.67,-0.13052619222005168,352.3,351.15
352.33,0.994521895368274,352.53,357.24,353.99,350.8,130.0,351.17,352.3,352.0,352.13,350.89,352.12,352.13,351.81,361.37,350.93,351.04,340,352.09,350.93,350.82,361.6,350.98,260,600,352.71,-0.10452846326764724,352.34,351.17
352.37,0.9969173337331277,352.56,357.26,353.99,350.82,130.0,351.18,352.34,352.11,352.21,351.05,352.15,352.16,351.91,361.39,351.1,351.08,340,352.13,351.13,350.84,361.61,351.2,260,600,352.74,-0.07845909572784829,352.37,351.18
352.39,0.998629534754574,352.59,357.27,354.0,350.86,130.0,351.18,352.37,352.19,352.26,351.25,352.17,352.18,351.99,361.4,351.32,351.11,340,352.16,351.38,350.88,361.61,351.46,260,600,352.76,-0.05233595624294082,352.4,351.19
351.25,0.9996573249755575,351.34,369.8,359.67,350.92,1040.0,350.97,352.4,352.25,352.29,351.46,351.16,351.16,352.05,361.41,351.52,351.14,340,352.18,351.61,350.94,361.61,351.69,260,600,351.46,-0.026176948307863778,351.25,350.97
351.06,1.0,351.13,370.9,361.77,350.97,1040.0,350.87,351.25,352.3,352.3,351.63,351.0,351.0,352.09,361.41,351.69,351.15,340,351.16,351.8,350.99,361.61,351.86,260,600,351.23,0.0,351.06,350.87
351.0,0.9996573249755571,351.07,370.57,360.91,351.03,1040.0,350.84,351.06,352.34,352.31,351.77,350.95,350.95,352.13,361.41,351.81,351.17,340,351.0,351.95,351.04,361.61,352.0,260,600,351.16,0.026176948307879103,351.0,350.84
350.97,0.998629534754574,351.04,369.86,359.51,351.07,1040.0,350.82,351.0,352.37,351.4,351.87,350.92,350.92,352.16,354.75,351.91,351.18,340,350.95,352.06,351.08,360.6,352.11,260,600,351.12,0.05233595624294086,350.97,350.82
350.96,0.9969173337331277,351.31,361.62,354.86,351.1,130.0,350.81,350.97,352.4,351.13,351.96,350.91,351.1,352.18,352.29,351.99,351.19,340,350.92,352.16,351.11,353.78,352.19,260,600,351.47,0.07845909572784791,351.19,350.84
350.95,0.9945218953682724,351.61,358.81,354.24,351.13,130.0,350.81,351.19,351.25,351.01,352.02,350.9,351.32,351.16,351.61,352.05,350.97,340,351.1,352.23,351.14,352.14,352.25,260,600,351.8,0.10452846326766235,351.45,350.88
350.95,0.9914448613738104,351.86,357.79,354.06,351.15,130.0,350.81,351.45,351.06,350.94,352.07,350.9,351.52,351.0,351.32,352.09,350.87,340,351.32,352.28,351.15,351.6,352.3,260,600,352.05,0.13052619222005157,351.68,350.94
350.94,0.9876883405951368,352.04,357.4,354.0,351.16,130.0,350.81,351.68,351.0,350.9,352.11,350.9,351.68,350.95,351.17,352.13,350.84,340,351.52,352.33,351.17,351.34,352.34,260,600,352.23,0.15643446504023675,351.86,350.99
351.14,0.9832549075639552,352.18,357.25,353.98,351.17,130.0,350.82,351.86,350.97,350.87,352.15,351.06,351.81,350.92,351.08,352.16,350.82,340,351.68,352.36,351.18,351.2,352.37,260,600,352.37,0.18223552549214453,352.0,351.04
351.4,0.978147600733805,352.29,357.2,353.97,351.18,130.0,350.87,352.0,351.19,350.85,352.17,351.27,351.91,351.1,351.02,352.18,350.84,340,351.81,352.39,351.19,351.11,352.4,260,600,352.47,0.20791169081776223,352.11,351.08
351.63,0.9723699203976746,352.37,357.19,353.97,351.19,130.0,350.92,352.11,351.45,350.84,352.19,351.47,351.99,351.32,350.98,351.16,350.88,340,351.91,352.41,350.97,351.05,351.25,260,600,352.55,0.23344536385591408,352.19,351.11
351.82,0.9659258262890683,352.44,357.21,353.98,351.19,130.0,350.98,352.19,351.68,350.83,352.2,351.64,352.05,351.52,350.95,351.0,350.94,340,351.99,352.43,350.87,351.01,351.06,260,600,352.61,0.25881904510252074,352.25,351.14
351.13,0.9588197348681914,352.49,357.22,353.99,351.2,130.0,350.9,352.25,351.86,350.82,352.22,351.06,352.09,351.68,350.93,350.95,350.99,340,352.05,352.44,350.84,350.98,351.0,260,600,352.66,0.2840153447039283,352.3,351.15
351.01,0.9510565162951545,352.53,357.24,353.99,351.2,130.0,350.85,352.3,352.0,350.81,352.23,350.96,352.13,351.81,350.91,350.92,351.04,340,352.09,352.45,350.82,350.96,350.97,260,600,352.7,0.3090169943749446,352.34,351.17
350.97,0.9426414910921774,352.56,357.26,353.99,350.97,130.0,350.83,352.34,352.11,350.81,351.17,350.93,352.16,351.91,350.9,351.1,351.08,340,352.13,351.26,350.84,350.95,351.19,260,600,352.74,0.33380685923377373,352.37,351.18
350.96,0.9335804264971985,352.59,357.27,354.0,350.88,130.0,350.82,352.37,352.19,350.83,351.01,350.91,352.18,351.99,351.06,351.32,351.11,340,352.16,351.07,350.88,351.15,351.45,260,600,352.76,0.3583679495453086,352.4,351.19
350.95,0.9238795325112867,352.61,357.28,354.0,350.84,130.0,350.81,352.4,352.25,350.87,350.95,350.9,352.2,352.05,351.28,351.52,351.14,340,352.18,351.0,350.94,351.41,351.68,260,600,352.78,0.3826834323650898,352.42,351.19
350.94,0.9135454576425985,352.62,357.29,354.0,350.82,130.0,350.81,352.42,352.3,350.92,350.93,350.9,352.21,352.09,351.5,351.68,351.15,340,352.2,350.98,350.99,351.68,351.86,260,600,352.8,0.4067366430758056,352.43,351.2
350.94,0.9025852843498618,352.64,357.3,354.01,350.84,130.0,350.81,352.43,352.34,350.99,351.1,350.9,352.22,352.13,351.75,351.81,351.17,340,352.21,351.2,351.04,352.01,352.0,260,600,352.81,0.4305110968082924,352.44,351.2
350.94,0.8910065241883666,352.65,357.3,354.01,350.88,130.0,350.81,352.44,352.37,350.92,351.32,350.89,352.23,352.16,351.17,351.91,351.18,340,352.22,351.46,351.08,351.32,352.11,260,600,352.82,0.4539904997395494,352.45,351.2
350.94,0.878817112661961,351.35,370.04,360.1,350.94,1040.0,350.8,352.45,352.4,350.88,351.52,350.89,351.17,352.18,351.07,351.99,351.19,340,352.23,351.69,351.11,351.18,352.19,260,600,351.47,0.4771587602596163,351.26,350.97
350.93,0.8660254037844387,351.14,371.09,362.32,350.99,1040.0,350.8,351.26,352.42,350.85,351.69,350.89,351.01,352.2,351.01,352.05,351.19,340,351.17,351.86,351.14,351.1,352.25,260,600,351.23,0.49999999999999994,351.07,350.88
350.93,0.8526401643540892,351.07,370.77,361.41,351.04,1040.0,350.8,351.07,352.43,350.84,351.81,350.89,350.95,352.21,350.97,352.09,351.2,340,351.01,352.0,351.15,351.04,352.3,260,600,351.16,0.5224985647159539,351.0,350.84
350.93,0.8386705679454256,351.04,370.09,359.91,351.08,1040.0,350.8,351.0,352.44,350.86,351.91,350.89,350.93,352.22,351.2,352.13,351.2,340,350.95,352.11,351.17,351.33,352.34,260,600,351.12,0.5446390350150245,350.98,350.82
350.93,0.824126188622014,351.32,361.81,354.92,351.11,130.0,350.8,350.98,352.45,350.91,351.99,350.89,351.1,352.23,351.51,352.16,351.2,340,350.93,352.19,351.18,351.74,352.37,260,600,351.48,0.5664062369248353,351.2,350.84
350.93,0.8090169943749421,351.62,358.89,354.26,351.14,130.0,350.8,351.2,351.26,350.98,352.05,350.89,351.32,351.17,351.92,352.18,350.97,340,351.1,352.25,351.19,352.35,352.4,260,600,351.81,0.5877852522924804,351.46,350.88
350.93,0.7933533402912352,351.86,357.83,354.07,351.15,130.0,350.8,351.46,351.07,351.06,352.09,350.89,351.52,351.01,352.69,352.2,350.88,340,351.32,352.3,351.19,353.9,352.42,260,600,352.06,0.6087614290087207,351.69,350.94
350.93,0.7771459614569671,352.04,357.42,354.0,351.17,130.0,350.8,351.69,351.0,351.18,352.13,350.89,351.69,350.95,355.18,352.21,350.84,340,351.52,352.34,351.2,358.96,352.43,260,600,352.24,0.629320391049842,351.87,350.99
351.13,0.7604059656000329,351.22,367.59,357.02,351.18,1040.0,350.82,351.87,350.98,351.37,352.16,351.05,351.07,350.93,359.76,352.22,350.82,340,351.69,352.37,351.2,361.3,352.44,260,600,351.32,0.6494480483301813,351.14,350.91
351.38,0.7431448254773922,351.08,368.67,357.91,351.19,1040.0,350.86,351.14,351.2,351.65,352.18,351.25,350.97,351.1,361.04,352.23,350.84,340,351.07,352.4,351.2,361.55,352.45,260,600,351.17,0.6691306063588603,351.02,350.85
351.61,0.7253743710122815,351.04,368.3,357.5,350.97,1040.0,350.92,351.02,351.46,351.9,351.16,351.46,350.93,351.32,361.28,351.17,350.88,340,350.97,351.25,350.97,361.59,351.26,260,600,351.12,0.6883545756937604,350.98,350.83
351.8,0.7071067811865476,351.02,367.61,356.89,350.87,1040.0,350.97,350.98,351.69,352.08,351.0,351.63,350.91,351.52,361.35,351.01,350.94,340,350.93,351.06,350.88,361.6,351.07,260,600,351.09,0.7071067811865475,350.96,350.82
351.95,0.6883545756937497,351.01,366.87,356.35,350.84,1040.0,351.03,350.96,351.87,352.18,350.95,351.77,350.9,351.69,361.38,350.95,350.99,340,350.91,351.0,350.84,361.61,351.0,260,600,351.08,0.7253743710122917,350.95,350.81
352.06,0.6691306063588605,351.0,366.2,355.95,350.82,1040.0,351.07,350.95,351.14,352.24,350.92,351.87,350.9,351.07,361.4,350.93,350.91,340,350.9,350.97,350.82,361.61,350.98,260,600,351.07,0.7431448254773922,350.94,350.81
352.16,0.6494480483301814,350.99,365.62,355.65,350.84,1040.0,351.1,350.94,351.02,352.28,351.1,351.96,350.9,350.97,361.4,351.1,350.85,340,350.9,351.19,350.84,361.61,351.2,260,600,351.07,0.7604059656000328,350.94,350.81
352.23,0.6293203910498305,350.99,365.16,355.44,350.88,1040.0,351.13,350.94,350.98,351.39,351.32,352.02,350.89,350.93,354.66,351.32,350.83,340,350.9,351.45,350.88,360.4,351.46,260,600,351.06,0.7771459614569765,350.94,350.81
352.28,0.6087614290087207,350.99,364.8,355.28,350.94,1040.0,351.15,350.94,350.96,351.13,351.52,352.07,350.89,350.91,352.27,351.52,350.82,340,350.89,351.68,350.94,353.72,351.69,260,600,351.06,0.7933533402912352,350.94,350.8
352.33,0.5877852522924684,350.99,364.53,355.17,350.99,1040.0,351.16,350.94,350.95,351.01,351.68,352.11,350.89,350.9,351.6,351.69,350.81,340,350.89,351.86,350.99,352.12,351.87,260,600,351.06,0.8090169943749509,350.94,350.8
352.36,0.5664062369248353,350.99,364.33,355.1,351.04,1040.0,351.17,350.94,350.94,350.94,351.81,352.15,350.89,350.9,351.32,351.07,350.81,340,350.89,352.0,350.91,351.59,351.14,260,600,351.06,0.8241261886220139,350.93,350.8
352.39,0.5446390350150246,350.99,364.18,355.04,351.08,1040.0,351.18,350.93,350.94,350.98,351.91,352.17,350.89,350.9,352.18,350.97,350.81,340,350.89,352.11,350.85,353.1,351.02,260,600,351.06,0.8386705679454256,350.93,350.8
352.41,0.5224985647159414,350.99,364.07,355.0,351.11,1040.0,351.19,350.93,350.94,351.09,351.99,352.19,350.89,350.89,353.96,350.93,350.81,340,350.89,352.19,350.83,357.1,350.98,260,600,351.06,0.8526401643540968,350.93,350.8
352.43,0.5000000000000001,350.99,363.99,354.97,351.14,1040.0,351.19,350.93,350.94,351.27,352.05,352.2,350.89,350.89,358.51,350.91,350.8,340,350.89,352.25,350.82,360.96,350.96,260,600,351.06,0.8660254037844386,350.93,350.8
352.44,0.4771587602596033,350.99,363.93,354.95,351.15,1040.0,351.2,350.93,350.94,351.53,352.09,352.22,350.89,350.89,360.82,350.9,350.8,340,350.89,352.3,350.81,361.52,350.95,260,600,351.06,0.8788171126619682,350.93,350.8
352.45,0.4539904997395494,350.99,363.89,354.94,351.17,1040.0,351.2,350.93,350.93,351.22,352.13,352.23,350.89,350.89,352.88,350.9,350.8,340,350.89,352.34,350.81,355.54,350.94,260,600,351.06,0.8910065241883666,350.93,350.8
351.26,0.43051109680829247,350.99,363.86,354.92,351.18,1040.0,350.97,350.93,350.93,351.05,352.16,351.17,350.89,350.89,351.81,350.9,350.8,340,350.89,352.37,350.81,352.57,350.94,260,600,351.06,0.9025852843498618,350.93,350.8
351.07,0.40673664307579205,350.99,363.84,354.92,351.19,1040.0,350.88,350.93,350.93,350.97,352.18,351.01,350.89,350.89,351.42,350.89,350.8,340,350.89,352.4,350.81,351.77,350.94,260,600,351.06,0.9135454576426045,350.93,350.8
351.0,0.38268343236508984,350.99,363.82,354.91,351.19,1040.0,350.84,350.93,350.93,350.92,352.2,350.95,350.89,350.89,351.22,350.89,350.8,340,350.89,352.42,350.8,351.43,350.94,260,600,351.06,0.9238795325112867,350.93,350.8
350.98,0.3583679495452948,350.99,363.81,354.91,351.2,1040.0,350.82,350.93,350.93,350.88,352.21,350.93,350.89,350.89,351.11,350.89,350.8,340,350.89,352.43,350.8,351.25,350.94,260,600,351.06,0.9335804264972039,350.93,350.8
351.2,0.33380685923377384,351.23,358.45,354.1,351.2,130.0,350.84,350.93,350.93,350.86,352.22,351.1,351.05,350.89,351.04,350.89,350.8,340,350.89,352.44,350.8,351.14,350.93,260,600,351.37,0.9426414910921773,351.13,350.82
351.46,0.30901699437494473,351.53,357.45,353.96,351.2,130.0,350.88,351.13,350.93,350.84,352.23,351.32,351.25,350.89,350.99,350.89,350.8,340,351.05,352.45,350.8,351.07,350.93,260,600,351.7,0.9510565162951544,351.38,350.86
351.69,0.2840153447039142,351.78,357.14,353.93,350.97,130.0,350.94,351.38,350.93,350.83,351.17,351.52,351.46,350.89,350.96,350.89,350.8,340,351.25,351.26,350.8,351.02,350.93,260,600,351.97,0.9588197348681955,351.61,350.92
351.86,0.25881904510252074,351.97,357.07,353.93,350.88,130.0,350.99,351.61,350.93,350.85,351.01,351.69,351.63,350.89,351.18,350.89,350.8,340,351.46,351.07,350.8,351.3,350.93,260,600,352.16,0.9659258262890683,351.8,350.97
352.0,0.23344536385589965,351.21,366.77,356.42,350.84,1040.0,351.04,351.8,350.93,350.9,350.95,351.81,351.06,350.89,351.47,350.89,350.8,340,351.63,351.0,350.8,351.68,350.93,260,600,351.3,0.972369920397678,351.13,350.9
352.11,0.20791169081776228,351.08,367.96,357.21,350.82,1040.0,351.08,351.13,351.13,350.97,350.93,351.91,350.96,351.05,351.84,350.89,350.82,340,351.06,350.98,350.8,352.21,350.93,260,600,351.16,0.978147600733805,351.01,350.85
352.19,0.1822355254921444,351.03,367.67,356.94,350.84,1040.0,351.11,351.01,351.38,351.05,351.1,351.99,350.93,351.25,352.49,350.89,350.86,340,350.96,351.2,350.8,353.44,350.93,260,600,351.11,0.9832549075639552,350.97,350.83
352.25,0.15643446504022215,351.01,367.06,356.48,350.88,1040.0,351.14,350.97,351.61,351.16,351.32,352.05,350.91,351.46,354.44,350.89,350.92,340,350.93,351.46,350.8,357.94,350.93,260,600,351.09,0.9876883405951391,350.96,350.82
352.3,0.1305261922200517,351.0,366.41,356.07,350.94,1040.0,351.15,350.96,351.8,350.96,351.52,352.09,350.9,351.63,351.49,350.89,350.97,340,350.91,351.69,350.8,351.66,350.93,260,600,351.08,0.9914448613738104,350.95,350.81
352.34,0.10452846326764771,351.0,365.82,355.75,350.99,1040.0,351.17,350.95,351.13,351.0,351.69,352.13,350.9,351.06,351.69,350.89,350.9,340,350.9,351.87,350.8,351.87,350.93,260,600,351.07,0.994521895368274,350.94,350.81
352.37,0.07845909572784811,350.99,365.33,355.51,350.91,1040.0,351.18,350.94,351.01,351.05,351.07,352.16,350.9,350.96,351.83,351.05,350.85,340,350.9,351.14,350.82,352.03,351.13,260,600,351.07,0.9969173337331277,350.94,350.81
352.4,0.052335956242940865,350.99,364.94,355.34,350.85,1040.0,351.19,350.94,350.97,351.09,350.97,352.18,350.89,350.93,351.94,351.25,350.83,340,350.9,351.02,350.86,352.14,351.38,260,600,351.06,0.998629534754574,350.94,350.81
351.25,0.02617694830786426,350.99,364.63,355.22,350.83,1040.0,350.97,350.94,350.96,351.12,350.93,351.16,350.89,350.91,352.01,351.46,350.82,340,350.89,350.98,350.92,352.22,351.61,260,600,351.06,0.9996573249755575,350.94,350.8
351.06,6.123233995736766e-17,350.99,364.41,355.13,350.82,1040.0,350.87,350.94,350.95,351.14,350.91,351.0,350.89,350.9,352.07,351.63,350.81,340,350.89,350.96,350.97,352.28,351.8,260,600,351.06,1.0,350.93,350.8
351.0,-0.02617694830787923,350.99,364.24,355.06,350.81,1040.0,350.84,350.93,350.94,351.16,350.9,350.95,350.89,350.9,352.11,351.06,350.81,340,350.89,350.95,350.9,352.33,351.13,260,600,351.06,0.9996573249755571,350.93,350.8
350.97,-0.05233595624294074,350.99,364.11,355.02,350.81,1040.0,350.82,350.93,350.94,351.17,350.9,350.92,350.89,350.9,352.15,350.96,350.81,340,350.89,350.94,350.85,352.36,351.01,260,600,351.06,0.998629534754574,350.93,350.8
351.19,-0.07845909572784798,350.99,364.02,354.98,350.81,1040.0,350.84,350.93,350.94,351.18,350.9,351.1,350.89,350.89,352.17,350.93,350.81,340,350.89,350.94,350.83,352.39,350.97,260,600,351.06,0.9969173337331277,350.93,350.8
351.45,-0.10452846326766217,350.99,363.96,354.96,350.81,1040.0,350.88,350.93,350.94,351.19,350.89,351.32,350.89,350.89,352.19,350.91,350.8,340,350.89,350.94,350.82,352.41,350.96,260,600,351.06,0.9945218953682724,350.93,350.8
351.68,-0.1305261922200516,350.99,363.91,354.94,350.8,1040.0,350.94,350.93,350.93,351.19,350.89,351.52,350.89,350.89,352.21,350.9,350.8,340,350.89,350.94,350.81,352.43,350.95,260,600,351.06,0.9914448613738104,350.93,350.8
351.86,-0.15643446504023673,350.99,363.87,354.93,350.8,1040.0,350.99,350.93,350.93,351.2,350.89,351.68,350.89,350.89,352.22,350.9,350.8,340,350.89,350.94,350.81,352.44,350.94,260,600,351.06,0.9876883405951368,350.93,350.8
352.0,-0.18223552549214425,350.99,363.85,354.92,350.8,1040.0,351.04,350.93,350.93,351.2,350.89,351.81,350.89,350.89,352.23,350.9,350.8,340,350.89,350.93,350.81,352.45,350.94,260,600,351.06,0.9832549075639552,350.93,350.8
352.11,-0.20791169081776217,350.99,363.83,354.91,350.8,1040.0,351.08,350.93,350.93,351.2,350.89,351.91,350.89,350.89,352.23,350.89,350.8,340,350.89,350.93,350.81,352.46,350.94,260,600,351.06,0.978147600733805,350.93,350.8
352.19,-0.2334453638559142,350.99,363.81,354.91,350.8,1040.0,351.11,350.93,350.93,351.21,350.89,351.99,350.89,350.89,352.24,350.89,350.8,340,350.89,350.93,350.8,352.47,350.94,260,600,351.06,0.9723699203976744,350.93,350.8
352.25,-0.25881904510252063,350.99,363.8,354.9,350.8,1040.0,351.14,350.93,350.93,351.21,350.89,352.05,350.89,350.89,352.24,350.89,350.8,340,350.89,350.93,350.8,352.47,350.93,260,600,351.06,0.9659258262890683,350.93,350.8
352.3,-0.28401534470392836,350.99,363.8,354.9,350.8,1040.0,351.15,350.93,350.93,351.21,350.89,352.09,350.89,350.89,352.25,350.89,350.8,340,350.89,350.93,350.8,352.47,350.93,260,600,351.06,0.9588197348681914,350.93,350.8
352.34,-0.3090169943749446,350.99,363.79,354.9,350.8,1040.0,351.17,350.93,350.93,351.21,350.89,352.13,350.89,350.89,352.25,350.89,350.8,340,350.89,350.93,350.8,352.48,350.93,260,600,351.06,0.9510565162951545,350.93,350.8
352.37,-0.33380685923377373,350.99,363.79,354.9,350.8,1040.0,351.18,350.93,350.93,351.21,350.89,352.16,350.89,350.89,352.25,350.89,350.8,340,350.89,350.93,350.8,352.48,350.93,260,600,351.06,0.9426414910921774,350.93,350.8
352.4,-0.35836794954530854,350.99,363.79,354.9,350.8,1040.0,351.19,350.93,350.93,351.21,350.89,352.18,350.89,350.89,352.25,350.89,350.8,340,350.89,350.93,350.8,352.48,350.93,260,600,351.06,0.9335804264971985,350.93,350.8
352.42,-0.3826834323650895,351.23,358.44,354.1,350.8,130.0,351.19,350.93,350.93,351.21,350.89,352.2,351.05,350.89,352.26,350.89,350.8,340,350.89,350.93,350.8,352.48,350.93,260,600,351.37,0.9238795325112868,351.13,350.82
352.43,-0.40673664307580554,351.53,357.44,353.96,350.8,130.0,351.2,351.13,350.93,351.21,350.89,352.21,351.25,350.89,352.26,350.89,350.8,340,351.05,350.93,350.8,352.49,350.93,260,600,351.7,0.9135454576425985,351.38,350.86
352.44,-0.43051109680829214,351.78,357.14,353.93,350.82,130.0,351.2,351.38,350.93,351.21,351.05,352.22,351.46,350.89,352.26,350.89,350.8,340,351.25,351.13,350.8,352.49,350.93,260,600,351.97,0.9025852843498621,351.61,350.92
352.45,-0.45399049973954947,351.97,357.06,353.93,350.86,130.0,351.2,351.61,350.93,351.21,351.25,352.23,351.63,350.89,352.26,350.89,350.8,340,351.46,351.38,350.8,352.49,350.93,260,600,352.16,0.8910065241883665,351.8,350.97
351.26,-0.4771587602596163,351.21,366.76,356.42,350.92,1040.0,350.97,351.8,350.93,351.21,351.46,351.17,351.06,350.89,352.26,350.89,350.8,340,351.63,351.61,350.8,352.49,350.93,260,600,351.3,0.878817112661961,351.13,350.9
351.07,-0.4999999999999998,351.08,367.96,357.21,350.97,1040.0,350.88,351.13,351.13,351.21,351.63,351.01,350.96,351.05,352.26,350.89,350.82,340,351.06,351.8,350.8,352.49,350.93,260,600,351.16,0.8660254037844387,351.01,350.85
351.0,-0.5224985647159541,351.03,367.67,356.94,350.9,1040.0,350.84,351.01,351.38,351.21,351.06,350.95,350.93,351.25,352.26,350.89,350.86,340,350.96,351.13,350.8,352.49,350.93,260,600,351.11,0.8526401643540891,350.97,350.83
350.98,-0.5446390350150245,351.01,367.06,356.48,350.85,1040.0,350.82,350.97,351.61,351.21,350.96,350.93,350.91,351.46,352.26,350.89,350.92,340,350.93,351.01,350.8,352.49,350.93,260,600,351.09,0.8386705679454257,350.96,350.82
351.2,-0.5664062369248352,351.27,359.85,354.41,350.83,130.0,350.84,350.96,351.8,351.21,350.93,351.1,351.07,351.63,352.26,350.89,350.97,340,350.91,350.97,350.8,352.49,350.93,260,600,351.41,0.824126188622014,351.16,350.83
351.46,-0.5877852522924802,351.56,358.05,354.08,350.82,130.0,350.88,351.16,351.13,351.21,350.91,351.32,351.28,351.06,352.26,350.89,350.9,340,351.07,350.96,350.8,352.49,350.93,260,600,351.75,0.8090169943749422,351.41,350.87
351.69,-0.6087614290087207,351.81,357.44,353.99,350.81,130.0,350.94,351.41,351.01,351.21,350.9,351.52,351.49,350.96,352.26,351.05,350.85,340,351.28,350.95,350.82,352.49,351.13,260,600,352.0,0.7933533402912352,351.64,350.93
351.87,-0.629320391049842,352.0,357.22,353.96,350.81,130.0,350.99,351.64,350.97,351.21,350.9,351.69,351.65,350.93,352.26,351.25,350.83,340,351.49,350.94,350.86,352.49,351.38,260,600,352.19,0.7771459614569671,351.83,350.98
351.14,-0.6494480483301812,352.15,357.15,353.96,350.81,130.0,350.91,351.83,350.96,350.97,350.9,351.07,351.79,350.91,351.18,351.46,350.82,340,351.65,350.94,350.92,351.26,351.61,260,600,352.33,0.760405965600033,351.97,351.03
351.02,-0.6691306063588602,352.26,357.14,353.96,350.81,130.0,350.85,351.97,351.16,350.88,350.89,350.97,351.89,351.07,351.01,351.63,350.83,340,351.79,350.94,350.97,351.07,351.8,260,600,352.45,0.7431448254773925,352.08,351.07
350.98,-0.6883545756937606,352.35,357.16,353.97,350.8,130.0,350.83,352.08,351.41,350.84,350.89,350.93,351.97,351.28,350.95,351.06,350.87,340,351.89,350.94,350.9,351.01,351.13,260,600,352.53,0.7253743710122814,352.17,351.11
350.96,-0.7071067811865475,352.42,357.19,353.98,350.8,130.0,350.82,352.17,351.64,350.82,350.89,350.91,352.03,351.49,350.93,350.96,350.93,340,351.97,350.93,350.85,350.98,351.01,260,600,352.6,0.7071067811865476,352.24,351.13
350.95,-0.7253743710122916,351.31,369.04,358.53,350.8,1040.0,350.81,352.24,351.83,350.84,350.89,350.9,351.14,351.65,351.1,350.93,350.98,340,352.03,350.93,350.83,351.2,350.97,260,600,351.42,0.6883545756937498,351.22,350.95
350.94,-0.7431448254773922,351.12,370.24,360.26,350.8,1040.0,350.81,351.22,351.97,350.88,350.89,350.9,350.99,351.79,351.32,350.91,351.03,340,351.14,350.93,350.82,351.46,350.96,260,600,351.21,0.6691306063588603,351.05,350.87
350.94,-0.7604059656000329,351.06,369.89,359.57,350.8,1040.0,350.81,351.05,352.08,350.94,350.89,350.9,350.94,351.89,351.53,351.07,351.07,340,350.99,350.93,350.83,351.69,351.16,260,600,351.14,0.6494480483301813,350.99,350.84
350.94,-0.7771459614569765,351.03,369.16,358.46,350.8,1040.0,350.81,350.99,352.17,350.99,350.89,350.89,350.92,351.97,351.69,351.28,351.11,340,350.94,350.93,350.87,351.87,351.41,260,600,351.11,0.6293203910498305,350.97,350.82
350.94,-0.793353340291235,351.3,361.08,354.72,350.8,130.0,350.8,350.97,352.24,351.04,350.89,350.89,351.09,352.03,351.82,351.49,351.13,340,350.92,350.93,350.93,352.0,351.64,260,600,351.45,0.6087614290087209,351.18,350.84
350.94,-0.8090169943749508,351.6,358.58,354.19,350.8,130.0,350.8,351.18,351.22,351.08,350.89,350.89,351.31,351.14,351.92,351.65,350.95,340,351.09,350.93,350.98,352.11,351.83,260,600,351.79,0.5877852522924686,351.44,350.88
350.93,-0.8241261886220139,351.84,357.68,354.04,350.8,130.0,350.8,351.44,351.05,351.11,350.89,350.89,351.51,350.99,351.99,351.79,350.87,340,351.31,350.93,351.03,352.19,351.97,260,600,352.03,0.5664062369248354,351.67,350.93
350.93,-0.8386705679454256,352.03,357.34,353.98,350.8,130.0,350.8,351.67,350.99,351.14,350.89,350.89,351.67,350.94,352.05,351.89,350.84,340,351.51,350.93,351.07,352.26,352.08,260,600,352.22,0.5446390350150246,351.85,350.99
350.93,-0.8526401643540968,352.17,357.22,353.97,350.8,130.0,350.8,351.85,350.97,350.95,350.89,350.89,351.8,350.92,351.14,351.97,350.82,340,351.67,350.93,351.11,351.22,352.17,260,600,352.36,0.5224985647159414,351.99,351.04
350.93,-0.8660254037844387,352.28,357.18,353.97,350.8,130.0,350.8,351.99,351.18,350.87,350.89,350.89,351.9,351.09,351.0,352.03,350.84,340,351.8,350.93,351.13,351.05,352.24,260,600,352.46,0.49999999999999994,352.1,351.08
350.93,-0.8788171126619683,352.37,357.18,353.97,350.8,130.0,350.8,352.1,351.44,350.84,350.89,350.89,351.98,351.31,350.94,351.14,350.88,340,351.9,350.93,350.95,351.0,351.22,260,600,352.54,0.4771587602596032,352.18,351.11
350.93,-0.8910065241883665,352.43,357.2,353.98,350.8,130.0,350.8,352.18,351.67,350.82,350.89,350.89,352.04,351.51,350.92,350.99,350.93,340,351.98,350.93,350.87,350.97,351.05,260,600,352.61,0.45399049973954964,352.25,351.13
350.93,-0.9025852843498617,352.49,357.22,353.98,350.8,130.0,350.8,352.25,351.85,350.84,350.89,350.89,352.09,351.67,351.09,350.94,350.99,340,352.04,350.93,350.84,351.18,350.99,260,600,352.66,0.4305110968082927,352.3,351.15
350.93,-0.9135454576426044,352.53,357.24,353.99,350.8,130.0,350.8,352.3,351.99,350.88,350.89,350.89,352.13,351.8,351.31,350.92,351.04,340,352.09,350.93,350.82,351.44,350.97,260,600,352.7,0.4067366430757923,352.34,351.17
350.93,-0.9238795325112867,352.56,357.25,353.99,350.82,130.0,350.8,352.34,352.1,350.93,351.05,350.89,352.16,351.9,351.51,351.09,351.08,340,352.13,351.13,350.84,351.67,351.18,260,600,352.73,0.3826834323650899,352.37,351.18
350.93,-0.933580426497204,352.59,357.27,354.0,350.86,130.0,350.8,352.37,352.18,350.99,351.25,350.89,352.18,351.98,351.68,351.31,351.11,340,352.16,351.38,350.88,351.85,351.44,260,600,352.76,0.35836794954529444,352.4,351.18
351.13,-0.9426414910921773,352.61,357.28,354.0,350.92,130.0,350.82,352.4,352.25,351.04,351.46,351.05,352.19,352.04,351.8,351.51,351.13,340,352.18,351.61,350.93,351.99,351.67,260,600,352.78,0.3338068592337741,352.42,351.19
351.38,-0.9510565162951545,352.62,357.29,354.0,350.97,130.0,350.86,352.42,352.3,351.08,351.63,351.25,352.21,352.09,351.91,351.67,351.15,340,352.19,351.8,350.99,352.1,351.85,260,600,352.79,0.30901699437494456,352.43,351.2
351.61,-0.9588197348681956,352.64,357.3,354.01,350.9,130.0,350.92,352.43,352.34,351.11,351.06,351.46,352.22,352.13,351.98,351.8,351.17,340,352.21,351.13,351.04,352.18,351.99,260,600,352.81,0.28401534470391404,352.44,351.2
351.8,-0.9659258262890682,352.65,357.3,354.01,350.85,130.0,350.97,352.44,352.37,351.14,350.96,351.63,352.23,352.16,352.04,351.9,351.18,340,352.22,351.01,351.08,352.25,352.1,260,600,352.82,0.258819045102521,352.45,351.2
351.13,-0.9723699203976779,352.65,357.31,354.01,350.83,130.0,350.9,352.45,352.4,350.95,350.93,351.06,352.23,352.18,351.14,351.98,351.18,340,352.23,350.97,351.11,351.22,352.18,260,600,352.83,0.2334453638558999,352.46,351.2
351.01,-0.978147600733805,352.66,357.31,354.01,350.82,130.0,350.85,352.46,352.42,350.87,350.91,350.96,352.24,352.19,350.99,352.04,351.19,340,352.23,350.96,351.13,351.05,352.25,260,600,352.83,0.20791169081776234,352.47,351.21
350.97,-0.9832549075639551,352.67,357.31,354.01,350.83,130.0,350.83,352.47,352.43,350.84,351.07,350.93,352.24,352.21,350.94,352.09,351.2,340,352.24,351.16,351.15,350.99,352.3,260,600,352.84,0.18223552549214467,352.47,351.21
350.96,-0.9876883405951392,352.67,357.32,354.01,350.87,130.0,350.82,352.47,352.44,350.82,351.28,350.91,352.25,352.22,350.92,352.13,351.2,340,352.24,351.41,351.17,350.97,352.34,260,600,352.84,0.15643446504022177,352.48,351.21
350.95,-0.9914448613738104,351.36,370.14,360.28,350.93,1040.0,350.81,352.48,352.45,350.81,351.49,350.9,351.18,352.23,350.91,352.16,351.2,340,352.25,351.64,351.18,350.96,352.37,260,600,351.47,0.130526192220052,351.26,350.97
350.94,-0.994521895368274,351.14,371.17,362.54,350.98,1040.0,350.81,351.26,352.46,350.81,351.65,350.9,351.01,352.23,350.9,352.18,351.2,340,351.18,351.83,351.18,350.95,352.4,260,600,351.24,0.10452846326764756,351.07,350.88
350.94,-0.9969173337331277,351.07,370.85,361.61,351.03,1040.0,350.81,351.07,352.47,350.81,351.79,350.9,350.95,352.24,350.9,352.19,351.21,340,351.01,351.97,351.19,350.94,352.42,260,600,351.16,0.07845909572784772,351.01,350.84
350.94,-0.998629534754574,351.04,370.17,360.07,351.07,1040.0,350.81,351.01,352.47,350.81,351.89,350.89,350.93,352.24,350.9,352.21,351.21,340,350.95,352.08,351.2,350.94,352.43,260,600,351.13,0.0523359562429407,350.98,350.82
350.94,-0.9996573249755575,351.02,369.3,358.64,351.11,1040.0,350.8,350.98,352.48,350.82,351.97,350.89,350.91,352.25,351.06,352.22,351.21,340,350.93,352.17,351.2,351.14,352.44,260,600,351.1,0.026176948307864545,350.96,350.82
350.93,-1.0,351.01,368.35,357.53,351.13,1040.0,350.8,350.96,351.26,350.87,352.03,350.89,350.91,351.18,351.27,352.23,350.97,340,350.91,352.24,351.2,351.39,352.45,260,600,351.09,1.2246467991473532e-16,350.95,350.81
350.93,-0.9996573249755571,351.0,367.43,356.74,350.95,1040.0,350.8,350.95,351.07,350.92,351.14,350.89,350.9,351.01,351.47,352.23,350.88,340,350.91,351.22,351.2,351.63,352.46,260,600,351.08,-0.02617694830787895,350.95,350.81
350.93,-0.998629534754574,351.0,366.62,356.19,350.87,1040.0,350.8,350.95,351.01,350.98,350.99,350.89,350.9,350.95,351.64,352.24,350.84,340,350.9,351.05,351.21,351.81,352.47,260,600,351.07,-0.052335956242940455,350.94,350.81
350.93,-0.9969173337331277,351.25,359.62,354.36,350.84,130.0,350.8,350.94,350.98,351.03,350.94,350.89,351.06,350.93,351.78,352.24,350.82,340,350.9,350.99,351.21,351.96,352.47,260,600,351.4,-0.07845909572784747,351.14,350.82
350.93,-0.9945218953682724,351.55,357.95,354.06,350.82,130.0,350.8,351.14,350.96,351.07,350.92,350.89,351.27,350.91,351.88,352.25,350.82,340,351.06,350.97,351.21,352.07,352.48,260,600,351.73,-0.10452846326766232,351.4,350.87
350.93,-0.9914448613738104,351.8,357.39,353.98,350.84,130.0,350.8,351.4,350.95,351.1,351.09,350.89,351.48,350.91,351.96,351.18,350.81,340,351.27,351.18,350.97,352.16,351.26,260,600,351.99,-0.13052619222005177,351.63,350.92
350.93,-0.9876883405951368,351.99,357.19,353.95,350.88,130.0,350.8,351.63,350.95,351.13,351.31,350.89,351.65,350.9,352.03,351.01,350.81,340,351.48,351.44,350.88,352.23,351.07,260,600,352.18,-0.1564344650402369,351.82,350.98
350.93,-0.9832549075639552,352.14,357.14,353.95,350.93,130.0,350.8,351.82,350.94,351.15,351.51,350.89,351.78,350.9,352.08,350.95,350.81,340,351.65,351.67,350.84,352.29,351.01,260,600,352.33,-0.18223552549214442,351.96,351.03
350.93,-0.978147600733805,352.26,357.14,353.96,350.99,130.0,350.8,351.96,351.14,351.16,351.67,350.89,351.88,351.06,352.12,350.93,350.82,340,351.78,351.85,350.82,352.33,350.98,260,600,352.44,-0.20791169081776212,352.08,351.07
350.93,-0.9723699203976746,352.35,357.16,353.97,351.04,130.0,350.8,352.08,351.4,351.17,351.8,350.89,351.97,351.27,352.15,350.91,350.87,340,351.88,351.99,350.82,352.36,350.96,260,600,352.53,-0.2334453638559139,352.17,351.11
350.93,-0.9659258262890683,352.42,357.18,353.97,351.08,130.0,350.8,352.17,351.63,351.18,351.9,350.89,352.03,351.48,352.17,350.91,350.92,340,351.97,352.1,350.81,352.39,350.95,260,600,352.6,-0.2588190451025208,352.23,351.13
350.93,-0.9588197348681915,351.31,369.02,358.51,351.11,1040.0,350.8,352.23,351.82,351.19,351.98,350.89,351.14,351.65,352.19,350.9,350.98,340,352.03,352.18,350.81,352.41,350.95,260,600,351.42,-0.28401534470392786,351.22,350.95
350.93,-0.9510565162951545,351.12,370.23,360.23,351.13,1040.0,350.8,351.22,351.96,351.19,352.04,350.89,350.99,351.78,352.21,350.9,351.03,340,351.14,352.25,350.81,352.43,350.94,260,600,351.21,-0.30901699437494434,351.05,350.87
350.93,-0.9426414910921773,351.06,369.88,359.54,351.15,1040.0,350.8,351.05,352.08,351.2,352.09,350.89,350.94,351.88,352.22,351.06,351.07,340,350.99,352.3,350.82,352.44,351.14,260,600,351.14,-0.33380685923377384,350.99,350.84
350.93,-0.9335804264971985,351.03,369.14,358.44,351.17,1040.0,350.8,350.99,352.17,351.2,352.13,350.89,350.92,351.97,352.23,351.27,351.11,340,350.94,352.34,350.87,352.45,351.4,260,600,351.11,-0.3583679495453087,350.97,350.82
351.13,-0.9238795325112868,351.3,361.07,354.71,351.18,130.0,350.82,350.97,352.23,350.97,352.16,351.05,351.09,352.03,351.17,351.48,351.13,340,350.92,352.37,350.92,351.26,351.63,260,600,351.45,-0.38268343236508967,351.18,350.84
351.38,-0.9135454576425985,351.6,358.57,354.19,351.18,130.0,350.86,351.18,351.22,350.88,352.18,351.25,351.31,351.14,351.01,351.65,350.95,340,351.09,352.4,350.98,351.07,351.82,260,600,351.79,-0.4067366430758055,351.44,350.88
351.61,-0.9025852843498618,351.84,357.68,354.03,351.19,130.0,350.92,351.44,351.05,350.84,352.19,351.46,351.51,350.99,350.95,351.78,350.87,340,351.31,352.42,351.03,351.0,351.96,260,600,352.03,-0.43051109680829247,351.67,350.93
351.8,-0.8910065241883666,352.03,357.34,353.98,351.2,130.0,350.97,351.67,350.99,350.82,352.21,351.63,351.67,350.94,350.93,351.88,350.84,340,351.51,352.43,351.07,350.98,352.08,260,600,352.22,-0.4539904997395494,351.85,350.99
351.13,-0.8788171126619614,352.17,357.22,353.97,351.2,130.0,350.9,351.85,350.97,350.82,352.22,351.06,351.8,350.92,350.91,351.97,350.82,340,351.67,352.44,351.11,350.96,352.17,260,600,352.36,-0.47715876025961584,351.99,351.04
351.01,-0.8660254037844388,352.28,357.18,353.97,351.2,130.0,350.85,351.99,351.18,350.81,352.23,350.96,351.9,351.09,350.91,352.03,350.84,340,351.8,352.45,351.13,350.95,352.23,260,600,352.46,-0.4999999999999997,352.1,351.08
350.97,-0.8526401643540891,352.37,357.18,353.97,351.2,130.0,350.83,352.1,351.44,350.81,352.23,350.93,351.98,351.31,350.9,351.14,350.88,340,351.9,352.46,350.95,350.95,351.22,260,600,352.54,-0.522498564715954,352.18,351.11
350.96,-0.8386705679454259,352.43,357.2,353.98,351.21,130.0,350.82,352.18,351.67,350.81,352.24,350.91,352.04,351.51,350.9,350.99,350.93,340,351.98,352.47,350.87,350.94,351.05,260,600,352.61,-0.5446390350150241,352.25,351.13
351.16,-0.824126188622014,352.49,357.22,353.98,351.21,130.0,350.83,352.25,351.85,350.81,352.24,351.07,352.09,351.67,350.9,350.94,350.99,340,352.04,352.47,350.84,350.94,350.99,260,600,352.66,-0.5664062369248352,352.3,351.15
351.41,-0.8090169943749423,352.53,357.24,353.99,351.21,130.0,350.87,352.3,351.99,350.81,352.25,351.28,352.13,351.8,350.89,350.92,351.04,340,352.09,352.48,350.82,350.94,350.97,260,600,352.7,-0.5877852522924802,352.34,351.17
351.64,-0.7933533402912352,352.56,357.25,353.99,350.97,130.0,350.93,352.34,352.1,350.8,351.18,351.49,352.15,351.9,350.89,351.09,351.08,340,352.13,351.26,350.84,350.94,351.18,260,600,352.73,-0.6087614290087207,352.37,351.18
351.83,-0.7771459614569671,352.59,357.27,354.0,350.88,130.0,350.98,352.37,352.18,350.8,351.01,351.65,352.18,351.98,350.89,351.31,351.11,340,352.15,351.07,350.88,350.94,351.44,260,600,352.76,-0.629320391049842,352.4,351.18
351.97,-0.760405965600033,351.34,369.79,359.64,350.84,1040.0,351.03,352.4,352.25,350.82,350.95,351.79,351.16,352.04,351.05,351.51,351.13,340,352.18,351.01,350.93,351.13,351.67,260,600,351.46,-0.6494480483301812,351.25,350.97
352.08,-0.7431448254773925,351.13,370.89,361.74,350.82,1040.0,351.07,351.25,352.3,350.86,350.93,351.89,351.0,352.09,351.26,351.67,351.15,340,351.16,350.98,350.99,351.38,351.85,260,600,351.23,-0.6691306063588602,351.06,350.87
352.17,-0.7253743710122814,351.07,370.56,360.89,350.82,1040.0,351.11,351.06,352.34,350.92,350.91,351.97,350.95,352.13,351.46,351.8,351.17,340,351.0,350.96,351.04,351.62,351.99,260,600,351.16,-0.6883545756937606,351.0,350.84
352.24,-0.7071067811865479,351.04,369.85,359.49,350.81,1040.0,351.13,351.0,352.37,350.98,350.91,352.03,350.92,352.15,351.63,351.9,351.18,340,350.95,350.95,351.08,351.8,352.1,260,600,351.12,-0.7071067811865471,350.97,350.82
351.22,-0.6883545756937498,351.02,368.97,358.22,350.81,1040.0,350.95,350.97,352.4,351.03,350.9,351.14,350.91,352.18,351.77,351.98,351.18,340,350.92,350.95,351.11,351.95,352.18,260,600,351.1,-0.7253743710122916,350.96,350.81
351.05,-0.6691306063588605,351.01,368.03,357.24,350.81,1040.0,350.87,350.96,351.25,351.07,350.9,350.99,350.9,351.16,351.88,352.04,350.97,340,350.91,350.94,351.13,352.07,352.25,260,600,351.09,-0.7431448254773922,350.95,350.81
350.99,-0.6494480483301814,351.0,367.15,356.54,350.82,1040.0,350.84,350.95,351.06,351.1,351.06,350.94,350.9,351.0,351.96,352.09,350.87,340,350.9,351.14,351.15,352.16,352.3,260,600,351.08,-0.7604059656000328,350.95,350.81
350.97,-0.6293203910498302,351.0,366.38,356.05,350.87,1040.0,350.82,350.95,351.0,351.13,351.27,350.92,350.9,350.95,352.03,352.13,350.84,340,350.9,351.4,351.17,352.23,352.34,260,600,351.07,-0.7771459614569768,350.94,350.81
351.18,-0.6087614290087209,350.99,365.75,355.71,350.92,1040.0,350.84,350.94,350.97,350.95,351.48,351.09,350.9,350.92,351.14,352.15,350.82,340,350.9,351.63,351.18,351.22,352.37,260,600,351.07,-0.7933533402912349,350.94,350.81
351.44,-0.5877852522924683,350.99,365.25,355.48,350.98,1040.0,350.88,350.94,350.96,350.87,351.65,351.31,350.89,350.91,350.99,352.18,350.81,340,350.9,351.82,351.18,351.05,352.4,260,600,351.06,-0.809016994374951,350.94,350.81
351.67,-0.566406236924835,350.99,364.87,355.31,351.03,1040.0,350.93,350.94,350.95,350.83,351.78,351.51,350.89,350.9,350.94,351.16,350.81,340,350.89,351.96,350.97,350.99,351.25,260,600,351.06,-0.8241261886220141,350.94,350.8
351.85,-0.5446390350150248,350.99,364.58,355.19,351.07,1040.0,350.99,350.94,350.95,350.82,351.88,351.67,350.89,350.9,350.92,351.0,350.81,340,350.89,352.08,350.87,350.97,351.06,260,600,351.06,-0.8386705679454256,350.94,350.8
351.99,-0.5224985647159418,351.24,358.74,354.17,351.11,130.0,351.04,350.94,350.94,350.84,351.97,351.8,351.05,350.9,351.09,350.95,350.81,340,350.89,352.17,350.84,351.18,351.0,260,600,351.38,-0.8526401643540965,351.13,350.82
352.1,-0.5000000000000004,351.53,357.58,353.99,351.13,130.0,351.08,351.13,350.94,350.88,352.03,351.9,351.26,350.9,351.31,350.92,350.81,340,351.05,352.23,350.82,351.44,350.97,260,600,351.71,-0.8660254037844384,351.38,350.86
352.18,-0.47715876025960324,351.78,357.21,353.94,350.95,130.0,351.11,351.38,350.94,350.93,351.14,351.98,351.46,350.89,351.51,350.91,350.81,340,351.26,351.22,350.81,351.67,350.96,260,600,351.97,-0.8788171126619682,351.62,350.92
352.25,-0.4539904997395501,351.98,357.1,353.94,350.87,130.0,351.13,351.62,350.94,350.99,350.99,352.04,351.63,350.89,351.67,350.9,350.8,340,351.46,351.05,350.81,351.85,350.95,260,600,352.17,-0.8910065241883661,351.8,350.98
352.3,-0.43051109680829275,351.21,366.83,356.46,350.84,1040.0,351.15,351.8,350.94,350.91,350.94,352.09,351.06,350.89,351.07,350.9,350.8,340,351.63,350.99,350.81,351.14,350.95,260,600,351.3,-0.9025852843498617,351.13,350.9
352.34,-0.406736643075792,351.08,368.02,357.26,350.82,1040.0,351.17,351.13,351.13,350.85,350.92,352.13,350.96,351.05,350.97,350.9,350.82,340,351.06,350.97,350.81,351.02,350.94,260,600,351.16,-0.9135454576426045,351.01,350.85
352.37,-0.3826834323650895,351.03,367.72,356.98,350.84,1040.0,351.18,351.01,351.38,350.83,351.09,352.16,350.93,351.26,350.93,350.9,350.86,340,350.96,351.18,350.81,350.98,350.94,260,600,351.11,-0.9238795325112868,350.97,350.83
352.4,-0.3583679495452949,351.01,367.1,356.51,350.88,1040.0,351.18,350.97,351.62,350.82,351.31,352.18,350.91,351.46,350.91,350.89,350.92,340,350.93,351.44,350.81,350.96,350.94,260,600,351.09,-0.9335804264972039,350.96,350.82
352.42,-0.33380685923377373,351.27,359.87,354.42,350.93,130.0,351.19,350.96,351.8,350.83,351.51,352.19,351.07,351.63,351.07,350.89,350.98,340,350.91,351.67,350.8,351.16,350.94,260,600,351.42,-0.9426414910921774,351.16,350.83
352.43,-0.30901699437494506,351.56,358.06,354.08,350.99,130.0,351.2,351.16,351.13,350.87,351.67,352.21,351.28,351.06,351.29,350.89,350.9,340,351.07,351.85,350.8,351.42,350.94,260,600,351.75,-0.9510565162951543,351.41,350.87
352.44,-0.28401534470391415,351.81,357.44,353.99,351.04,130.0,351.2,351.41,351.01,350.93,351.8,352.22,351.49,350.96,351.49,351.05,350.85,340,351.28,351.99,350.82,351.65,351.13,260,600,352.0,-0.9588197348681956,351.64,350.93
352.45,-0.25881904510252063,352.0,357.22,353.96,351.08,130.0,351.2,351.64,350.97,350.98,351.9,352.23,351.65,350.93,351.66,351.26,350.83,340,351.49,352.1,350.86,351.83,351.38,260,600,352.19,-0.9659258262890683,351.83,350.98
352.46,-0.23344536385589998,352.15,357.15,353.96,351.11,130.0,351.2,351.83,350.96,351.03,351.98,352.23,351.79,350.91,351.79,351.46,350.82,340,351.65,352.18,350.92,351.97,351.62,260,600,352.33,-0.9723699203976779,351.97,351.03
352.47,-0.2079116908177624,352.26,357.14,353.96,351.13,130.0,351.21,351.97,351.16,351.08,352.04,352.24,351.89,351.07,351.89,351.63,350.83,340,351.79,352.25,350.98,352.08,351.8,260,600,352.45,-0.978147600733805,352.08,351.07
352.47,-0.18223552549214428,352.35,357.16,353.97,351.15,130.0,351.21,352.08,351.41,351.11,352.09,352.24,351.97,351.28,351.97,351.06,350.87,340,351.89,352.3,350.9,352.17,351.13,260,600,352.53,-0.9832549075639552,352.17,351.11
352.48,-0.15643446504022226,352.42,357.19,353.98,351.17,130.0,351.21,352.17,351.64,351.13,352.13,352.25,352.03,351.49,352.04,350.96,350.93,340,351.97,352.34,350.85,352.24,351.01,260,600,352.6,-0.9876883405951391,352.24,351.13
351.26,-0.13052619222005163,352.48,357.21,353.98,351.18,130.0,350.97,352.24,351.83,351.15,352.15,351.18,352.08,351.65,352.08,350.93,350.98,340,352.03,352.37,350.83,352.29,350.97,260,600,352.65,-0.9914448613738104,352.29,351.15
351.07,-0.10452846326764806,352.52,357.23,353.99,351.18,130.0,350.88,352.29,351.97,351.17,352.18,351.01,352.12,351.79,352.12,350.91,351.03,340,352.08,352.4,350.82,352.33,350.96,260,600,352.69,-0.994521895368274,352.33,351.16
351.01,-0.07845909572784822,352.56,357.25,353.99,350.97,130.0,350.84,352.33,352.08,351.18,351.16,350.95,352.15,351.89,352.15,351.07,351.07,340,352.12,351.25,350.83,352.37,351.16,260,600,352.73,-0.9969173337331277,352.37,351.18
350.98,-0.05233595624294076,352.58,357.26,354.0,350.87,130.0,350.82,352.37,352.17,351.18,351.0,350.93,352.17,351.97,352.17,351.28,351.11,340,352.15,351.06,350.87,352.39,351.41,260,600,352.75,-0.998629534754574,352.39,351.18
350.96,-0.026176948307864604,351.34,369.77,359.61,350.84,1040.0,350.82,352.39,352.24,350.97,350.95,350.91,351.16,352.03,351.16,351.49,351.13,340,352.17,351.0,350.93,351.25,351.64,260,600,351.45,-0.9996573249755575,351.25,350.97
350.95,-1.8369701987210297e-16,351.13,370.87,361.7,350.82,1040.0,350.81,351.25,352.29,350.87,350.92,350.91,351.0,352.08,351.0,351.65,351.15,340,351.16,350.97,350.98,351.06,351.83,260,600,351.23,-1.0,351.06,350.87
350.95,0.02617694830787933,351.07,370.54,360.86,350.81,1040.0,350.81,351.06,352.33,350.84,350.91,350.9,350.95,352.12,350.95,351.79,351.16,340,351.0,350.96,351.03,351.0,351.97,260,600,351.16,-0.9996573249755571,351.0,350.84
350.94,0.05233595624294039,351.04,369.84,359.46,350.81,1040.0,350.81,351.0,352.37,350.82,350.9,350.9,350.92,352.15,350.92,351.89,351.18,340,350.95,350.95,351.07,350.97,352.08,260,600,351.12,-0.998629534754574,350.97,350.82
351.14,0.07845909572784786,351.31,361.6,354.86,350.81,130.0,350.82,350.97,352.39,350.81,350.9,351.06,351.1,352.17,350.91,351.97,351.18,340,350.92,350.95,351.11,350.96,352.17,260,600,351.47,-0.9969173337331277,351.19,350.84
351.4,0.10452846326766183,351.61,358.8,354.24,350.81,130.0,350.87,351.19,351.25,350.81,350.9,351.27,351.32,351.16,350.9,352.03,350.97,340,351.1,350.94,351.13,350.95,352.24,260,600,351.8,-0.9945218953682725,351.45,350.88
351.63,0.13052619222005127,351.86,357.79,354.06,350.81,130.0,350.92,351.45,351.06,350.81,350.9,351.48,351.52,351.0,350.9,352.08,350.87,340,351.32,350.94,351.15,350.95,352.29,260,600,352.05,-0.9914448613738105,351.68,350.94
351.82,0.1564344650402368,352.04,357.4,353.99,350.81,130.0,350.98,351.68,351.0,350.81,350.89,351.65,351.68,350.95,350.9,352.12,350.84,340,351.52,350.94,351.16,350.94,352.33,260,600,352.23,-0.9876883405951368,351.86,350.99
351.96,0.18223552549214392,351.22,367.54,356.98,350.8,1040.0,351.03,351.86,350.97,350.82,350.89,351.78,351.07,350.92,351.06,352.15,350.82,340,351.68,350.94,351.18,351.14,352.37,260,600,351.32,-0.9832549075639553,351.14,350.91
352.08,0.20791169081776203,351.08,368.63,357.86,350.8,1040.0,351.07,351.14,351.19,350.87,350.89,351.88,350.97,351.1,351.27,352.17,350.84,340,351.07,350.94,351.18,351.4,352.39,260,600,351.17,-0.978147600733805,351.02,350.85
352.17,0.2334453638559143,351.04,368.26,357.46,350.82,1040.0,351.11,351.02,351.45,350.92,351.05,351.97,350.93,351.32,351.47,351.16,350.88,340,350.97,351.13,350.97,351.63,351.25,260,600,351.12,-0.9723699203976744,350.98,350.83
352.23,0.2588190451025203,351.02,367.57,356.86,350.86,1040.0,351.13,350.98,351.68,350.98,351.26,352.03,350.91,351.52,351.64,351.0,350.94,340,350.93,351.38,350.87,351.82,351.06,260,600,351.09,-0.9659258262890684,350.96,350.82
351.22,0.28401534470392825,351.01,366.84,356.33,350.92,1040.0,350.95,350.96,351.86,350.9,351.46,351.14,350.9,351.68,351.06,350.95,350.99,340,350.91,351.62,350.84,351.13,351.0,260,600,351.08,-0.9588197348681914,350.95,350.81
351.05,0.3090169943749582,351.0,366.17,355.93,350.98,1040.0,350.87,350.95,351.14,350.85,351.63,350.99,350.9,351.07,350.96,350.92,350.91,340,350.9,351.8,350.82,351.01,350.97,260,600,351.07,-0.9510565162951501,350.94,350.81
350.99,0.3338068592337734,350.99,365.6,355.64,350.9,1040.0,350.84,350.94,351.02,350.83,351.06,350.94,350.9,350.97,350.93,351.1,350.85,340,350.9,351.13,350.84,350.97,351.19,260,600,351.07,-0.9426414910921775,350.94,350.81
350.97,0.35836794954530865,350.99,365.15,355.43,350.85,1040.0,350.82,350.94,350.98,350.82,350.96,350.92,350.89,350.93,350.91,351.32,350.83,340,350.9,351.01,350.88,350.96,351.45,260,600,351.06,-0.9335804264971985,350.94,350.81
351.18,0.38268343236508917,351.24,358.97,354.21,350.83,130.0,350.84,350.94,350.96,350.81,350.93,351.09,351.05,350.91,350.9,351.52,350.82,340,350.89,350.97,350.94,350.95,351.68,260,600,351.38,-0.923879532511287,351.13,350.82
351.44,0.4067366430758054,351.54,357.67,354.01,350.82,130.0,350.88,351.13,350.95,350.81,350.91,351.31,351.26,350.9,350.9,351.68,350.81,340,351.05,350.96,350.99,350.94,351.86,260,600,351.72,-0.9135454576425985,351.39,350.86
351.67,0.43051109680830607,351.79,357.25,353.95,350.83,130.0,350.93,351.39,350.94,350.81,351.07,351.51,351.47,350.9,350.9,351.07,350.81,340,351.26,351.16,350.91,350.94,351.14,260,600,351.98,-0.9025852843498554,351.62,350.92
351.85,0.4539904997395498,351.98,357.12,353.94,350.87,130.0,350.99,351.62,350.94,350.81,351.28,351.67,351.64,350.9,350.89,350.97,350.81,340,351.47,351.41,350.85,350.94,351.02,260,600,352.17,-0.8910065241883663,351.81,350.98
351.99,0.4771587602596162,352.13,357.1,353.95,350.93,130.0,351.04,351.81,350.94,350.8,351.49,351.8,351.77,350.89,350.89,350.93,350.81,340,351.64,351.64,350.83,350.94,350.98,260,600,352.32,-0.8788171126619612,351.95,351.03
352.1,0.5000000000000001,351.06,362.92,354.75,350.98,780.0,351.08,351.95,351.13,350.8,351.65,351.9,350.94,351.05,350.89,350.91,350.82,340,351.77,351.83,350.82,350.93,350.96,260,600,351.14,-0.8660254037844386,350.99,350.82
352.18,0.5224985647159536,351.06,362.92,354.75,351.03,780.0,351.11,350.99,351.39,350.8,351.79,351.98,350.94,351.26,350.89,350.9,350.86,340,350.94,351.97,350.81,350.93,350.95,260,600,351.14,-0.8526401643540893,350.99,350.82
352.25,0.5446390350150371,351.06,362.92,354.75,351.07,780.0,351.13,350.99,351.62,350.8,351.89,352.04,350.94,351.47,350.89,350.9,350.92,340,350.94,352.08,350.81,350.93,350.94,260,600,351.14,-0.8386705679454175,350.99,350.82
352.3,0.5664062369248347,351.06,362.92,354.75,351.11,780.0,351.15,350.99,351.81,350.8,351.97,352.09,350.94,351.64,350.89,350.9,350.98,340,350.94,352.17,350.81,350.93,350.94,260,600,351.14,-0.8241261886220144,350.99,350.82
352.34,0.5877852522924801,351.06,362.92,354.75,351.13,780.0,351.17,350.99,351.95,350.8,352.03,352.13,350.94,351.77,350.89,350.89,351.03,340,350.94,352.24,350.81,350.93,350.94,260,600,351.14,-0.8090169943749423,350.99,350.82
352.37,0.6087614290087199,351.06,362.92,354.75,351.15,780.0,351.18,350.99,350.99,350.8,352.08,352.15,350.94,350.94,350.89,351.05,350.82,340,350.94,352.29,350.82,350.93,351.13,260,600,351.14,-0.7933533402912357,350.99,350.82
352.4,0.6293203910498416,351.06,362.92,354.75,351.16,780.0,351.18,350.99,350.99,350.8,352.12,352.18,350.94,350.94,350.89,351.26,350.82,340,350.94,352.33,350.86,350.93,351.39,260,600,351.14,-0.7771459614569675,350.99,350.82
351.25,0.6494480483301927,351.06,362.92,354.75,351.18,780.0,350.97,350.99,350.99,350.82,352.15,351.16,350.94,350.94,351.05,351.47,350.82,340,350.94,352.37,350.92,351.13,351.62,260,600,351.14,-0.7604059656000233,350.99,350.82
351.06,0.6691306063588605,351.06,362.92,354.75,351.18,780.0,350.87,350.99,350.99,350.86,352.17,351.0,350.94,350.94,351.25,351.64,350.82,340,350.94,352.39,350.98,351.38,351.81,260,600,351.14,-0.7431448254773922,350.99,350.82
351.0,0.6883545756937601,351.06,362.92,354.75,350.97,780.0,350.84,350.99,350.99,350.92,351.16,350.95,350.94,350.94,351.46,351.77,350.82,340,350.94,351.25,351.03,351.61,351.95,260,600,351.14,-0.7253743710122817,350.99,350.82
350.97,0.7071067811865474,351.06,362.92,354.75,350.87,780.0,350.82,350.99,350.99,350.97,351.0,350.92,350.94,350.94,351.63,350.94,350.82,340,350.94,351.06,350.82,351.8,350.99,260,600,351.14,-0.7071067811865477,350.99,350.82
350.96,0.7253743710122919,351.06,362.92,354.75,350.84,780.0,350.81,350.99,350.99,351.03,350.95,350.91,350.94,350.94,351.77,350.94,350.82,340,350.94,351.0,350.82,351.95,350.99,260,600,351.14,-0.6883545756937495,350.99,350.82
350.95,0.7431448254774026,351.06,362.92,354.75,350.82,780.0,350.81,350.99,350.99,351.07,350.92,350.9,350.94,350.94,351.87,350.94,350.82,340,350.94,350.97,350.82,352.06,350.99,260,600,351.14,-0.6691306063588489,350.99,350.82
350.95,0.7604059656000328,351.06,362.92,354.75,350.84,780.0,350.81,350.99,350.99,351.1,351.1,350.9,350.94,350.94,351.96,350.94,350.82,340,350.94,351.19,350.82,352.16,350.99,260,600,351.14,-0.6494480483301814,350.99,350.82
350.94,0.7771459614569767,351.06,362.92,354.75,350.88,780.0,350.81,350.99,350.99,351.13,351.32,350.9,350.94,350.94,352.02,350.94,350.82,340,350.94,351.45,350.82,352.23,350.99,260,600,351.14,-0.6293203910498303,350.99,350.82
350.94,0.7933533402912349,351.06,362.92,354.75,350.94,780.0,350.81,350.99,350.99,351.15,351.52,350.9,350.94,350.94,352.07,350.94,350.82,340,350.94,351.68,350.82,352.28,350.99,260,600,351.14,-0.6087614290087209,350.99,350.82
350.94,0.809016994374951,351.06,362.92,354.75,350.99,780.0,350.81,350.99,350.99,351.16,351.68,350.89,350.94,350.94,352.11,350.94,350.82,340,350.94,351.86,350.82,352.33,350.99,260,600,351.14,-0.5877852522924683,350.99,350.82
350.94,0.8241261886220221,351.06,362.92,354.75,350.91,780.0,350.8,350.99,350.99,351.17,351.07,350.89,350.94,350.94,352.15,350.94,350.82,340,350.94,351.14,350.82,352.36,350.99,260,600,351.14,-0.5664062369248234,350.99,350.82
350.94,0.8386705679454255,351.06,362.92,354.75,350.85,780.0,350.8,350.99,350.99,351.18,350.97,350.89,350.94,350.94,352.17,350.94,350.82,340,350.94,351.02,350.82,352.39,350.99,260,600,351.14,-0.5446390350150248,350.99,350.82
351.13,0.8526401643540965,351.06,362.92,354.75,350.83,780.0,350.82,350.99,350.99,351.19,350.93,351.05,350.94,350.94,352.19,350.94,350.82,340,350.94,350.98,350.82,352.41,350.99,260,600,351.14,-0.5224985647159419,350.99,350.82
351.38,0.8660254037844384,351.06,362.92,354.75,350.82,780.0,350.86,350.99,350.99,351.19,350.91,351.26,350.94,350.94,352.2,350.94,350.82,340,350.94,350.96,350.82,352.43,350.99,260,600,351.14,-0.5000000000000004,350.99,350.82
351.62,0.8788171126619677,351.06,362.92,354.75,350.81,780.0,350.92,350.99,350.99,351.2,350.9,351.46,350.94,350.94,352.22,350.94,350.82,340,350.94,350.95,350.82,352.44,350.99,260,600,351.14,-0.4771587602596041,350.99,350.82
351.8,0.891006524188373,351.06,362.92,354.75,350.81,780.0,350.98,350.99,350.99,351.2,350.9,351.63,350.94,350.94,352.23,350.94,350.82,340,350.94,350.94,350.82,352.45,350.99,260,600,351.14,-0.4539904997395367,350.99,350.82
351.13,0.9025852843498621,351.06,362.92,354.75,350.81,780.0,350.9,350.99,350.99,350.97,350.9,351.06,350.94,350.94,351.17,350.94,350.82,340,350.94,350.94,350.82,351.26,350.99,260,600,351.14,-0.430511096808292,350.99,350.82
351.01,0.9135454576426045,351.06,362.92,354.75,350.81,780.0,350.85,350.99,350.99,350.88,350.89,350.96,350.94,350.94,351.01,350.94,350.82,340,350.94,350.94,350.82,351.07,350.99,260,600,351.14,-0.40673664307579205,350.99,350.82
350.97,0.9238795325112868,351.06,362.92,354.75,350.82,780.0,350.83,350.99,350.99,350.84,351.05,350.93,350.94,350.94,350.95,350.94,350.82,340,350.94,351.13,350.82,351.0,350.99,260,600,351.14,-0.38268343236508956,350.99,350.82
350.96,0.9335804264972037,351.06,362.92,354.75,350.86,780.0,350.82,350.99,350.99,350.82,351.26,350.91,350.94,350.94,350.93,350.94,350.82,340,350.94,351.39,350.82,350.98,350.99,260,600,351.14,-0.35836794954529494,350.99,350.82
351.16,0.9426414910921824,351.06,362.92,354.75,350.92,780.0,350.83,350.99,350.99,350.84,351.47,351.07,350.94,350.94,351.1,350.94,350.82,340,350.94,351.62,350.82,351.2,350.99,260,600,351.14,-0.3338068592337596,350.99,350.82
351.41,0.9510565162951543,351.06,362.92,354.75,350.98,780.0,350.87,350.99,350.99,350.88,351.64,351.28,350.94,350.94,351.32,350.94,350.82,340,350.94,351.81,350.82,351.46,350.99,260,600,351.14,-0.3090169943749451,350.99,350.82
351.64,0.9588197348681955,351.06,362.92,354.75,351.03,780.0,350.93,350.99,350.99,350.94,351.77,351.49,350.94,350.94,351.52,350.94,350.82,340,350.94,351.95,350.82,351.69,350.99,260,600,351.14,-0.2840153447039142,350.99,350.82
351.83,0.9659258262890681,351.06,362.92,354.75,350.82,780.0,350.98,350.99,350.99,350.99,350.94,351.65,350.94,350.94,351.69,350.94,350.82,340,350.94,350.99,350.82,351.86,350.99,260,600,351.14,-0.25881904510252157,350.99,350.82
351.97,0.9723699203976779,351.06,362.92,354.75,350.82,780.0,351.03,350.99,350.99,351.04,350.94,351.79,350.94,350.94,351.81,350.94,350.82,340,350.94,350.99,350.82,352.0,350.99,260,600,351.14,-0.23344536385590003,350.99,350.82
352.08,0.9781476007338081,351.06,362.92,354.75,350.82,780.0,351.07,350.99,350.99,351.08,350.94,351.89,350.94,350.94,351.91,350.94,350.82,340,350.94,350.99,350.82,352.11,350.99,260,600,351.14,-0.20791169081774769,350.99,350.82
352.17,0.983254907563955,351.06,362.92,354.75,350.82,780.0,351.11,350.99,350.99,351.11,350.94,351.97,350.94,350.94,351.99,350.94,350.82,340,350.94,350.99,350.82,352.19,350.99,260,600,351.14,-0.18223552549214522,350.99,350.82
352.24,0.9876883405951391,351.06,362.92,354.75,350.82,780.0,351.13,350.99,350.99,351.14,350.94,352.03,350.94,350.94,352.05,350.94,350.82,340,350.94,350.99,350.82,352.25,350.99,260,600,351.14,-0.15643446504022232,350.99,350.82
352.29,0.9914448613738104,351.06,362.92,354.75,350.82,780.0,351.15,350.99,350.99,351.15,350.94,352.08,350.94,350.94,352.09,350.94,350.82,340,350.94,350.99,350.82,352.3,350.99,260,600,351.14,-0.13052619222005168,350.99,350.82
352.33,0.994521895368274,351.06,362.92,354.75,350.82,780.0,351.16,350.99,350.99,351.17,350.94,352.12,350.94,350.94,352.13,350.94,350.82,340,350.94,350.99,350.82,352.34,350.99,260,600,351.14,-0.10452846326764724,350.99,350.82
352.37,0.9969173337331289,351.06,362.92,354.75,350.82,780.0,351.18,350.99,350.99,351.18,350.94,352.15,350.94,350.94,352.16,350.94,350.82,340,350.94,350.99,350.82,352.37,350.99,260,600,351.14,-0.07845909572783412,350.99,350.82
352.39,0.998629534754574,351.06,362.92,354.75,350.82,780.0,351.18,350.99,350.99,351.19,350.94,352.17,350.94,350.94,352.18,350.94,350.82,340,350.94,350.99,350.82,352.4,350.99,260,600,351.14,-0.05233595624294082,350.99,350.82
351.25,0.9996573249755575,351.06,362.92,354.75,350.82,780.0,350.97,350.99,350.99,350.97,350.94,351.16,350.94,350.94,351.16,350.94,350.82,340,350.94,350.99,350.82,351.25,350.99,260,600,351.14,-0.026176948307863778,350.99,350.82
351.06,1.0,351.06,362.92,354.75,350.82,780.0,350.87,350.99,350.99,350.87,350.94,351.0,350.94,350.94,351.0,350.94,350.82,340,350.94,350.99,350.82,351.06,350.99,260,600,351.14,0.0,350.99,350.82
351.0,0.9996573249755571,351.06,362.92,354.75,350.82,780.0,350.84,350.99,350.99,350.84,350.94,350.95,350.94,350.94,350.95,350.94,350.82,340,350.94,350.99,350.82,351.0,350.99,260,600,351.14,0.026176948307879103,350.99,350.82
350.97,0.9986295347545733,351.06,362.92,354.75,350.82,780.0,350.82,350.99,350.99,350.82,350.94,350.92,350.94,350.94,350.92,350.94,350.82,340,350.94,350.99,350.82,350.97,350.99,260,600,351.14,0.05233595624295572,350.99,350.82
351.19,0.9969173337331277,351.06,362.92,354.75,350.82,780.0,350.84,350.99,350.99,350.84,350.94,351.1,350.94,350.94,351.1,350.94,350.82,340,350.94,350.99,350.82,351.19,350.99,260,600,351.14,0.07845909572784791,350.99,350.82
351.45,0.9945218953682724,351.06,362.92,354.75,350.82,780.0,350.88,350.99,350.99,350.88,350.94,351.32,350.94,350.94,351.32,350.94,350.82,340,350.94,350.99,350.82,351.45,350.99,260,600,351.14,0.10452846326766235,350.99,350.82
351.68,0.9914448613738104,351.06,362.92,354.75,350.82,780.0,350.94,350.99,350.99,350.94,350.94,351.52,350.94,350.94,351.52,350.94,350.82,340,350.94,350.99,350.82,351.68,350.99,260,600,351.14,0.13052619222005157,350.99,350.82
351.86,0.9876883405951368,351.06,362.92,354.75,350.82,780.0,350.99,350.99,350.99,350.99,350.94,351.68,350.94,350.94,351.68,350.94,350.82,340,350.94,350.99,350.82,351.86,350.99,260,600,351.14,0.15643446504023675,350.99,350.82
351.14,0.9832549075639524,351.06,362.92,354.75,350.82,780.0,350.91,350.99,350.99,351.04,350.94,351.07,350.94,350.94,351.81,350.94,350.82,340,350.94,350.99,350.82,352.0,350.99,260,600,351.14,0.18223552549215916,350.99,350.82
351.02,0.978147600733805,351.06,362.92,354.75,350.82,780.0,350.85,350.99,350.99,351.08,350.94,350.97,350.94,350.94,351.91,350.94,350.82,340,350.94,350.99,350.82,352.11,350.99,260,600,351.14,0.20791169081776223,350.99,350.82
350.98,0.9723699203976746,351.06,362.92,354.75,350.82,780.0,350.83,350.99,350.99,351.11,350.94,350.93,350.94,350.94,351.99,350.94,350.82,340,350.94,350.99,350.82,352.19,350.99,260,600,351.14,0.23344536385591408,350.99,350.82
350.96,0.9659258262890683,351.06,362.92,354.75,350.82,780.0,350.82,350.99,350.99,351.14,350.94,350.91,350.94,350.94,352.05,350.94,350.82,340,350.94,350.99,350.82,352.25,350.99,260,600,351.14,0.25881904510252074,350.99,350.82
350.95,0.9588197348681914,351.06,362.92,354.75,350.82,780.0,350.81,350.99,350.99,351.15,350.94,350.9,350.94,350.94,352.09,350.94,350.82,340,350.94,350.99,350.82,352.3,350.99,260,600,351.14,0.2840153447039283,350.99,350.82
350.94,0.9510565162951499,351.06,362.92,354.75,350.82,780.0,350.81,350.99,350.99,351.17,350.94,350.9,350.94,350.94,352.13,350.94,350.82,340,350.94,350.99,350.82,352.34,350.99,260,600,351.14,0.3090169943749588,350.99,350.82
350.94,0.9426414910921774,351.06,362.92,354.75,350.82,780.0,350.81,350.99,350.99,351.18,350.94,350.9,350.94,350.94,352.16,350.94,350.82,340,350.94,350.99,350.82,352.37,350.99,260,600,351.14,0.33380685923377373,350.99,350.82
350.94,0.9335804264971985,351.06,362.92,354.75,350.82,780.0,350.81,350.99,350.99,351.19,350.94,350.89,350.94,350.94,352.18,350.94,350.82,340,350.94,350.99,350.82,352.4,350.99,260,600,351.14,0.3583679495453086,350.99,350.82
351.13,0.9238795325112867,351.06,362.92,354.75,350.82,780.0,350.82,350.99,350.99,351.19,350.94,351.05,350.94,350.94,352.2,350.94,350.82,340,350.94,350.99,350.82,352.42,350.99,260,600,351.14,0.3826834323650898,350.99,350.82
351.39,0.9135454576425985,351.06,362.92,354.75,350.82,780.0,350.86,350.99,350.99,351.2,350.94,351.26,350.94,350.94,352.21,350.94,350.82,340,350.94,350.99,350.82,352.43,350.99,260,600,351.14,0.4067366430758056,350.99,350.82
351.62,0.9025852843498555,351.06,362.92,354.75,350.82,780.0,350.92,350.99,350.99,351.2,350.94,351.47,350.94,350.94,352.22,350.94,350.82,340,350.94,350.99,350.82,352.44,350.99,260,600,351.14,0.43051109680830585,350.99,350.82
351.81,0.8910065241883666,351.06,362.92,354.75,350.82,780.0,350.98,350.99,350.99,351.2,350.94,351.64,350.94,350.94,352.23,350.94,350.82,340,350.94,350.99,350.82,352.45,350.99,260,600,351.14,0.4539904997395494,350.99,350.82
351.95,0.878817112661961,351.06,362.92,354.75,350.82,780.0,351.03,350.99,350.99,350.97,350.94,351.77,350.94,350.94,351.17,350.94,350.82,340,350.94,350.99,350.82,351.26,350.99,260,600,351.14,0.4771587602596163,350.99,350.82
350.99,0.8660254037844387,351.06,362.92,354.75,350.82,780.0,350.82,350.99,350.99,350.88,350.94,350.94,350.94,350.94,351.01,350.94,350.82,340,350.94,350.99,350.82,351.07,350.99,260,600,351.14,0.49999999999999994,350.99,350.82
350.99,0.8526401643540892,351.06,362.92,354.75,350.82,780.0,350.82,350.99,350.99,350.84,350.94,350.94,350.94,350.94,350.95,350.94,350.82,340,350.94,350.99,350.82,351.0,350.99,260,600,351.14,0.5224985647159539,350.99,350.82
350.99,0.8386705679454175,351.06,362.92,354.75,350.82,780.0,350.82,350.99,350.99,350.82,350.94,350.94,350.94,350.94,350.93,350.94,350.82,340,350.94,350.99,350.82,350.98,350.99,260,600,351.14,0.5446390350150371,350.99,350.82
350.99,0.824126188622014,351.06,362.92,354.75,350.82,780.0,350.82,350.99,350.99,350.84,350.94,350.94,350.94,350.94,351.1,350.94,350.82,340,350.94,350.99,350.82,351.2,350.99,260,600,351.14,0.5664062369248353,350.99,350.82
350.99,0.8090169943749421,351.06,362.92,354.75,350.82,780.0,350.82,350.99,350.99,350.88,350.94,350.94,350.94,350.94,351.32,350.94,350.82,340,350.94,350.99,350.82,351.46,350.99,260,600,351.14,0.5877852522924804,350.99,350.82
350.99,0.7933533402912352,351.06,362.92,354.75,350.82,780.0,350.82,350.99,350.99,350.94,350.94,350.94,350.94,350.94,351.52,350.94,350.82,340,350.94,350.99,350.82,351.69,350.99,260,600,351.14,0.6087614290087207,350.99,350.82
350.99,0.7771459614569671,351.06,362.92,354.75,350.82,780.0,350.82,350.99,350.99,350.99,350.94,350.94,350.94,350.94,351.69,350.94,350.82,340,350.94,350.99,350.82,351.87,350.99,260,600,351.14,0.629320391049842,350.99,350.82
350.99,0.7604059656000233,351.06,362.92,354.75,350.82,780.0,350.82,350.99,350.99,350.91,350.94,350.94,350.94,350.94,351.07,350.94,350.82,340,350.94,350.99,350.82,351.14,350.99,260,600,351.14,0.6494480483301927,350.99,350.82
350.99,0.7431448254773922,351.06,362.92,354.75,350.82,780.0,350.82,350.99,350.99,350.85,350.94,350.94,350.94,350.94,350.97,350.94,350.82,340,350.94,350.99,350.82,351.02,350.99,260,600,351.14,0.6691306063588603,350.99,350.82
350.99,0.7253743710122815,351.06,362.92,354.75,350.82,780.0,350.82,350.99,350.99,350.83,350.94,350.94,350.94,350.94,350.93,350.94,350.82,340,350.94,350.99,350.82,350.98,350.99,260,600,351.14,0.6883545756937604,350.99,350.82
350.99,0.7071067811865476,351.06,362.92,354.75,350.82,780.0,350.82,350.99,350.99,350.82,350.94,350.94,350.94,350.94,350.91,350.94,350.82,340,350.94,350.99,350.82,350.96,350.99,260,600,351.14,0.7071067811865475,350.99,350.82
350.99,0.6883545756937497,351.06,362.92,354.75,350.82,780.0,350.82,350.99,350.99,350.81,350.94,350.94,350.94,350.94,350.9,350.94,350.82,340,350.94,350.99,350.82,350.95,350.99,260,600,351.14,0.7253743710122917,350.99,350.82
350.99,0.6691306063588495,351.06,362.92,354.75,350.82,780.0,350.82,350.99,350.99,350.81,350.94,350.94,350.94,350.94,350.9,350.94,350.82,340,350.94,350.99,350.82,350.94,350.99,260,600,351.14,0.7431448254774021,350.99,350.82
350.99,0.6494480483301814,351.06,362.92,354.75,350.82,780.0,350.82,350.99,350.99,350.81,350.94,350.94,350.94,350.94,350.9,350.94,350.82,340,350.94,350.99,350.82,350.94,350.99,260,600,351.14,0.7604059656000328,350.99,350.82
350.99,0.6293203910498305,351.06,362.92,354.75,350.82,780.0,350.82,350.99,350.99,350.81,350.94,350.94,350.94,350.94,350.89,350.94,350.82,340,350.94,350.99,350.82,350.94,350.99,260,600,351.14,0.7771459614569765,350.99,350.82
350.99,0.6087614290087207,351.06,362.92,354.75,350.82,780.0,350.82,350.99,350.99,350.8,350.94,350.94,350.94,350.94,350.89,350.94,350.82,340,350.94,350.99,350.82,350.94,350.99,260,600,351.14,0.7933533402912352,350.99,350.82
350.99,0.5877852522924684,351.06,362.92,354.75,350.82,780.0,350.82,350.99,350.99,350.8,350.94,350.94,350.94,350.94,350.89,350.94,350.82,340,350.94,350.99,350.82,350.94,350.99,260,600,351.14,0.8090169943749509,350.99,350.82
350.99,0.5664062369248232,351.06,362.92,354.75,350.82,780.0,350.82,350.99,350.99,350.8,350.94,350.94,350.94,350.94,350.89,350.94,350.82,340,350.94,350.99,350.82,350.93,350.99,260,600,351.14,0.8241261886220224,350.99,350.82
350.99,0.5446390350150246,351.06,362.92,354.75,350.82,780.0,350.82,350.99,350.99,350.8,350.94,350.94,350.94,350.94,350.89,350.94,350.82,340,350.94,350.99,350.82,350.93,350.99,260,600,351.14,0.8386705679454256,350.99,350.82
350.99,0.5224985647159414,351.06,362.92,354.75,350.82,780.0,350.82,350.99,350.99,350.8,350.94,350.94,350.94,350.94,350.89,350.94,350.82,340,350.94,350.99,350.82,350.93,350.99,260,600,351.14,0.8526401643540968,350.99,350.82
350.99,0.5000000000000001,351.06,362.92,354.75,350.82,780.0,350.82,350.99,350.99,350.8,350.94,350.94,350.94,350.94,350.89,350.94,350.82,340,350.94,350.99,350.82,350.93,350.99,260,600,351.14,0.8660254037844386,350.99,350.82
350.99,0.4771587602596033,351.06,362.92,354.75,350.82,780.0,350.82,350.99,350.99,350.8,350.94,350.94,350.94,350.94,350.89,350.94,350.82,340,350.94,350.99,350.82,350.93,350.99,260,600,351.14,0.8788171126619682,350.99,350.82
350.99,0.45399049973953637,351.06,362.92,354.75,350.82,780.0,350.82,350.99,350.99,350.8,350.94,350.94,350.94,350.94,350.89,350.94,350.82,340,350.94,350.99,350.82,350.93,350.99,260,600,351.14,0.8910065241883732,350.99,350.82
350.99,0.43051109680829247,351.06,362.92,354.75,350.82,780.0,350.82,350.99,350.99,350.8,350.94,350.94,350.94,350.94,350.89,350.94,350.82,340,350.94,350.99,350.82,350.93,350.99,260,600,351.14,0.9025852843498618,350.99,350.82
350.99,0.40673664307579205,351.06,362.92,354.75,350.82,780.0,350.82,350.99,350.99,350.8,350.94,350.94,350.94,350.94,350.89,350.94,350.82,340,350.94,350.99,350.82,350.93,350.99,260,600,351.14,0.9135454576426045,350.99,350.82
350.99,0.38268343236508984,351.06,362.92,354.75,350.82,780.0,350.82,350.99,350.99,350.8,350.94,350.94,350.94,350.94,350.89,350.94,350.82,340,350.94,350.99,350.82,350.93,350.99,260,600,351.14,0.9238795325112867,350.99,350.82
350.99,0.3583679495452948,351.06,362.92,354.75,350.82,780.0,350.82,350.99,350.99,350.8,350.94,350.94,350.94,350.94,350.89,350.94,350.82,340,350.94,350.99,350.82,350.93,350.99,260,600,351.14,0.9335804264972039,350.99,350.82
350.99,0.3338068592337598,351.06,362.92,354.75,350.82,780.0,350.82,350.99,350.99,350.82,350.94,350.94,350.94,350.94,351.05,350.94,350.82,340,350.94,350.99,350.82,351.13,350.99,260,600,351.14,0.9426414910921823,350.99,350.82
350.99,0.30901699437494473,351.06,362.92,354.75,350.82,780.0,350.82,350.99,350.99,350.86,350.94,350.94,350.94,350.94,351.25,350.94,350.82,340,350.94,350.99,350.82,351.38,350.99,260,600,351.14,0.9510565162951544,350.99,350.82
350.99,0.2840153447039142,351.06,362.92,354.75,350.82,780.0,350.82,350.99,350.99,350.92,350.94,350.94,350.94,350.94,351.46,350.94,350.82,340,350.94,350.99,350.82,351.61,350.99,260,600,351.14,0.9588197348681955,350.99,350.82
350.99,0.25881904510252074,351.06,362.92,354.75,350.82,780.0,350.82,350.99,350.99,350.97,350.94,350.94,350.94,350.94,351.63,350.94,350.82,340,350.94,350.99,350.82,351.8,350.99,260,600,351.14,0.9659258262890683,350.99,350.82
350.99,0.23344536385589965,351.06,362.92,354.75,350.82,780.0,350.82,350.99,350.99,350.9,350.94,350.94,350.94,350.94,351.06,350.94,350.82,340,350.94,350.99,350.82,351.13,350.99,260,600,351.14,0.972369920397678,350.99,350.82
350.99,0.20791169081774774,351.06,362.92,354.75,350.82,780.0,350.82,350.99,350.99,350.85,350.94,350.94,350.94,350.94,350.96,350.94,350.82,340,350.94,350.99,350.82,351.01,350.99,260,600,351.14,0.9781476007338081,350.99,350.82
350.99,0.1822355254921444,351.06,362.92,354.75,350.82,780.0,350.82,350.99,350.99,350.83,350.94,350.94,350.94,350.94,350.93,350.94,350.82,340,350.94,350.99,350.82,350.97,350.99,260,600,351.14,0.9832549075639552,350.99,350.82
350.99,0.15643446504022215,351.06,362.92,354.75,350.82,780.0,350.82,350.99,350.99,350.82,350.94,350.94,350.94,350.94,350.91,350.94,350.82,340,350.94,350.99,350.82,350.96,350.99,260,600,351.14,0.9876883405951391,350.99,350.82
350.99,0.1305261922200517,351.06,362.92,354.75,350.82,780.0,350.82,350.99,350.99,350.81,350.94,350.94,350.94,350.94,350.9,350.94,350.82,340,350.94,350.99,350.82,350.95,350.99,260,600,351.14,0.9914448613738104,350.99,350.82
350.99,0.10452846326764771,351.06,362.92,354.75,350.82,780.0,350.82,350.99,350.99,350.81,350.94,350.94,350.94,350.94,350.9,350.94,350.82,340,350.94,350.99,350.82,350.94,350.99,260,600,351.14,0.994521895368274,350.99,350.82
350.99,0.07845909572783305,351.06,362.92,354.75,350.82,780.0,350.82,350.99,350.99,350.81,350.94,350.94,350.94,350.94,350.9,350.94,350.82,340,350.94,350.99,350.82,350.94,350.99,260,600,351.14,0.996917333733129,350.99,350.82
350.99,0.052335956242940865,351.06,362.92,354.75,350.82,780.0,350.82,350.99,350.99,350.81,350.94,350.94,350.94,350.94,350.89,350.94,350.82,340,350.94,350.99,350.82,350.94,350.99,260,600,351.14,0.998629534754574,350.99,350.82
350.99,0.02617694830786426,351.06,362.92,354.75,350.82,780.0,350.82,350.99,350.99,350.8,350.94,350.94,350.94,350.94,350.89,350.94,350.82,340,350.94,350.99,350.82,350.94,350.99,260,600,351.14,0.9996573249755575,350.99,350.82
350.99,6.123233995736766e-17,351.06,362.92,354.75,350.82,780.0,350.82,350.99,350.99,350.8,350.94,350.94,350.94,350.94,350.89,350.94,350.82,340,350.94,350.99,350.82,350.93,350.99,260,600,351.14,1.0,350.99,350.82
350.99,-0.02617694830787923,351.06,362.92,354.75,350.82,780.0,350.82,350.99,350.99,350.8,350.94,350.94,350.94,350.94,350.89,350.94,350.82,340,350.94,350.99,350.82,350.93,350.99,260,600,351.14,0.9996573249755571,350.99,350.82
350.99,-0.052335956242955596,351.06,362.92,354.75,350.82,780.0,350.82,350.99,350.99,350.8,350.94,350.94,350.94,350.94,350.89,350.94,350.82,340,350.94,350.99,350.82,350.93,350.99,260,600,351.14,0.9986295347545733,350.99,350.82
350.99,-0.07845909572784798,351.06,362.92,354.75,350.82,780.0,350.82,350.99,350.99,350.8,350.94,350.94,350.94,350.94,350.89,350.94,350.82,340,350.94,350.99,350.82,350.93,350.99,260,600,351.14,0.9969173337331277,350.99,350.82
350.99,-0.10452846326766217,351.06,362.92,354.75,350.82,780.0,350.82,350.99,350.99,350.8,350.94,350.94,350.94,350.94,350.89,350.94,350.82,340,350.94,350.99,350.82,350.93,350.99,260,600,351.14,0.9945218953682724,350.99,350.82
350.99,-0.1305261922200516,351.06,362.92,354.75,350.82,780.0,350.82,350.99,350.99,350.8,350.94,350.94,350.94,350.94,350.89,350.94,350.82,340,350.94,350.99,350.82,350.93,350.99,260,600,351.14,0.9914448613738104,350.99,350.82
350.99,-0.15643446504023673,351.06,362.92,354.75,350.82,780.0,350.82,350.99,350.99,350.8,350.94,350.94,350.94,350.94,350.89,350.94,350.82,340,350.94,350.99,350.82,350.93,350.99,260,600,351.14,0.9876883405951368,350.99,350.82
350.99,-0.1822355254921591,351.06,362.92,354.75,350.82,780.0,350.82,350.99,350.99,350.8,350.94,350.94,350.94,350.94,350.89,350.94,350.82,340,350.94,350.99,350.82,350.93,350.99,260,600,351.14,0.9832549075639524,350.99,350.82
350.99,-0.20791169081776217,351.06,362.92,354.75,350.82,780.0,350.82,350.99,350.99,350.8,350.94,350.94,350.94,350.94,350.89,350.94,350.82,340,350.94,350.99,350.82,350.93,350.99,260,600,351.14,0.978147600733805,350.99,350.82
350.99,-0.2334453638559142,351.06,362.92,354.75,350.82,780.0,350.82,350.99,350.99,350.8,350.94,350.94,350.94,350.94,350.89,350.94,350.82,340,350.94,350.99,350.82,350.93,350.99,260,600,351.14,0.9723699203976744,350.99,350.82
350.99,-0.25881904510252063,351.06,362.92,354.75,350.82,780.0,350.82,350.99,350.99,350.8,350.94,350.94,350.94,350.94,350.89,350.94,350.82,340,350.94,350.99,350.82,350.93,350.99,260,600,351.14,0.9659258262890683,350.99,350.82
350.99,-0.28401534470392836,351.06,362.92,354.75,350.82,780.0,350.82,350.99,350.99,350.8,350.94,350.94,350.94,350.94,350.89,350.94,350.82,340,350.94,350.99,350.82,350.93,350.99,260,600,351.14,0.9588197348681914,350.99,350.82
350.99,-0.30901699437495855,351.06,362.92,354.75,350.82,780.0,350.82,350.99,350.99,350.8,350.94,350.94,350.94,350.94,350.89,350.94,350.82,340,350.94,350.99,350.82,350.93,350.99,260,600,351.14,0.95105651629515,350.99,350.82
350.99,-0.33380685923377373,351.06,362.92,354.75,350.82,780.0,350.82,350.99,350.99,350.8,350.94,350.94,350.94,350.94,350.89,350.94,350.82,340,350.94,350.99,350.82,350.93,350.99,260,600,351.14,0.9426414910921774,350.99,350.82
350.99,-0.35836794954530854,351.06,362.92,354.75,350.82,780.0,350.82,350.99,350.99,350.8,350.94,350.94,350.94,350.94,350.89,350.94,350.82,340,350.94,350.99,350.82,350.93,350.99,260,600,351.14,0.9335804264971985,350.99,350.82
350.99,-0.3826834323650895,351.06,362.92,354.75,350.82,780.0,350.82,350.99,350.99,350.82,350.94,350.94,350.94,350.94,351.05,350.94,350.82,340,350.94,350.99,350.82,351.13,350.99,260,600,351.14,0.9238795325112868,350.99,350.82
350.99,-0.40673664307580554,351.06,362.92,354.75,350.82,780.0,350.82,350.99,350.99,350.86,350.94,350.94,350.94,350.94,351.25,350.94,350.82,340,350.94,350.99,350.82,351.38,350.99,260,600,351.14,0.9135454576425985,350.99,350.82
350.99,-0.43051109680830574,351.06,362.92,354.75,350.82,780.0,350.82,350.99,350.99,350.92,350.94,350.94,350.94,350.94,351.46,350.94,350.82,340,350.94,350.99,350.82,351.61,350.99,260,600,351.14,0.9025852843498555,350.99,350.82
350.99,-0.45399049973954947,351.06,362.92,354.75,350.82,780.0,350.82,350.99,350.99,350.97,350.94,350.94,350.94,350.94,351.63,350.94,350.82,340,350.94,350.99,350.82,351.8,350.99,260,600,351.14,0.8910065241883665,350.99,350.82
350.99,-0.4771587602596163,351.06,362.92,354.75,350.82,780.0,350.82,350.99,350.99,350.9,350.94,350.94,350.94,350.94,351.06,350.94,350.82,340,350.94,350.99,350.82,351.13,350.99,260,600,351.14,0.878817112661961,350.99,350.82
350.99,-0.4999999999999998,351.06,362.92,354.75,350.82,780.0,350.82,350.99,350.99,350.85,350.94,350.94,350.94,350.94,350.96,350.94,350.82,340,350.94,350.99,350.82,351.01,350.99,260,600,351.14,0.8660254037844387,350.99,350.82
350.99,-0.5224985647159541,351.06,362.92,354.75,350.82,780.0,350.82,350.99,350.99,350.83,350.94,350.94,350.94,350.94,350.93,350.94,350.82,340,350.94,350.99,350.82,350.97,350.99,260,600,351.14,0.8526401643540891,350.99,350.82
350.99,-0.5446390350150369,351.06,362.92,354.75,350.82,780.0,350.82,350.99,350.99,350.82,350.94,350.94,350.94,350.94,350.91,350.94,350.82,340,350.94,350.99,350.82,350.96,350.99,260,600,351.14,0.8386705679454177,350.99,350.82
350.99,-0.5664062369248352,351.06,362.92,354.75,350.82,780.0,350.82,350.99,350.99,350.83,350.94,350.94,350.94,350.94,351.07,350.94,350.82,340,350.94,350.99,350.82,351.16,350.99,260,600,351.14,0.824126188622014,350.99,350.82
350.99,-0.5877852522924802,351.06,362.92,354.75,350.82,780.0,350.82,350.99,350.99,350.87,350.94,350.94,350.94,350.94,351.28,350.94,350.82,340,350.94,350.99,350.82,351.41,350.99,260,600,351.14,0.8090169943749422,350.99,350.82
350.99,-0.6087614290087207,351.06,362.92,354.75,350.82,780.0,350.82,350.99,350.99,350.93,350.94,350.94,350.94,350.94,351.49,350.94,350.82,340,350.94,350.99,350.82,351.64,350.99,260,600,351.14,0.7933533402912352,350.99,350.82
350.99,-0.629320391049842,351.06,362.92,354.75,350.82,780.0,350.82,350.99,350.99,350.98,350.94,350.94,350.94,350.94,351.65,350.94,350.82,340,350.94,350.99,350.82,351.83,350.99,260,600,351.14,0.7771459614569671,350.99,350.82
350.99,-0.6494480483301927,351.06,362.92,354.75,350.82,780.0,350.82,350.99,350.99,351.03,350.94,350.94,350.94,350.94,351.79,350.94,350.82,340,350.94,350.99,350.82,351.97,350.99,260,600,351.14,0.7604059656000232,350.99,350.82
350.99,-0.6691306063588602,351.06,362.92,354.75,350.82,780.0,350.82,350.99,350.99,351.07,350.94,350.94,350.94,350.94,351.89,350.94,350.82,340,350.94,350.99,350.82,352.08,350.99,260,600,351.14,0.7431448254773925,350.99,350.82
350.99,-0.6883545756937606,351.06,362.92,354.75,350.82,780.0,350.82,350.99,350.99,351.11,350.94,350.94,350.94,350.94,351.97,350.94,350.82,340,350.94,350.99,350.82,352.17,350.99,260,600,351.14,0.7253743710122814,350.99,350.82
350.99,-0.7071067811865475,351.06,362.92,354.75,350.82,780.0,350.82,350.99,350.99,351.13,350.94,350.94,350.94,350.94,352.03,350.94,350.82,340,350.94,350.99,350.82,352.24,350.99,260,600,351.14,0.7071067811865476,350.99,350.82
350.99,-0.7253743710122916,351.06,362.92,354.75,350.82,780.0,350.82,350.99,350.99,350.95,350.94,350.94,350.94,350.94,351.14,350.94,350.82,340,350.94,350.99,350.82,351.22,350.99,260,600,351.14,0.6883545756937498,350.99,350.82
350.99,-0.7431448254774021,351.06,362.92,354.75,350.82,780.0,350.82,350.99,350.99,350.87,350.94,350.94,350.94,350.94,350.99,350.94,350.82,340,350.94,350.99,350.82,351.05,350.99,260,600,351.14,0.6691306063588495,350.99,350.82
350.99,-0.7604059656000329,351.06,362.92,354.75,350.82,780.0,350.82,350.99,350.99,350.84,350.94,350.94,350.94,350.94,350.94,350.94,350.82,340,350.94,350.99,350.82,350.99,350.99,260,600,351.14,0.6494480483301813,350.99,350.82
350.99,-0.7771459614569765,351.06,362.92,354.75,350.82,780.0,350.82,350.99,350.99,350.82,350.94,350.94,350.94,350.94,350.92,350.94,350.82,340,350.94,350.99,350.82,350.97,350.99,260,600,351.14,0.6293203910498305,350.99,350.82
350.99,-0.793353340291235,351.06,362.92,354.75,350.82,780.0,350.82,350.99,350.99,350.84,350.94,350.94,350.94,350.94,351.09,350.94,350.82,340,350.94,350.99,350.82,351.18,350.99,260,600,351.14,0.6087614290087209,350.99,350.82
350.99,-0.8090169943749508,351.06,362.92,354.75,350.82,780.0,350.82,350.99,350.99,350.88,350.94,350.94,350.94,350.94,351.31,350.94,350.82,340,350.94,350.99,350.82,351.44,350.99,260,600,351.14,0.5877852522924686,350.99,350.82
350.99,-0.8241261886220225,351.06,362.92,354.75,350.82,780.0,350.82,350.99,350.99,350.93,350.94,350.94,350.94,350.94,351.51,350.94,350.82,340,350.94,350.99,350.82,351.67,350.99,260,600,351.14,0.566406236924823,350.99,350.82
350.99,-0.8386705679454256,351.06,362.92,354.75,350.82,780.0,350.82,350.99,350.99,350.99,350.94,350.94,350.94,350.94,351.67,350.94,350.82,340,350.94,350.99,350.82,351.85,350.99,260,600,351.14,0.5446390350150246,350.99,350.82
350.99,-0.8526401643540968,351.06,362.92,354.75,350.82,780.0,350.82,350.99,350.99,351.04,350.94,350.94,350.94,350.94,351.8,350.94,350.82,340,350.94,350.99,350.82,351.99,350.99,260,600,351.14,0.5224985647159414,350.99,350.82
350.99,-0.8660254037844387,351.06,362.92,354.75,350.82,780.0,350.82,350.99,350.99,351.08,350.94,350.94,350.94,350.94,351.9,350.94,350.82,340,350.94,350.99,350.82,352.1,350.99,260,600,351.14,0.49999999999999994,350.99,350.82
350.99,-0.8788171126619683,351.06,362.92,354.75,350.82,780.0,350.82,350.99,350.99,351.11,350.94,350.94,350.94,350.94,351.98,350.94,350.82,340,350.94,350.99,350.82,352.18,350.99,260,600,351.14,0.4771587602596032,350.99,350.82
350.99,-0.8910065241883732,351.06,362.92,354.75,350.82,780.0,350.82,350.99,350.99,351.13,350.94,350.94,350.94,350.94,352.04,350.94,350.82,340,350.94,350.99,350.82,352.25,350.99,260,600,351.14,0.4539904997395362,350.99,350.82
350.99,-0.9025852843498617,351.06,362.92,354.75,350.82,780.0,350.82,350.99,350.99,351.15,350.94,350.94,350.94,350.94,352.09,350.94,350.82,340,350.94,350.99,350.82,352.3,350.99,260,600,351.14,0.4305110968082927,350.99,350.82
350.99,-0.9135454576426044,351.06,362.92,354.75,350.82,780.0,350.82,350.99,350.99,351.17,350.94,350.94,350.94,350.94,352.13,350.94,350.82,340,350.94,350.99,350.82,352.34,350.99,260,600,351.14,0.4067366430757923,350.99,350.82
350.99,-0.9238795325112867,351.06,362.92,354.75,350.82,780.0,350.82,350.99,350.99,351.18,350.94,350.94,350.94,350.94,352.16,350.94,350.82,340,350.94,350.99,350.82,352.37,350.99,260,600,351.14,0.3826834323650899,350.99,350.82
350.99,-0.933580426497204,351.06,362.92,354.75,350.82,780.0,350.82,350.99,350.99,351.18,350.94,350.94,350.94,350.94,352.18,350.94,350.82,340,350.94,350.99,350.82,352.4,350.99,260,600,351.14,0.35836794954529444,350.99,350.82
350.99,-0.9426414910921823,351.06,362.92,354.75,350.82,780.0,350.82,350.99,350.99,351.19,350.94,350.94,350.94,350.94,352.19,350.94,350.82,340,350.94,350.99,350.82,352.42,350.99,260,600,351.14,0.33380685923375986,350.99,350.82
350.99,-0.9510565162951545,351.06,362.92,354.75,350.82,780.0,350.82,350.99,350.99,351.2,350.94,350.94,350.94,350.94,352.21,350.94,350.82,340,350.94,350.99,350.82,352.43,350.99,260,600,351.14,0.30901699437494456,350.99,350.82
350.99,-0.9588197348681956,351.06,362.92,354.75,350.82,780.0,350.82,350.99,350.99,351.2,350.94,350.94,350.94,350.94,352.22,350.94,350.82,340,350.94,350.99,350.82,352.44,350.99,260,600,351.14,0.28401534470391404,350.99,350.82
350.99,-0.9659258262890682,351.06,362.92,354.75,350.82,780.0,350.82,350.99,350.99,351.2,350.94,350.94,350.94,350.94,352.23,350.94,350.82,340,350.94,350.99,350.82,352.45,350.99,260,600,351.14,0.258819045102521,350.99,350.82
350.99,-0.9723699203976779,351.06,362.92,354.75,350.82,780.0,350.82,350.99,350.99,351.2,350.94,350.94,350.94,350.94,352.23,350.94,350.82,340,350.94,350.99,350.82,352.46,350.99,260,600,351.14,0.2334453638558999,350.99,350.82
350.99,-0.978147600733808,351.06,362.92,354.75,350.82,780.0,350.82,350.99,350.99,351.21,350.94,350.94,350.94,350.94,352.24,350.94,350.82,340,350.94,350.99,350.82,352.47,350.99,260,600,351.14,0.20791169081774802,350.99,350.82
350.99,-0.9832549075639551,351.06,362.92,354.75,350.82,780.0,350.82,350.99,350.99,351.21,350.94,350.94,350.94,350.94,352.24,350.94,350.82,340,350.94,350.99,350.82,352.47,350.99,260,600,351.14,0.18223552549214467,350.99,350.82
350.99,-0.9876883405951392,351.06,362.92,354.75,350.82,780.0,350.82,350.99,350.99,351.21,350.94,350.94,350.94,350.94,352.25,350.94,350.82,340,350.94,350.99,350.82,352.48,350.99,260,600,351.14,0.15643446504022177,350.99,350.82
350.99,-0.9914448613738104,351.06,362.92,354.75,350.82,780.0,350.82,350.99,350.99,350.97,350.94,350.94,350.94,350.94,351.18,350.94,350.82,340,350.94,350.99,350.82,351.26,350.99,260,600,351.14,0.130526192220052,350.99,350.82
350.99,-0.994521895368274,351.06,362.92,354.75,350.82,780.0,350.82,350.99,350.99,350.88,350.94,350.94,350.94,350.94,351.01,350.94,350.82,340,350.94,350.99,350.82,351.07,350.99,260,600,351.14,0.10452846326764756,350.99,350.82
350.99,-0.996917333733129,351.06,362.92,354.75,350.82,780.0,350.82,350.99,350.99,350.84,350.94,350.94,350.94,350.94,350.95,350.94,350.82,340,350.94,350.99,350.82,351.01,350.99,260,600,351.14,0.0784590957278331,350.99,350.82
350.99,-0.998629534754574,351.06,362.92,354.75,350.82,780.0,350.82,350.99,350.99,350.82,350.94,350.94,350.94,350.94,350.93,350.94,350.82,340,350.94,350.99,350.82,350.98,350.99,260,600,351.14,0.0523359562429407,350.99,350.82
350.99,-0.9996573249755575,351.06,362.92,354.75,350.82,780.0,350.82,350.99,350.99,350.82,350.94,350.94,350.94,350.94,350.91,350.94,350.82,340,350.94,350.99,350.82,350.96,350.99,260,600,351.14,0.026176948307864545,350.99,350.82
350.99,-1.0,351.06,362.92,354.75,350.82,780.0,350.82,350.99,350.99,350.81,350.94,350.94,350.94,350.94,350.91,350.94,350.82,340,350.94,350.99,350.82,350.95,350.99,260,600,351.14,1.2246467991473532e-16,350.99,350.82
350.99,-0.9996573249755571,351.06,362.92,354.75,350.82,780.0,350.82,350.99,350.99,350.81,350.94,350.94,350.94,350.94,350.9,350.94,350.82,340,350.94,350.99,350.82,350.95,350.99,260,600,351.14,-0.02617694830787895,350.99,350.82
350.99,-0.9986295347545733,351.06,362.92,354.75,350.82,780.0,350.82,350.99,350.99,350.81,350.94,350.94,350.94,350.94,350.9,350.94,350.82,340,350.94,350.99,350.82,350.94,350.99,260,600,351.14,-0.05233595624295598,350.99,350.82
350.99,-0.9969173337331277,351.06,362.92,354.75,350.82,780.0,350.82,350.99,350.99,350.82,350.94,350.94,350.94,350.94,351.06,350.94,350.82,340,350.94,350.99,350.82,351.14,350.99,260,600,351.14,-0.07845909572784747,350.99,350.82
350.99,-0.9945218953682724,351.06,362.92,354.75,350.82,780.0,350.82,350.99,350.99,350.87,350.94,350.94,350.94,350.94,351.27,350.94,350.82,340,350.94,350.99,350.82,351.4,350.99,260,600,351.14,-0.10452846326766232,350.99,350.82
350.99,-0.9914448613738104,351.06,362.92,354.75,350.82,780.0,350.82,350.99,350.99,350.92,350.94,350.94,350.94,350.94,351.48,350.94,350.82,340,350.94,350.99,350.82,351.63,350.99,260,600,351.14,-0.13052619222005177,350.99,350.82
350.99,-0.9876883405951368,351.16,355.98,353.35,350.82,450.0,350.82,350.99,350.99,350.98,350.94,350.94,351.02,350.94,351.65,350.94,350.82,450,350.94,350.99,350.82,351.82,350.99,150,600,351.25,-0.1564344650402369,351.08,350.87
350.99,-0.9832549075639525,351.12,355.5,353.25,350.82,450.0,350.82,351.08,350.99,351.03,350.94,350.94,350.99,350.94,351.78,350.94,350.82,450,351.02,350.99,350.82,351.96,350.99,150,600,351.2,-0.18223552549215882,351.05,350.86
350.99,-0.978147600733805,351.1,355.3,353.2,350.82,450.0,350.82,351.05,350.99,351.07,350.94,350.94,350.97,350.94,351.88,350.94,350.82,450,350.99,350.99,350.82,352.08,350.99,150,600,351.18,-0.20791169081776212,351.03,350.85
350.99,-0.9723699203976746,351.08,355.2,353.18,350.82,450.0,350.82,351.03,350.99,351.11,350.94,350.94,350.96,350.94,351.97,350.94,350.82,450,350.97,350.99,350.82,352.17,350.99,150,600,351.16,-0.2334453638559139,351.02,350.84
350.99,-0.9659258262890683,351.06,362.5,354.53,350.82,1050.0,350.82,351.02,350.99,351.13,350.94,350.94,350.94,350.94,352.03,350.94,350.82,250,350.96,350.99,350.82,352.23,350.99,350,600,351.14,-0.2588190451025208,351.0,350.83
350.99,-0.9588197348681915,351.06,370.09,359.93,350.82,1050.0,350.82,351.0,351.08,350.95,350.94,350.94,350.94,351.02,351.14,350.94,350.87,250,350.94,350.99,350.82,351.22,350.99,350,600,351.15,-0.28401534470392786,351.0,350.82
350.99,-0.9510565162951499,351.1,372.63,369.37,350.82,1050.0,350.82,351.0,351.05,350.87,350.94,350.94,350.96,350.99,350.99,350.94,350.86,250,350.94,350.99,350.82,351.05,350.99,350,600,351.22,-0.3090169943749587,351.02,350.82
350.99,-0.9426414910921773,351.19,372.98,372.13,350.82,1050.0,350.82,351.02,351.03,350.84,350.94,350.94,350.99,350.97,350.94,350.94,350.85,250,350.96,350.99,350.82,350.99,350.99,350,600,351.38,-0.33380685923377384,351.08,350.83
350.99,-0.9335804264971985,351.38,373.01,372.41,350.82,1050.0,350.82,351.08,351.02,350.82,350.94,350.94,351.06,350.96,350.92,350.94,350.84,250,350.99,350.99,350.82,350.97,350.99,350,600,351.72,-0.3583679495453087,351.19,350.84
350.99,-0.9238795325112868,351.75,373.01,372.43,350.82,1050.0,350.82,351.19,351.0,350.84,350.94,350.94,351.17,350.94,351.09,350.94,350.83,250,351.06,350.99,350.82,351.18,350.99,350,600,352.55,-0.38268343236508967,351.38,350.87
350.99,-0.9135454576425985,352.59,373.01,372.44,350.82,1050.0,350.82,351.38,351.0,350.88,350.94,350.94,351.36,350.94,351.31,351.02,350.82,250,351.17,350.99,350.87,351.44,351.08,350,600,355.18,-0.4067366430758055,351.75,350.9
350.99,-0.9025852843498555,354.88,373.01,372.44,350.82,1050.0,350.82,351.75,351.02,350.93,350.94,350.94,351.68,350.96,351.51,350.99,350.82,250,351.36,350.99,350.86,351.67,351.05,350,600,361.95,-0.4305110968083057,352.48,350.94
350.99,-0.8910065241883666,352.18,371.89,366.49,350.82,450.0,350.82,352.48,351.08,350.99,350.94,350.94,351.46,350.99,351.67,350.97,350.83,450,351.68,350.99,350.85,351.85,351.03,150,600,352.78,-0.4539904997395494,351.76,350.95
350.99,-0.8788171126619614,351.57,368.77,358.89,350.82,450.0,350.82,351.76,351.19,351.04,350.94,350.94,351.24,351.06,351.8,350.96,350.84,450,351.46,350.99,350.84,351.99,351.02,150,600,351.79,-0.47715876025961584,351.39,350.94
350.99,-0.8660254037844388,351.33,361.01,354.52,350.82,450.0,350.82,351.39,351.38,351.08,350.94,350.94,351.13,351.17,351.9,350.94,350.87,450,351.24,350.99,350.83,352.1,351.0,150,600,351.46,-0.4999999999999997,351.22,350.91
350.99,-0.8526401643540891,351.22,357.19,353.61,350.82,450.0,350.82,351.22,351.75,351.11,350.94,350.94,351.06,351.36,351.98,350.94,350.9,450,351.13,350.99,350.82,352.18,351.0,150,600,351.32,-0.522498564715954,351.13,350.89
350.99,-0.8386705679454175,351.11,367.37,356.75,350.82,1050.0,350.82,351.13,352.48,351.13,350.94,350.94,350.98,351.68,352.04,350.96,350.94,250,351.06,350.99,350.82,352.25,351.02,350,600,351.2,-0.5446390350150372,351.04,350.85
350.99,-0.824126188622014,351.1,372.19,366.62,350.82,1050.0,350.82,351.04,351.76,351.15,350.94,350.94,350.96,351.46,352.09,350.99,350.95,250,350.98,350.99,350.83,352.3,351.08,350,600,351.21,-0.5664062369248352,351.03,350.84
350.99,-0.8090169943749423,351.16,372.93,371.77,350.82,1050.0,350.82,351.03,351.39,351.17,350.94,350.94,350.98,351.24,352.13,351.06,350.94,250,350.96,350.99,350.84,352.34,351.19,350,600,351.32,-0.5877852522924802,351.06,350.83
350.99,-0.7933533402912352,351.31,373.0,372.38,350.82,1050.0,350.82,351.06,351.22,351.18,350.94,350.94,351.03,351.13,352.15,351.17,350.91,250,350.98,350.99,350.87,352.37,351.38,350,600,351.59,-0.6087614290087207,351.15,350.84
350.99,-0.7771459614569671,351.29,369.11,359.19,350.82,450.0,350.82,351.15,351.13,351.18,350.94,350.94,351.05,351.06,352.18,351.36,350.89,450,351.03,350.99,350.9,352.4,351.75,150,600,351.47,-0.629320391049842,351.15,350.85
350.99,-0.7604059656000235,351.19,360.37,354.31,350.82,450.0,350.82,351.15,351.04,350.97,350.94,350.94,351.02,350.98,351.16,351.68,350.85,450,351.05,350.99,350.94,351.25,352.48,150,600,351.31,-0.6494480483301923,351.1,350.85
350.99,-0.7431448254773925,351.13,356.8,353.5,350.82,450.0,350.82,351.1,351.03,350.87,350.94,350.94,350.99,350.96,351.0,351.46,350.84,450,351.02,350.99,350.95,351.06,351.76,150,600,351.23,-0.6691306063588602,351.05,350.85
350.99,-0.7253743710122814,351.1,355.75,353.29,350.82,450.0,350.82,351.05,351.06,350.84,350.94,350.94,350.97,350.98,350.95,351.24,350.83,450,350.99,350.99,350.94,351.0,351.39,150,600,351.19,-0.6883545756937606,351.03,350.84
350.99,-0.7071067811865479,351.07,363.83,354.95,350.82,1050.0,350.82,351.03,351.15,350.82,350.94,350.94,350.95,351.03,350.92,351.13,350.84,250,350.97,350.99,350.91,350.97,351.22,350,600,351.15,-0.7071067811865471,351.0,350.83
350.99,-0.6883545756937498,351.07,370.83,361.54,350.82,1050.0,350.82,351.0,351.15,350.81,350.94,350.94,350.95,351.05,350.91,351.06,350.85,250,350.95,350.99,350.89,350.96,351.13,350,600,351.16,-0.7253743710122916,351.0,350.83
350.99,-0.6691306063588496,351.11,372.75,370.25,350.82,1050.0,350.82,351.0,351.1,350.81,350.94,350.94,350.96,351.02,350.9,350.98,350.85,250,350.95,350.99,350.85,350.95,351.04,350,600,351.24,-0.743144825477402,351.03,350.83
350.99,-0.6494480483301814,351.22,372.99,372.24,350.82,1050.0,350.82,351.03,351.05,350.81,350.94,350.94,351.0,350.99,350.9,350.96,350.85,250,350.96,350.99,350.84,350.95,351.03,350,600,351.42,-0.7604059656000328,351.09,350.83
350.99,-0.6293203910498302,351.22,367.48,357.41,350.82,450.0,350.82,351.09,351.03,350.81,350.94,350.94,351.01,350.97,350.9,350.98,350.84,450,351.0,350.99,350.83,350.94,351.06,150,600,351.37,-0.7771459614569768,351.1,350.84
350.99,-0.6087614290087209,351.15,359.16,354.01,350.82,450.0,350.82,351.1,351.0,350.81,350.94,350.94,350.99,350.95,350.9,351.03,350.83,450,351.01,350.99,350.84,350.94,351.15,150,600,351.26,-0.7933533402912349,351.07,350.84
350.99,-0.5877852522924683,351.11,356.42,353.42,350.87,450.0,350.82,351.07,351.0,350.81,351.02,350.94,350.97,350.95,350.89,351.05,350.83,450,350.99,351.08,350.85,350.94,351.15,150,600,351.2,-0.809016994374951,351.04,350.84
350.99,-0.5664062369248233,351.09,355.6,353.26,350.86,450.0,350.82,351.04,351.03,350.8,350.99,350.94,350.96,350.96,350.89,351.02,350.83,450,350.97,351.05,350.85,350.94,351.1,150,600,351.17,-0.8241261886220222,351.02,350.83
350.99,-0.5446390350150248,351.06,363.43,354.82,350.85,1050.0,350.82,351.02,351.09,350.8,350.97,350.94,350.94,351.0,350.89,350.99,350.83,250,350.96,351.03,350.85,350.94,351.05,350,600,351.14,-0.8386705679454256,351.0,350.83
350.99,-0.5224985647159418,351.07,370.6,360.99,350.84,1050.0,350.82,351.0,351.1,350.82,350.96,350.94,350.94,351.01,351.05,350.97,350.84,250,350.94,351.02,350.84,351.13,351.03,350,600,351.16,-0.8526401643540965,351.0,350.82
350.99,-0.5000000000000004,351.11,372.72,369.97,350.83,1050.0,350.82,351.0,351.07,350.86,350.94,350.94,350.96,350.99,351.26,350.95,350.84,250,350.94,351.0,350.83,351.38,351.0,350,600,351.23,-0.8660254037844384,351.02,350.83
350.99,-0.47715876025960324,351.21,372.98,372.21,350.82,1050.0,350.82,351.02,351.04,350.92,350.94,350.94,351.0,350.97,351.46,350.95,350.84,250,350.96,351.0,350.83,351.62,351.0,350,600,351.4,-0.8788171126619682,351.08,350.83
350.99,-0.45399049973953587,351.21,367.27,357.24,350.82,450.0,350.82,351.08,351.02,350.98,350.96,350.94,351.01,350.96,351.63,350.96,350.83,450,351.0,351.02,350.83,351.8,351.03,150,600,351.36,-0.8910065241883734,351.1,350.84
350.99,-0.43051109680829275,351.15,359.04,353.98,350.83,450.0,350.82,351.1,351.0,350.9,350.99,350.94,350.99,350.94,351.06,351.0,350.83,450,351.01,351.08,350.83,351.13,351.09,150,600,351.25,-0.9025852843498617,351.06,350.84
350.99,-0.406736643075792,351.11,356.39,353.41,350.84,450.0,350.82,351.06,351.0,350.85,351.06,350.94,350.97,350.94,350.96,351.01,350.82,450,350.99,351.19,350.84,351.01,351.1,150,600,351.2,-0.9135454576426045,351.03,350.84
350.99,-0.3826834323650895,351.08,355.59,353.26,350.87,450.0,350.82,351.03,351.02,350.83,351.17,350.94,350.96,350.96,350.93,350.99,350.83,450,350.97,351.38,350.84,350.97,351.07,150,600,351.17,-0.9238795325112868,351.02,350.83
350.99,-0.3583679495452949,351.06,363.39,354.8,350.9,1050.0,350.82,351.02,351.08,350.82,351.36,350.94,350.94,351.0,350.91,350.97,350.83,250,350.96,351.75,350.84,350.96,351.04,350,600,351.14,-0.9335804264972039,351.0,350.83
350.99,-0.33380685923376036,351.07,370.58,360.94,350.94,1050.0,350.82,351.0,351.1,350.83,351.68,350.94,350.94,351.01,351.07,350.96,350.84,250,350.94,352.48,350.83,351.16,351.02,350,600,351.16,-0.9426414910921821,351.0,350.82
350.99,-0.30901699437494506,351.11,372.71,369.94,350.95,1050.0,350.82,351.0,351.06,350.87,351.46,350.94,350.96,350.99,351.28,350.94,350.84,250,350.94,351.76,350.83,351.41,351.0,350,600,351.23,-0.9510565162951543,351.02,350.83
350.99,-0.28401534470391415,351.21,372.98,372.2,350.94,1050.0,350.82,351.02,351.03,350.93,351.24,350.94,351.0,350.97,351.49,350.94,350.84,250,350.96,351.39,350.82,351.64,351.0,350,600,351.4,-0.9588197348681956,351.08,350.83
350.99,-0.25881904510252063,351.41,373.01,372.42,350.91,1050.0,350.82,351.08,351.02,350.98,351.13,350.94,351.07,350.96,351.65,350.96,350.83,250,351.0,351.22,350.83,351.83,351.02,350,600,351.78,-0.9659258262890683,351.2,350.85
350.99,-0.23344536385589998,351.81,373.01,372.44,350.89,1050.0,350.82,351.2,351.0,351.03,351.06,350.94,351.19,350.94,351.79,351.0,350.83,250,351.07,351.13,350.83,351.97,351.08,350,600,352.7,-0.9723699203976779,351.41,350.87
350.99,-0.20791169081774763,352.72,373.01,372.44,350.85,1050.0,350.82,351.41,351.0,351.07,350.98,350.94,351.38,350.94,351.89,351.01,350.82,250,351.19,351.04,350.84,352.08,351.1,350,600,355.68,-0.9781476007338081,351.8,350.9
350.99,-0.18223552549214428,355.27,373.01,372.44,350.84,1050.0,350.82,351.8,351.02,351.11,350.96,350.94,351.72,350.96,351.97,350.99,350.83,250,351.38,351.03,350.84,352.17,351.06,350,600,362.65,-0.9832549075639552,352.59,350.95
350.99,-0.15643446504022226,352.23,371.9,366.53,350.83,450.0,350.82,352.59,351.08,351.13,350.98,350.94,351.48,351.0,352.03,350.97,350.83,450,351.72,351.06,350.84,352.24,351.03,150,600,352.84,-0.9876883405951391,351.79,350.96
350.99,-0.13052619222005163,351.58,368.92,359.1,350.84,450.0,350.82,351.79,351.2,351.15,351.03,350.94,351.25,351.07,352.08,350.96,350.85,450,351.48,351.15,350.83,352.29,351.02,150,600,351.81,-0.9914448613738104,351.4,350.94
350.99,-0.10452846326764806,351.34,361.17,354.57,350.85,450.0,350.82,351.4,351.41,351.16,351.05,350.94,351.13,351.19,352.12,350.94,350.87,450,351.25,351.15,350.83,352.33,351.0,150,600,351.47,-0.994521895368274,351.23,350.91
350.99,-0.07845909572783318,351.22,357.25,353.62,350.85,450.0,350.82,351.23,351.8,351.18,351.02,350.94,351.06,351.38,352.15,350.94,350.9,450,351.13,351.1,350.82,352.37,351.0,150,600,351.32,-0.9969173337331289,351.13,350.89
350.99,-0.05233595624294076,351.11,367.49,356.84,350.85,1050.0,350.82,351.13,352.59,351.18,350.99,350.94,350.98,351.72,352.17,350.96,350.95,250,351.06,351.05,350.83,352.39,351.02,350,600,351.2,-0.998629534754574,351.04,350.85
350.99,-0.026176948307864604,351.1,372.22,366.79,350.84,1050.0,350.82,351.04,351.79,350.97,350.97,350.94,350.97,351.48,351.16,351.0,350.96,250,350.98,351.03,350.83,351.25,351.08,350,600,351.21,-0.9996573249755575,351.03,350.84
350.99,-1.8369701987210297e-16,351.17,372.94,371.8,350.83,1050.0,350.82,351.03,351.4,350.87,350.95,350.94,350.98,351.25,351.0,351.07,350.94,250,350.97,351.0,350.85,351.06,351.2,350,600,351.32,-1.0,351.06,350.83
350.99,0.02617694830787933,351.32,373.0,372.39,350.83,1050.0,350.82,351.06,351.23,350.84,350.95,350.94,351.04,351.13,350.95,351.19,350.91,250,350.98,351.0,350.87,351.0,351.41,350,600,351.59,-0.9996573249755571,351.15,350.84
350.99,0.05233595624295547,351.62,373.01,372.43,350.83,1050.0,350.82,351.15,351.13,350.82,350.96,350.94,351.13,351.06,350.92,351.38,350.89,250,351.04,351.03,350.9,350.97,351.8,350,600,352.23,-0.9986295347545733,351.31,350.86
350.99,0.07845909572784786,352.27,373.01,372.44,350.83,1050.0,350.82,351.31,351.04,350.84,351.0,350.94,351.3,350.98,351.1,351.72,350.85,250,351.13,351.09,350.95,351.19,352.59,350,600,354.08,-0.9969173337331277,351.62,350.89
350.99,0.10452846326766183,353.97,373.01,372.44,350.84,1050.0,350.82,351.62,351.03,350.88,351.01,350.94,351.57,350.97,351.32,351.48,350.84,250,351.3,351.1,350.96,351.45,351.79,350,600,359.83,-0.9945218953682725,352.22,350.93
350.99,0.13052619222005127,358.48,373.01,372.44,350.84,1050.0,350.82,352.22,351.06,350.94,350.99,350.94,352.04,350.98,351.52,351.25,350.83,250,351.57,351.07,350.94,351.68,351.4,350,600,365.65,-0.9914448613738105,353.5,350.98
351.08,0.1564344650402368,352.49,371.94,366.71,350.84,450.0,350.87,353.5,351.15,350.99,350.97,351.02,351.6,351.04,351.68,351.13,350.84,450,352.04,351.04,350.91,351.86,351.23,150,600,353.23,-0.9876883405951368,351.97,350.99
351.05,0.18223552549215877,351.67,369.68,360.27,350.83,450.0,350.86,351.97,351.31,350.91,350.96,350.99,351.3,351.13,351.07,351.06,350.86,450,351.6,351.02,350.89,351.14,351.13,150,600,351.92,-0.9832549075639525,351.46,350.96
351.03,0.20791169081776203,351.38,362.14,354.86,350.83,450.0,350.85,351.46,351.62,350.85,350.94,350.97,351.16,351.3,350.97,350.98,350.89,450,351.3,351.0,350.85,351.02,351.04,150,600,351.52,-0.978147600733805,351.26,350.93
351.02,0.2334453638559143,351.25,357.61,353.7,350.82,450.0,350.84,351.26,352.22,350.83,350.94,350.96,351.08,351.57,350.93,350.97,350.93,450,351.16,351.0,350.84,350.98,351.03,150,600,351.35,-0.9723699203976744,351.16,350.9
351.0,0.2588190451025203,351.12,368.17,357.42,350.83,1050.0,350.83,351.16,353.5,350.82,350.96,350.94,350.99,352.04,350.91,350.98,350.98,250,351.08,351.02,350.83,350.96,351.06,350,600,351.21,-0.9659258262890684,351.05,350.86
351.0,0.28401534470392825,351.11,372.38,367.73,350.83,1050.0,350.82,351.05,351.97,350.81,351.0,350.94,350.97,351.6,350.9,351.04,350.99,250,350.99,351.08,350.84,350.95,351.15,350,600,351.22,-0.9588197348681914,351.03,350.84
351.02,0.3090169943749582,351.18,372.95,371.95,350.84,1050.0,350.82,351.03,351.46,350.81,351.01,350.96,350.99,351.3,350.9,351.13,350.96,250,350.97,351.1,350.86,350.94,351.31,350,600,351.34,-0.9510565162951501,351.07,350.83
351.08,0.3338068592337734,351.34,373.0,372.4,350.84,1050.0,350.83,351.07,351.26,350.81,350.99,350.99,351.04,351.16,350.9,351.3,350.93,250,350.99,351.06,350.89,350.94,351.62,350,600,351.64,-0.9426414910921775,351.16,350.84
351.19,0.35836794954530865,351.67,373.01,372.43,350.84,1050.0,350.84,351.16,351.16,350.81,350.97,351.06,351.15,351.08,350.89,351.57,350.9,250,351.04,351.03,350.93,350.94,352.22,350,600,352.35,-0.9335804264971985,351.34,350.86
351.38,0.38268343236508917,352.39,373.01,372.44,350.83,1050.0,350.87,351.34,351.05,350.82,350.96,351.17,351.32,350.99,351.05,352.04,350.86,250,351.15,351.02,350.98,351.13,353.5,350,600,354.47,-0.923879532511287,351.67,350.89
351.75,0.4067366430758054,354.3,373.01,372.44,350.83,1050.0,350.9,351.67,351.03,350.86,350.94,351.36,351.61,350.97,351.26,351.6,350.84,250,351.32,351.0,350.99,351.39,351.97,350,600,360.69,-0.9135454576425985,352.32,350.93
352.48,0.43051109680830607,359.18,373.01,372.44,350.82,1050.0,350.94,352.32,351.07,350.92,350.94,351.68,352.11,350.99,351.47,351.3,350.83,250,351.61,351.0,350.96,351.62,351.46,350,600,365.98,-0.9025852843498554,353.73,350.99
351.76,0.4539904997395498,364.36,373.01,372.44,350.83,1050.0,350.95,353.73,351.16,350.98,350.96,351.46,352.93,351.04,351.64,351.16,350.84,250,352.11,351.02,350.93,351.81,351.26,350,600,367.41,-0.8910065241883663,356.63,351.05
351.39,0.4771587602596162,366.51,373.01,372.44,350.83,1050.0,350.94,356.63,351.34,351.03,351.0,351.24,354.21,351.15,351.77,351.08,350.86,250,352.93,351.08,350.9,351.95,351.16,350,600,367.74,-0.8788171126619612,360.56,351.13
351.22,0.5000000000000001,367.25,373.01,372.44,350.85,1050.0,350.91,360.56,351.67,350.82,351.07,351.13,355.8,351.32,350.94,350.99,350.89,250,354.21,351.2,350.86,350.99,351.05,350,600,367.83,-0.8660254037844386,363.47,351.2
351.13,0.5224985647159536,367.52,373.01,372.44,350.87,1050.0,350.89,363.47,352.32,350.82,351.19,351.06,357.39,351.61,350.94,350.97,350.93,250,355.8,351.41,350.84,350.99,351.03,350,600,367.86,-0.8526401643540893,365.01,351.26
351.04,0.5446390350150371,354.16,371.97,366.91,350.9,450.0,350.85,365.01,353.73,350.82,351.38,350.98,352.33,352.11,350.94,350.99,350.99,450,357.39,351.8,350.83,350.99,351.07,150,600,355.6,-0.8386705679454175,353.08,351.21
351.03,0.5664062369248347,352.11,371.22,364.0,350.95,450.0,350.84,353.08,356.63,350.82,351.72,350.96,351.58,352.93,350.94,351.04,351.05,450,352.33,352.59,350.84,350.99,351.16,150,600,352.49,-0.8241261886220144,351.81,351.1
351.06,0.5877852522924801,351.6,366.11,356.59,350.96,450.0,350.83,351.81,360.56,350.82,351.48,350.98,351.31,354.21,350.94,351.15,351.13,450,351.58,351.79,350.86,350.99,351.34,150,600,351.78,-0.8090169943749423,351.44,351.01
351.15,0.6087614290087199,351.37,359.47,354.14,350.94,450.0,350.84,351.44,363.47,350.82,351.25,351.03,351.17,355.8,350.94,351.32,351.2,450,351.31,351.4,350.89,350.99,351.67,150,600,351.49,-0.7933533402912357,351.26,350.95
351.15,0.6293203910498416,351.16,370.74,361.4,350.91,1050.0,350.85,351.26,365.01,350.82,351.13,351.05,351.02,357.39,350.94,351.61,351.26,250,351.17,351.23,350.93,350.99,352.32,350,600,351.26,-0.7771459614569675,351.09,350.87
351.1,0.6494480483301927,351.15,372.82,370.77,350.89,1050.0,350.85,351.09,353.08,350.82,351.06,351.02,350.99,352.33,350.94,352.11,351.21,250,351.02,351.13,350.99,350.99,353.73,350,600,351.28,-0.7604059656000233,351.06,350.85
351.05,0.6691306063588605,351.26,372.99,372.31,350.85,1050.0,350.85,351.06,351.81,350.82,350.98,350.99,351.02,351.58,350.94,352.93,351.1,250,350.99,351.04,351.05,350.99,356.63,350,600,351.47,-0.7431448254773922,351.12,350.84
351.03,0.6883545756937601,351.49,373.01,372.43,350.84,1050.0,350.84,351.12,351.44,350.82,350.97,350.97,351.1,351.31,350.94,354.21,351.01,250,351.02,351.03,351.13,350.99,360.56,350,600,351.94,-0.7253743710122817,351.25,350.85
351.0,0.7071067811865474,351.4,370.5,361.73,350.83,450.0,350.83,351.25,351.26,350.82,350.98,350.95,351.1,351.17,350.94,355.8,350.95,450,351.1,351.06,351.2,350.99,363.47,150,600,351.63,-0.7071067811865477,351.23,350.86
351.0,0.7253743710122919,351.25,362.19,354.83,350.84,450.0,350.83,351.23,351.09,350.82,351.04,350.95,351.05,351.02,350.94,357.39,350.87,450,351.1,351.15,351.26,350.99,365.01,150,600,351.38,-0.6883545756937495,351.14,350.86
351.03,0.7431448254774026,351.16,357.4,353.63,350.86,450.0,350.83,351.14,351.06,350.82,351.13,350.96,351.01,350.99,350.94,352.33,350.85,450,351.05,351.31,351.21,350.99,353.08,150,600,351.26,-0.6691306063588489,351.08,350.86
351.09,0.7604059656000328,351.12,355.96,353.34,350.89,450.0,350.83,351.08,351.12,350.82,351.3,351.0,350.99,351.02,350.94,351.58,350.84,450,351.01,351.62,351.1,350.99,351.81,150,600,351.21,-0.6494480483301814,351.05,350.85
351.1,0.7771459614569767,351.07,364.43,355.17,350.93,1050.0,350.84,351.05,351.25,350.82,351.57,351.01,350.95,351.1,350.94,351.31,350.85,250,350.99,352.22,351.01,350.99,351.44,350,600,351.15,-0.6293203910498303,351.01,350.83
351.07,0.7933533402912349,351.08,371.13,362.38,350.98,1050.0,350.84,351.01,351.23,350.82,352.04,350.99,350.95,351.1,350.94,351.17,350.86,250,350.95,353.5,350.95,350.99,351.26,350,600,351.17,-0.6087614290087209,351.01,350.83
351.04,0.809016994374951,351.12,372.8,370.61,350.99,1050.0,350.84,351.01,351.14,350.82,351.6,350.97,350.96,351.05,350.94,351.02,350.86,250,350.95,351.97,350.87,350.99,351.09,350,600,351.25,-0.5877852522924683,351.03,350.83
351.02,0.8241261886220221,351.23,372.99,372.27,350.96,1050.0,350.83,351.03,351.08,350.82,351.3,350.96,351.0,351.01,350.94,350.99,350.86,250,350.96,351.46,350.85,350.99,351.06,350,600,351.44,-0.5664062369248234,351.1,350.83
351.0,0.8386705679454255,351.45,373.01,372.42,350.93,1050.0,350.83,351.1,351.05,350.82,351.16,350.94,351.08,350.99,350.94,351.02,350.85,250,351.0,351.26,350.84,350.99,351.12,350,600,351.86,-0.5446390350150248,351.23,350.85
351.0,0.8526401643540965,351.9,373.01,372.44,350.9,1050.0,350.82,351.23,351.01,350.82,351.08,350.94,351.21,350.95,350.94,351.1,350.83,250,351.08,351.16,350.85,350.99,351.25,350,600,352.95,-0.5224985647159419,351.45,350.87
351.02,0.8660254037844384,352.96,373.01,372.44,350.86,1050.0,350.83,351.45,351.01,350.82,350.99,350.96,351.42,350.95,350.94,351.1,350.83,250,351.21,351.05,350.86,350.99,351.23,350,600,356.54,-0.5000000000000004,351.89,350.91
351.08,0.8788171126619677,355.94,373.01,372.44,350.84,1050.0,350.83,351.89,351.03,350.82,350.97,351.0,351.79,350.96,350.94,351.05,350.83,250,351.42,351.03,350.86,350.99,351.14,350,600,363.59,-0.4771587602596041,352.77,350.95
351.1,0.891006524188373,361.71,373.01,372.44,350.83,1050.0,350.84,352.77,351.1,350.82,350.99,351.01,352.41,351.0,350.94,351.01,350.83,250,351.79,351.07,350.86,350.99,351.08,350,600,366.84,-0.4539904997395367,354.74,351.01
351.06,0.9025852843498621,365.58,373.01,372.44,350.84,1050.0,350.84,354.74,351.23,350.82,351.04,350.99,353.43,351.08,350.94,350.99,350.85,250,352.41,351.16,350.85,350.99,351.05,350,600,367.6,-0.430511096808292,358.33,351.08
351.03,0.9135454576426045,366.92,373.01,372.44,350.86,1050.0,350.84,358.33,351.45,350.82,351.15,350.97,354.86,351.21,350.94,350.95,350.87,250,353.43,351.34,350.83,350.99,351.01,350,600,367.79,-0.40673664307579205,361.98,351.16
351.02,0.9238795325112868,367.39,373.01,372.44,350.89,1050.0,350.83,361.98,351.89,350.82,351.32,350.96,356.5,351.42,350.94,350.95,350.91,250,354.86,351.67,350.83,350.99,351.01,350,600,367.85,-0.38268343236508956,364.26,351.23
351.0,0.9335804264972037,367.58,373.01,372.44,350.93,1050.0,350.83,364.26,352.77,350.82,351.61,350.94,357.97,351.79,350.94,350.96,350.95,250,356.5,352.32,350.83,350.99,351.03,350,600,367.87,-0.35836794954529494,365.39,351.28
351.0,0.9426414910921824,367.66,373.01,372.44,350.99,1050.0,350.82,365.39,354.74,350.82,352.11,350.94,359.07,352.41,350.94,351.0,351.01,250,357.97,353.73,350.83,350.99,351.1,350,600,367.88,-0.3338068592337596,365.96,351.33
351.02,0.9510565162951543,367.7,373.01,372.44,351.05,1050.0,350.83,365.96,358.33,350.82,352.93,350.96,359.82,353.43,350.94,351.08,351.08,250,359.07,356.63,350.85,350.99,351.23,350,600,367.88,-0.3090169943749451,366.26,351.36
351.08,0.9588197348681955,367.73,373.01,372.44,351.13,1050.0,350.83,366.26,361.98,350.82,354.21,351.0,360.31,354.86,350.94,351.21,351.16,250,359.82,360.56,350.87,350.99,351.45,350,600,367.89,-0.2840153447039142,366.44,351.38
351.2,0.9659258262890681,354.66,371.97,366.92,351.2,450.0,350.85,366.44,364.26,350.82,355.8,351.07,352.57,356.5,350.94,351.42,351.23,450,360.31,363.47,350.91,350.99,351.89,150,600,356.21,-0.25881904510252157,353.43,351.29
351.41,0.9723699203976779,352.24,371.36,364.48,351.26,450.0,350.87,353.43,365.39,350.82,357.39,351.19,351.65,357.97,350.94,351.79,351.28,450,352.57,365.01,350.95,350.99,352.77,150,600,352.64,-0.23344536385590003,351.91,351.14
351.8,0.9781476007338081,351.65,366.86,357.11,351.21,450.0,350.9,351.91,365.96,350.82,352.33,351.38,351.35,359.07,350.94,352.41,351.33,450,351.65,353.08,351.01,350.99,354.74,150,600,351.85,-0.20791169081774769,351.49,351.03
352.59,0.983254907563955,351.4,359.97,354.27,351.1,450.0,350.95,351.49,366.26,350.82,351.58,351.72,351.19,359.82,350.94,353.43,351.36,450,351.35,351.81,351.08,350.99,358.33,150,600,351.52,-0.18223552549214522,351.29,350.96
351.79,0.9876883405951391,351.18,371.19,362.64,351.01,1050.0,350.96,351.29,366.44,350.82,351.31,351.48,351.03,360.31,350.94,354.86,351.38,250,351.19,351.44,351.16,350.99,361.98,350,600,351.27,-0.15643446504022232,351.1,350.88
351.4,0.9914448613738104,351.17,372.87,371.2,350.95,1050.0,350.94,351.1,353.43,350.82,351.17,351.25,351.0,352.57,350.94,356.5,351.29,250,351.03,351.26,351.23,350.99,364.26,350,600,351.3,-0.13052619222005168,351.07,350.85
351.23,0.994521895368274,351.28,373.0,372.35,350.87,1050.0,350.91,351.07,351.91,350.82,351.02,351.13,351.03,351.65,350.94,357.97,351.14,250,351.0,351.09,351.28,350.99,365.39,350,600,351.52,-0.10452846326764724,351.13,350.84
351.13,0.9969173337331289,351.54,373.01,372.43,350.85,1050.0,350.89,351.13,351.49,350.82,350.99,351.06,351.11,351.35,350.94,359.07,351.03,250,351.03,351.06,351.33,350.99,365.96,350,600,352.04,-0.07845909572783412,351.27,350.86
351.04,0.998629534754574,352.09,373.01,372.44,350.84,1050.0,350.85,351.27,351.29,350.82,351.02,350.98,351.25,351.19,350.94,359.82,350.96,250,351.11,351.12,351.36,350.99,366.26,350,600,353.48,-0.05233595624294082,351.54,350.88
351.03,0.9996573249755575,353.45,373.01,372.44,350.85,1050.0,350.84,351.54,351.1,350.82,351.1,350.97,351.5,351.03,350.94,360.31,350.88,250,351.25,351.25,351.38,350.99,366.44,350,600,358.26,-0.026176948307863778,352.05,350.92
351.06,1.0,357.25,373.01,372.44,350.86,1050.0,350.83,352.05,351.07,350.82,351.1,350.98,351.92,351.0,350.94,352.57,350.85,250,351.5,351.23,351.29,350.99,353.43,350,600,364.87,0.0,353.13,350.97
351.15,0.9996573249755571,363.01,373.01,372.44,350.86,1050.0,350.84,353.13,351.13,350.82,351.05,351.04,352.62,351.03,350.94,351.65,350.84,250,351.92,351.14,351.14,350.99,351.91,350,600,367.15,0.026176948307879103,355.49,351.03
351.31,0.9986295347545733,352.86,371.96,366.82,350.86,450.0,350.86,355.49,351.27,350.82,351.01,351.13,351.76,351.11,350.94,351.35,350.86,450,352.62,351.08,351.03,350.99,351.49,150,600,353.78,0.05233595624295572,352.21,351.04
351.62,0.9969173337331277,351.78,370.33,361.56,350.85,450.0,350.89,352.21,351.54,350.82,350.99,351.3,351.37,351.25,350.94,351.19,350.88,450,351.76,351.05,350.96,350.99,351.29,150,600,352.06,0.07845909572784791,351.55,350.99
352.22,0.9945218953682724,351.44,363.3,355.25,350.83,450.0,350.93,351.55,352.05,350.82,350.95,351.57,351.2,351.5,350.94,351.03,350.92,450,351.37,351.01,350.88,350.99,351.1,150,600,351.59,0.10452846326766235,351.31,350.95
353.5,0.9914448613738104,351.28,358.06,353.81,350.83,450.0,350.98,351.31,353.13,350.82,350.95,352.04,351.1,351.92,350.94,351.0,350.97,450,351.2,351.01,350.85,350.99,351.07,150,600,351.39,0.13052619222005157,351.18,350.91
351.97,0.9876883405951368,351.19,356.28,353.42,350.83,450.0,350.99,351.18,355.49,350.82,350.96,351.6,351.04,352.62,350.94,351.03,351.03,450,351.1,351.03,350.84,350.99,351.13,150,600,351.28,0.15643446504023675,351.11,350.88
351.46,0.9832549075639524,351.14,355.64,353.28,350.83,450.0,350.96,351.11,352.21,350.82,351.0,351.3,351.01,351.76,350.94,351.11,351.04,450,351.04,351.1,350.86,350.99,351.27,150,600,351.23,0.18223552549215916,351.07,350.87
351.26,0.978147600733805,351.11,355.37,353.22,350.85,450.0,350.93,351.07,351.55,350.82,351.08,351.16,350.98,351.37,350.94,351.25,350.99,450,351.01,351.23,350.88,350.99,351.54,150,600,351.19,0.20791169081776223,351.04,350.85
351.16,0.9723699203976746,351.09,355.24,353.19,350.87,450.0,350.9,351.04,351.31,350.82,351.21,351.08,350.97,351.2,350.94,351.5,350.95,450,350.98,351.45,350.92,350.99,352.05,150,600,351.17,0.23344536385591408,351.02,350.84
351.05,0.9659258262890683,351.06,362.65,354.58,350.91,1050.0,350.86,351.02,351.18,350.82,351.42,350.99,350.95,351.1,350.94,351.92,350.91,250,350.97,351.89,350.97,350.99,353.13,350,600,351.14,0.25881904510252074,351.0,350.83
351.03,0.9588197348681914,351.07,370.2,360.15,350.95,1050.0,350.84,351.0,351.11,350.82,351.79,350.97,350.94,351.04,350.94,352.62,350.88,250,350.95,352.77,351.03,350.99,355.49,350,600,351.16,0.2840153447039283,351.0,350.83
351.07,0.9510565162951499,351.1,372.65,369.52,351.01,1050.0,350.83,351.0,351.07,350.82,352.41,350.99,350.96,351.01,350.94,351.76,350.87,250,350.94,354.74,351.04,350.99,352.21,350,600,351.22,0.3090169943749588,351.02,350.83
351.16,0.9426414910921774,351.2,372.98,372.15,351.08,1050.0,350.84,351.02,351.04,350.82,353.43,351.04,350.99,350.98,350.94,351.37,350.85,250,350.96,358.33,350.99,350.99,351.55,350,600,351.38,0.33380685923377373,351.08,350.83
351.34,0.9335804264971985,351.2,366.97,357.0,351.16,450.0,350.86,351.08,351.02,350.82,354.86,351.15,351.0,350.97,350.94,351.2,350.84,450,350.99,361.98,350.95,350.99,351.31,150,600,351.35,0.3583679495453086,351.09,350.84
351.67,0.9238795325112867,351.14,358.87,353.94,351.23,450.0,350.89,351.09,351.0,350.82,356.5,351.32,350.99,350.95,350.94,351.1,350.83,450,351.0,364.26,350.91,350.99,351.18,150,600,351.25,0.3826834323650898,351.06,350.84
352.32,0.9135454576425985,351.1,356.34,353.4,351.28,450.0,350.93,351.06,351.0,350.82,357.97,351.61,350.97,350.94,350.94,351.04,350.83,450,350.99,365.39,350.88,350.99,351.11,150,600,351.19,0.4067366430758056,351.03,350.84
353.73,0.9025852843498555,351.08,355.57,353.25,351.33,450.0,350.99,351.03,351.02,350.82,359.07,352.11,350.96,350.96,350.94,351.01,350.83,450,350.97,365.96,350.87,350.99,351.07,150,600,351.17,0.43051109680830585,351.01,350.83
356.63,0.8910065241883666,351.06,363.33,354.78,351.36,1050.0,351.05,351.01,351.08,350.82,359.82,352.93,350.94,350.99,350.94,350.98,350.83,250,350.96,366.26,350.85,350.99,351.04,350,600,351.14,0.4539904997395494,351.0,350.83
360.56,0.878817112661961,351.07,370.55,360.86,351.38,1050.0,351.13,351.0,351.09,350.82,360.31,354.21,350.94,351.0,350.94,350.97,350.84,250,350.94,366.44,350.84,350.99,351.02,350,600,351.16,0.4771587602596163,351.0,350.82
363.47,0.8660254037844387,351.11,372.71,369.9,351.29,1050.0,351.2,351.0,351.06,350.82,352.57,355.8,350.96,350.99,350.94,350.95,350.84,250,350.94,353.43,350.83,350.99,351.0,350,600,351.23,0.49999999999999994,351.02,350.83
365.01,0.8526401643540892,351.21,372.98,372.2,351.14,1050.0,351.26,351.02,351.03,350.82,351.65,357.39,351.0,350.97,350.94,350.94,350.84,250,350.96,351.91,350.83,350.99,351.0,350,600,351.4,0.5224985647159539,351.08,350.83
353.08,0.8386705679454175,351.41,373.01,372.42,351.03,1050.0,351.21,351.08,351.01,350.82,351.35,352.33,351.07,350.96,350.94,350.96,350.83,250,351.0,351.49,350.83,350.99,351.02,350,600,351.77,0.5446390350150371,351.2,350.85
351.81,0.824126188622014,351.81,373.01,372.44,350.96,1050.0,351.1,351.2,351.0,350.82,351.19,351.58,351.18,350.94,350.94,350.99,350.83,250,351.07,351.29,350.83,350.99,351.08,350,600,352.68,0.5664062369248353,351.41,350.87
351.44,0.8090169943749421,352.71,373.01,372.44,350.88,1050.0,351.01,351.41,351.0,350.82,351.03,351.31,351.38,350.94,350.94,351.0,350.82,250,351.18,351.1,350.84,350.99,351.09,350,600,355.64,0.5877852522924804,351.8,350.9
351.26,0.7933533402912352,355.24,373.01,372.44,350.85,1050.0,350.95,351.8,351.02,350.82,351.0,351.17,351.72,350.96,350.94,350.99,350.83,250,351.38,351.07,350.84,350.99,351.06,350,600,362.59,0.6087614290087207,352.58,350.95
351.09,0.7771459614569671,360.79,373.01,372.44,350.84,1050.0,350.87,352.58,351.08,350.82,351.03,351.02,352.29,351.0,350.94,350.97,350.83,250,351.72,351.13,350.84,350.99,351.03,350,600,366.58,0.629320391049842,354.33,351.0
351.06,0.7604059656000233,365.19,373.01,372.44,350.86,1050.0,350.85,354.33,351.2,350.82,351.11,350.99,353.23,351.07,350.94,350.96,350.85,250,352.29,351.27,350.83,350.99,351.01,350,600,367.54,0.6494480483301927,357.68,351.07
351.12,0.7431448254773922,366.79,373.01,372.44,350.88,1050.0,350.84,357.68,351.41,350.82,351.25,351.02,354.61,351.18,350.94,350.94,350.87,250,353.23,351.54,350.83,350.99,351.0,350,600,367.77,0.6691306063588603,361.48,351.15
351.25,0.7253743710122815,367.35,373.01,372.44,350.92,1050.0,350.85,361.48,351.8,350.82,351.5,351.1,356.24,351.38,350.94,350.94,350.9,250,354.61,352.05,350.82,350.99,351.0,350,600,367.84,0.6883545756937604,363.99,351.22
351.23,0.7071067811865476,353.94,371.97,366.9,350.97,450.0,350.86,363.99,352.58,350.82,351.92,351.1,352.24,351.72,350.94,350.96,350.95,450,356.24,353.13,350.83,350.99,351.02,150,600,355.32,0.7071067811865475,352.94,351.18
351.14,0.6883545756937497,352.06,371.14,363.74,351.03,450.0,350.86,352.94,354.33,350.82,352.62,351.05,351.54,352.29,350.94,351.0,351.0,450,352.24,355.49,350.83,350.99,351.08,150,600,352.42,0.7253743710122917,351.77,351.08
351.08,0.6691306063588495,351.57,365.75,356.38,351.04,450.0,350.86,351.77,357.68,350.82,351.76,351.01,351.29,353.23,350.94,351.07,351.07,450,351.54,352.21,350.85,350.99,351.2,150,600,351.75,0.7431448254774021,351.42,351.0
351.05,0.6494480483301814,351.35,359.25,354.09,350.99,450.0,350.85,351.42,361.48,350.82,351.37,350.99,351.16,354.61,350.94,351.18,351.15,450,351.29,351.55,350.87,350.99,351.41,150,600,351.47,0.7604059656000328,351.25,350.94
351.01,0.6293203910498305,351.23,356.72,353.52,350.95,450.0,350.83,351.25,363.99,350.82,351.2,350.95,351.08,356.24,350.94,351.38,351.22,450,351.16,351.31,350.9,350.99,351.8,150,600,351.33,0.7771459614569765,351.15,350.91
351.01,0.6087614290087207,351.17,355.83,353.33,350.91,450.0,350.83,351.15,352.94,350.82,351.1,350.95,351.03,352.24,350.94,351.72,351.18,450,351.08,351.18,350.95,350.99,352.58,150,600,351.26,0.7933533402912352,351.09,350.88
351.03,0.5877852522924684,351.13,355.46,353.25,350.88,450.0,350.83,351.09,351.77,350.82,351.04,350.96,351.0,351.54,350.94,352.29,351.08,450,351.03,351.11,351.0,350.99,354.33,150,600,351.21,0.8090169943749509,351.06,350.86
351.1,0.5664062369248232,351.1,355.29,353.21,350.87,450.0,350.83,351.06,351.42,350.82,351.01,351.0,350.98,351.29,350.94,353.23,351.0,450,351.0,351.07,351.07,350.99,357.68,150,600,351.19,0.8241261886220224,351.03,350.85
351.23,0.5446390350150246,351.09,355.2,353.18,350.85,450.0,350.85,351.03,351.25,350.82,350.98,351.08,350.97,351.16,350.94,354.61,350.94,450,350.98,351.04,351.15,350.99,361.48,150,600,351.17,0.8386705679454256,351.02,350.84
351.45,0.5224985647159414,351.07,355.16,353.17,350.84,450.0,350.87,351.02,351.15,350.82,350.97,351.21,350.96,351.08,350.94,356.24,350.91,450,350.97,351.02,351.22,350.99,363.99,150,600,351.16,0.8526401643540968,351.01,350.83
351.89,0.5000000000000001,351.07,355.13,353.16,350.83,450.0,350.91,351.01,351.09,350.82,350.95,351.42,350.95,351.03,350.94,352.24,350.88,450,350.96,351.0,351.18,350.99,352.94,150,600,351.15,0.8660254037844386,351.0,350.83
352.77,0.4771587602596033,351.06,355.11,353.16,350.83,450.0,350.95,351.0,351.06,350.82,350.94,351.79,350.95,351.0,350.94,351.54,350.86,450,350.95,351.0,351.08,350.99,351.77,150,600,351.14,0.8788171126619682,351.0,350.83
354.74,0.45399049973953637,351.06,355.1,353.16,350.83,450.0,351.01,351.0,351.03,350.82,350.96,352.41,350.94,350.98,350.94,351.29,350.85,450,350.95,351.02,351.0,350.99,351.42,150,600,351.14,0.8910065241883732,350.99,350.83
358.33,0.43051109680829247,351.06,355.1,353.15,350.83,450.0,351.08,350.99,351.02,350.82,350.99,353.43,350.94,350.97,350.94,351.16,350.84,450,350.94,351.08,350.94,350.99,351.25,150,600,351.14,0.9025852843498618,350.99,350.82
361.98,0.40673664307579205,351.05,355.09,353.15,350.84,450.0,351.16,350.99,351.01,350.82,351.0,354.86,350.94,350.96,350.94,351.08,350.83,450,350.94,351.09,350.91,350.99,351.15,150,600,351.14,0.9135454576426045,350.99,350.82
364.26,0.38268343236508984,351.05,355.09,353.15,350.84,450.0,351.23,350.99,351.0,350.82,350.99,356.5,350.94,350.95,350.94,351.03,350.83,450,350.94,351.06,350.88,350.99,351.09,150,600,351.13,0.9238795325112867,350.99,350.82
365.39,0.3583679495452948,351.05,355.09,353.15,350.84,450.0,351.28,350.99,351.0,350.82,350.97,357.97,350.94,350.95,350.94,351.0,350.83,450,350.94,351.03,350.86,350.99,351.06,150,600,351.13,0.9335804264972039,350.99,350.82
365.96,0.3338068592337598,351.05,355.09,353.15,350.83,450.0,351.33,350.99,350.99,350.82,350.96,359.07,350.94,350.94,350.94,350.98,350.83,450,350.94,351.01,350.85,350.99,351.03,150,600,351.13,0.9426414910921823,350.99,350.82
366.26,0.30901699437494473,351.05,355.08,353.15,350.83,450.0,351.36,350.99,350.99,350.82,350.94,359.82,350.94,350.94,350.94,350.97,350.82,450,350.94,351.0,350.84,350.99,351.02,150,600,351.13,0.9510565162951544,350.99,350.82
366.44,0.2840153447039142,351.05,355.08,353.15,350.82,450.0,351.38,350.99,350.99,350.82,350.94,360.31,350.94,350.94,350.94,350.96,350.82,450,350.94,351.0,350.83,350.99,351.01,150,600,351.13,0.9588197348681955,350.99,350.82
353.43,0.25881904510252074,351.05,362.02,354.39,350.83,1050.0,351.29,350.99,350.99,350.82,350.96,352.57,350.93,350.94,350.94,350.95,350.82,250,350.94,351.02,350.83,350.99,351.0,350,600,351.12,0.9659258262890683,350.98,350.82
351.91,0.23344536385589965,351.06,369.71,359.26,350.83,1050.0,351.14,350.98,350.99,350.82,351.0,351.65,350.94,350.94,350.94,350.95,350.82,250,350.93,351.08,350.83,350.99,351.0,350,600,351.14,0.972369920397678,350.99,350.82
351.49,0.20791169081774774,352.08,372.94,371.91,350.85,450.0,351.03,350.99,350.99,350.82,351.07,351.35,351.36,350.94,350.94,350.94,350.82,200,350.94,351.2,350.83,350.99,350.99,150,350,352.99,0.9781476007338081,351.63,350.95
351.29,0.1822355254921444,351.87,372.94,371.91,350.87,450.0,350.96,351.63,350.99,350.82,351.18,351.19,351.29,350.94,350.94,350.94,350.82,200,351.36,351.41,350.82,350.99,350.99,150,350,352.53,0.9832549075639552,351.52,350.93
351.1,0.15643446504022215,351.72,372.94,371.89,350.9,450.0,350.88,351.52,350.99,350.82,351.38,351.03,351.24,350.94,350.94,350.94,350.82,200,351.29,351.8,350.82,350.99,350.99,150,350,352.22,0.9876883405951391,351.43,350.92
351.07,0.1305261922200517,351.6,372.94,371.87,350.95,450.0,350.85,351.43,350.98,350.82,351.72,351.0,351.19,350.93,350.94,350.94,350.82,200,351.24,352.58,350.82,350.99,350.99,150,350,352.0,0.9914448613738104,351.36,350.91
351.13,0.10452846326764771,351.71,373.0,372.33,351.0,1050.0,350.84,351.36,350.99,350.82,352.29,351.03,351.19,350.94,350.94,350.94,350.82,300,351.19,354.33,350.82,350.99,350.99,350,650,352.36,0.994521895368274,351.38,350.89
351.27,0.07845909572783305,352.05,373.0,372.34,351.07,1050.0,350.86,351.38,351.63,350.82,353.23,351.11,351.27,351.36,350.94,350.94,350.95,300,351.19,357.68,350.82,350.99,350.99,350,650,353.24,0.996917333733129,351.54,350.9
351.54,0.052335956242940865,352.56,373.0,372.34,351.15,1050.0,350.88,351.54,351.52,350.82,354.61,351.25,351.38,351.29,350.94,350.94,350.93,300,351.27,361.48,350.82,350.99,350.99,350,650,354.85,0.998629534754574,351.76,350.91
352.05,0.02617694830786426,353.36,373.0,372.34,351.22,1050.0,350.92,351.76,351.43,350.82,356.24,351.5,351.53,351.24,350.94,350.94,350.92,300,351.38,363.99,350.82,350.99,350.99,350,650,357.59,0.9996573249755575,352.06,350.94
353.13,6.123233995736766e-17,354.59,373.0,372.34,351.18,1050.0,350.97,352.06,351.36,350.82,352.24,351.92,351.7,351.19,350.94,350.93,350.91,300,351.53,352.94,350.82,350.99,350.98,350,650,360.94,1.0,352.46,350.96
355.49,-0.02617694830787923,356.34,373.0,372.34,351.08,1050.0,351.03,352.46,351.38,350.82,351.54,352.62,351.9,351.19,350.94,350.94,350.89,300,351.7,351.77,350.82,350.99,350.99,350,650,363.62,0.9996573249755571,352.97,350.99
352.21,-0.052335956242955596,358.44,373.0,372.34,351.0,1050.0,351.04,352.97,351.54,350.82,351.29,351.76,352.12,351.27,350.94,351.36,350.9,300,351.9,351.42,350.95,350.99,351.63,350,650,365.19,0.9986295347545733,353.61,351.01
351.55,-0.07845909572784798,360.43,373.0,372.34,350.94,1050.0,350.99,353.61,351.76,350.82,351.16,351.37,352.36,351.38,350.94,351.29,350.91,300,352.12,351.25,350.93,350.99,351.52,350,650,366.03,0.9969173337331277,354.35,351.04
351.31,-0.10452846326766217,355.8,372.94,371.92,350.91,450.0,350.95,354.35,352.06,350.82,351.08,351.2,352.04,351.53,350.94,351.24,350.94,200,352.36,351.15,350.92,350.99,351.43,150,350,361.55,0.9945218953682724,353.07,351.04
351.18,-0.1305261922200516,353.89,372.94,371.92,350.88,450.0,350.91,353.07,352.46,350.82,351.03,351.1,351.76,351.7,350.94,351.19,350.96,200,352.04,351.09,350.91,350.99,351.36,150,350,357.93,0.9914448613738104,352.41,351.02
351.11,-0.15643446504023673,352.97,372.94,371.92,350.86,450.0,350.88,352.41,352.97,350.82,351.0,351.04,351.59,351.9,350.94,351.19,350.99,200,351.76,351.06,350.89,350.99,351.38,150,350,355.36,0.9876883405951368,352.05,350.99
351.07,-0.1822355254921591,352.46,372.94,371.92,350.85,450.0,350.87,352.05,353.61,350.82,350.98,351.01,351.46,352.12,350.94,351.27,351.01,200,351.59,351.03,350.9,350.99,351.54,150,350,353.93,0.9832549075639524,351.82,350.97
351.04,-0.20791169081776217,353.04,373.0,372.34,350.84,1050.0,350.85,351.82,354.35,350.82,350.97,350.98,351.49,352.36,350.94,351.38,351.04,300,351.46,351.02,350.91,350.99,351.76,350,650,356.5,0.978147600733805,351.96,350.94
351.02,-0.2334453638559142,354.21,373.0,372.34,350.83,1050.0,350.84,351.96,353.07,350.82,350.96,350.97,351.65,352.04,350.94,351.53,351.04,300,351.49,351.01,350.94,350.99,352.06,350,650,360.03,0.9723699203976744,352.34,350.96
351.0,-0.25881904510252063,355.83,373.0,372.34,350.83,1050.0,350.83,352.34,352.41,350.82,350.95,350.95,351.84,351.76,350.94,351.7,351.02,300,351.65,351.0,350.96,350.99,352.46,350,650,363.03,0.9659258262890683,352.82,350.98
351.0,-0.28401534470392836,357.89,373.0,372.34,350.83,1050.0,350.83,352.82,352.05,350.82,350.95,350.94,352.06,351.59,350.94,351.9,350.99,300,351.84,351.0,350.99,350.99,352.97,350,650,364.88,0.9588197348681914,353.43,351.0
351.02,-0.30901699437495855,354.66,372.94,371.92,350.83,450.0,350.83,353.43,351.82,350.82,350.94,350.96,351.86,351.46,350.94,352.12,350.97,200,352.06,350.99,351.01,350.99,353.61,150,350,359.73,0.95105651629515,352.67,351.01
351.08,-0.33380685923377373,353.31,372.94,371.92,350.82,450.0,350.83,352.67,351.96,350.82,350.94,350.99,351.65,351.49,350.94,352.36,350.94,200,351.86,350.99,351.04,350.99,354.35,150,350,356.38,0.9426414910921774,352.18,351.0
351.09,-0.35836794954530854,352.65,372.94,371.92,350.82,450.0,350.84,352.18,352.34,350.82,350.94,351.0,351.51,351.65,350.94,352.04,350.96,200,351.65,350.99,351.04,350.99,353.07,150,350,354.46,0.9335804264971985,351.9,350.98
351.06,-0.3826834323650895,352.25,372.94,371.92,350.82,450.0,350.84,351.9,352.82,350.82,350.94,350.99,351.41,351.84,350.94,351.76,350.98,200,351.51,350.99,351.02,350.99,352.41,150,350,353.4,0.9238795325112868,351.72,350.96
351.03,-0.40673664307580554,352.7,373.0,372.34,350.82,1050.0,350.84,351.72,353.43,350.82,350.94,350.97,351.43,352.06,350.94,351.59,351.0,300,351.41,350.99,350.99,350.99,352.05,350,650,355.29,0.9135454576425985,351.83,350.93
351.01,-0.43051109680830574,353.64,373.0,372.34,350.82,1050.0,350.83,351.83,352.67,350.82,350.94,350.96,351.57,351.86,350.94,351.46,351.01,300,351.43,350.99,350.97,350.99,351.82,350,650,358.48,0.9025852843498555,352.16,350.94
351.0,-0.45399049973954947,355.03,373.0,372.34,350.82,1050.0,350.83,352.16,352.18,350.82,350.94,350.94,351.75,351.65,350.94,351.49,351.0,300,351.57,350.99,350.94,350.99,351.96,350,650,361.79,0.8910065241883665,352.59,350.97
351.0,-0.4771587602596163,356.92,373.0,372.34,350.82,1050.0,350.82,352.59,351.9,350.82,350.94,350.94,351.96,351.51,350.94,351.65,350.98,300,351.75,350.99,350.96,350.99,352.34,350,650,364.17,0.878817112661961,353.14,350.99
351.02,-0.4999999999999998,354.27,372.94,371.92,350.82,450.0,350.83,353.14,351.72,350.82,350.93,350.96,351.8,351.41,350.94,351.84,350.96,200,351.96,350.98,350.98,350.99,352.82,150,350,358.89,0.8660254037844387,352.53,351.0
351.08,-0.5224985647159541,353.11,372.94,371.92,350.82,450.0,350.83,352.53,351.83,350.82,350.94,351.0,351.61,351.43,350.94,352.06,350.93,200,351.8,350.99,351.0,350.99,353.43,150,350,355.81,0.8526401643540891,352.1,350.99
351.2,-0.5446390350150369,352.53,372.94,371.92,350.95,450.0,350.85,352.1,352.16,350.82,351.36,351.07,351.48,351.57,350.94,351.86,350.94,200,351.61,351.63,351.01,350.99,352.67,150,350,354.14,0.8386705679454177,351.85,350.97
351.41,-0.5664062369248352,352.18,372.94,371.92,350.93,450.0,350.87,351.85,352.59,350.82,351.29,351.18,351.38,351.75,350.94,351.65,350.97,200,351.48,351.52,351.0,350.99,352.18,150,350,353.22,0.824126188622014,351.68,350.95
351.8,-0.5877852522924802,352.57,373.0,372.34,350.92,1050.0,350.9,351.68,353.14,350.82,351.24,351.38,351.4,351.96,350.94,351.51,350.99,300,351.38,351.43,350.98,350.99,351.9,350,650,354.87,0.8090169943749422,351.78,350.93
352.58,-0.6087614290087207,353.43,373.0,372.34,350.91,1050.0,350.95,351.78,352.53,350.82,351.19,351.72,351.54,351.8,350.94,351.41,351.0,300,351.4,351.36,350.96,350.99,351.72,350,650,357.82,0.7933533402912352,352.09,350.94
354.33,-0.629320391049842,354.72,373.0,372.34,350.89,1050.0,351.0,352.09,352.1,350.82,351.19,352.29,351.71,351.61,350.94,351.43,350.99,300,351.54,351.38,350.93,350.99,351.83,350,650,361.21,0.7771459614569671,352.5,350.96
357.68,-0.6494480483301927,356.52,373.0,372.34,350.9,1050.0,351.07,352.5,351.85,350.82,351.27,353.23,351.91,351.48,350.94,351.57,350.97,300,351.71,351.54,350.94,350.99,352.16,350,650,363.8,0.7604059656000232,353.02,350.99
361.48,-0.6691306063588602,354.11,372.94,371.92,350.91,450.0,351.15,353.02,351.68,350.82,351.38,354.61,351.77,351.38,350.94,351.75,350.95,200,351.91,351.76,350.97,350.99,352.59,150,350,358.52,0.7431448254773925,352.47,350.99
363.99,-0.6883545756937606,353.03,372.94,371.92,350.94,450.0,351.22,352.47,351.78,350.82,351.53,356.24,351.59,351.4,350.94,351.96,350.93,200,351.77,352.06,350.99,350.99,353.14,150,350,355.58,0.7253743710122814,352.07,350.98
352.94,-0.7071067811865475,352.48,372.94,371.92,350.96,450.0,351.18,352.07,352.09,350.82,351.7,352.24,351.47,351.54,350.94,351.8,350.94,200,351.59,352.46,351.0,350.99,352.53,150,350,354.01,0.7071067811865476,351.82,350.97
351.77,-0.7253743710122916,352.14,372.94,371.91,350.99,450.0,351.08,351.82,352.5,350.82,351.9,351.54,351.37,351.71,350.94,351.61,350.96,200,351.47,352.97,350.99,350.99,352.1,150,350,353.14,0.6883545756937498,351.66,350.95
351.42,-0.7431448254774021,352.52,373.0,372.34,351.01,1050.0,351.0,351.66,353.02,350.82,352.12,351.29,351.39,351.91,350.94,351.48,350.99,300,351.37,353.61,350.97,350.99,351.85,350,650,354.69,0.6691306063588495,351.76,350.93
351.25,-0.7604059656000329,353.35,373.0,372.34,351.04,1050.0,350.94,351.76,352.47,350.82,352.36,351.16,351.53,351.77,350.94,351.38,350.99,300,351.39,354.35,350.95,350.99,351.68,350,650,357.54,0.6494480483301813,352.06,350.94
351.15,-0.7771459614569765,354.59,373.0,372.34,351.04,1050.0,350.91,352.06,352.07,350.82,352.04,351.08,351.7,351.59,350.94,351.4,350.98,300,351.53,353.07,350.93,350.99,351.78,350,650,360.93,0.6293203910498305,352.46,350.96
351.09,-0.793353340291235,356.34,373.0,372.34,351.02,1050.0,350.88,352.46,351.82,350.82,351.76,351.03,351.9,351.47,350.94,351.54,350.97,300,351.7,352.41,350.94,350.99,352.09,350,650,363.62,0.6087614290087209,352.97,350.99
351.06,-0.8090169943749508,358.44,373.0,372.34,350.99,1050.0,350.86,352.97,351.66,350.82,351.59,351.0,352.12,351.37,350.94,351.71,350.95,300,351.9,352.05,350.96,350.99,352.5,350,650,365.2,0.5877852522924686,353.61,351.01
351.03,-0.8241261886220225,360.43,373.0,372.34,350.97,1050.0,350.85,353.61,351.76,350.82,351.46,350.98,352.36,351.39,350.94,351.91,350.93,300,352.12,351.82,350.99,350.99,353.02,350,650,366.03,0.566406236924823,354.35,351.04
351.02,-0.8386705679454256,362.03,373.0,372.34,350.94,1050.0,350.84,354.35,352.06,350.82,351.49,350.97,352.59,351.53,350.94,351.77,350.94,300,352.36,351.96,350.99,350.99,352.47,350,650,366.49,0.5446390350150246,355.14,351.06
351.01,-0.8526401643540968,363.18,373.0,372.34,350.96,1050.0,350.83,355.14,352.46,350.82,351.65,350.96,352.82,351.7,350.94,351.59,350.96,300,352.59,352.34,350.98,350.99,352.07,350,650,366.76,0.5224985647159414,355.94,351.08
351.0,-0.8660254037844387,357.52,372.94,371.92,350.98,450.0,350.83,355.94,352.97,350.82,351.84,350.95,352.29,351.9,350.94,351.47,350.99,200,352.82,352.82,350.97,350.99,351.82,150,350,363.18,0.49999999999999994,353.7,351.08
351.0,-0.8788171126619683,354.76,372.94,371.92,351.0,450.0,350.83,353.7,353.61,350.82,352.06,350.95,351.91,352.12,350.94,351.37,351.01,200,352.29,353.43,350.95,350.99,351.66,150,350,359.89,0.4771587602596032,352.73,351.05
350.99,-0.8910065241883732,353.44,372.94,371.92,351.01,450.0,350.83,352.73,354.35,350.82,351.86,350.94,351.69,352.36,350.94,351.39,351.04,200,351.91,352.67,350.93,350.99,351.76,150,350,356.7,0.4539904997395362,352.24,351.02
350.99,-0.9025852843498617,352.73,372.94,371.92,351.0,450.0,350.82,352.24,355.14,350.82,351.65,350.94,351.54,352.59,350.94,351.53,351.06,200,351.69,352.18,350.94,350.99,352.06,150,350,354.7,0.4305110968082927,351.95,350.99
350.99,-0.9135454576426044,353.56,373.0,372.34,350.98,1050.0,350.82,351.95,355.94,350.82,351.51,350.94,351.57,352.82,350.94,351.7,351.08,300,351.54,351.9,350.96,350.99,352.46,350,650,358.19,0.4067366430757923,352.14,350.96
350.99,-0.9238795325112867,354.99,373.0,372.34,350.96,1050.0,350.82,352.14,353.7,350.82,351.41,350.94,351.75,352.29,350.94,351.9,351.08,300,351.57,351.72,350.99,350.99,352.97,350,650,361.74,0.3826834323650899,352.58,350.97
350.99,-0.933580426497204,356.9,373.0,372.34,350.93,1050.0,350.82,352.58,352.73,350.82,351.43,350.94,351.96,351.91,350.94,352.12,351.05,300,351.75,351.83,351.01,350.99,353.61,350,650,364.16,0.35836794954529444,353.13,350.99
350.99,-0.9426414910921823,359.02,373.0,372.34,350.94,1050.0,350.82,353.13,352.24,350.82,351.57,350.94,352.19,351.69,350.94,352.36,351.02,300,351.96,352.16,351.04,350.99,354.35,350,650,365.48,0.33380685923375986,353.81,351.02
350.99,-0.9510565162951545,360.92,373.0,372.34,350.97,1050.0,350.82,353.81,351.95,350.82,351.75,350.94,352.42,351.54,350.94,352.59,350.99,300,352.19,352.59,351.06,350.99,355.14,350,650,366.19,0.30901699437494456,354.57,351.04
350.99,-0.9588197348681956,362.39,373.0,372.34,350.99,1050.0,350.82,354.57,352.14,350.82,351.96,350.94,352.66,351.57,350.94,352.82,350.96,300,352.42,353.14,351.08,350.99,355.94,350,650,366.58,0.28401534470391404,355.37,351.06
350.98,-0.9659258262890682,363.43,373.0,372.34,351.0,1050.0,350.82,355.37,352.58,350.82,351.8,350.93,352.88,351.75,350.94,352.29,350.97,300,352.66,352.53,351.08,350.99,353.7,350,650,366.81,0.258819045102521,356.15,351.08
350.99,-0.9723699203976779,364.13,373.0,372.34,350.99,1050.0,350.82,356.15,353.13,350.82,351.61,350.94,353.09,351.96,350.94,351.91,350.99,300,352.88,352.1,351.05,350.99,352.73,350,650,366.94,0.2334453638558999,356.86,351.1
351.63,-0.978147600733808,358.38,372.94,371.92,350.97,450.0,350.95,356.86,353.81,350.82,351.48,351.36,352.41,352.19,350.94,351.69,351.02,200,353.09,351.85,351.02,350.99,352.24,150,350,363.7,0.20791169081774802,354.04,351.09
351.52,-0.9832549075639551,355.22,372.94,371.92,350.95,450.0,350.93,354.04,354.57,350.82,351.38,351.29,351.98,352.42,350.94,351.54,351.04,200,352.41,351.68,350.99,350.99,351.95,150,350,360.71,0.18223552549214467,352.89,351.06
351.43,-0.9876883405951392,353.68,372.94,371.92,350.93,450.0,350.92,352.89,355.37,350.82,351.4,351.24,351.74,352.66,350.94,351.57,351.06,200,351.98,351.78,350.96,350.99,352.14,150,350,357.38,0.15643446504022177,352.34,351.03
351.36,-0.9914448613738104,352.87,372.94,371.92,350.94,450.0,350.91,352.34,356.15,350.82,351.54,351.19,351.57,352.88,350.94,351.75,351.08,200,351.74,352.09,350.97,350.99,352.58,150,350,355.09,0.130526192220052,352.01,351.0
351.38,-0.994521895368274,353.82,373.0,372.34,350.96,1050.0,350.89,352.01,356.86,350.82,351.71,351.19,351.61,353.09,350.94,351.96,351.1,300,351.57,352.5,350.99,350.99,353.13,350,650,358.99,0.10452846326764756,352.23,350.96
351.54,-0.996917333733129,355.39,373.0,372.34,350.99,1050.0,350.9,352.23,354.04,350.82,351.91,351.27,351.8,352.41,350.94,352.19,351.09,300,351.61,353.02,351.02,350.99,353.81,350,650,362.41,0.0784590957278331,352.7,350.98
351.76,-0.998629534754574,357.4,373.0,372.34,350.99,1050.0,350.91,352.7,352.89,350.82,351.77,351.38,352.01,351.98,350.94,352.42,351.06,300,351.8,352.47,351.04,350.99,354.57,350,650,364.55,0.0523359562429407,353.28,351.0
352.06,-0.9996573249755575,359.5,373.0,372.34,350.98,1050.0,350.94,353.28,352.34,350.82,351.59,351.53,352.24,351.74,350.94,352.66,351.03,300,352.01,352.07,351.06,350.99,355.37,350,650,365.69,0.026176948307864545,353.99,351.02
352.46,-1.0,361.31,373.0,372.34,350.97,1050.0,350.96,353.99,352.01,350.82,351.47,351.7,352.48,351.57,350.94,352.88,351.0,300,352.24,351.82,351.08,350.99,356.15,350,650,366.3,1.2246467991473532e-16,354.76,351.05
352.97,-0.9996573249755571,362.67,373.0,372.34,350.95,1050.0,350.99,354.76,352.23,350.82,351.37,351.9,352.71,351.61,350.94,353.09,350.96,300,352.48,351.66,351.1,350.99,356.86,350,650,366.65,-0.02617694830787895,355.56,351.07
353.61,-0.9986295347545733,363.62,373.0,372.34,350.93,1050.0,351.01,355.56,352.7,350.82,351.39,352.12,352.93,351.8,350.94,352.41,350.98,300,352.71,351.76,351.09,350.99,354.04,350,650,366.84,-0.05233595624295598,356.33,351.09
354.35,-0.9969173337331277,364.26,373.0,372.34,350.94,1050.0,351.04,356.33,353.28,350.82,351.53,352.36,353.14,352.01,350.94,351.98,351.0,300,352.93,352.06,351.06,350.99,352.89,350,650,366.96,-0.07845909572784747,357.01,351.1
353.07,-0.9945218953682724,364.69,373.0,372.34,350.96,1050.0,351.04,357.01,353.99,350.82,351.7,352.04,353.31,352.24,350.94,351.74,351.02,300,353.14,352.46,351.03,350.99,352.34,350,650,367.04,-0.10452846326766232,357.59,351.12
352.41,-0.9914448613738104,364.99,373.0,372.34,350.99,1050.0,351.02,357.59,354.76,350.82,351.9,351.76,353.46,352.48,350.94,351.57,351.05,300,353.31,352.97,351.0,350.99,352.01,350,650,367.08,-0.13052619222005177,358.05,351.13
352.05,-0.9876883405951368,365.19,373.0,372.34,351.01,1050.0,350.99,358.05,355.56,350.87,352.12,351.59,353.58,352.71,351.02,351.61,351.07,300,353.46,353.61,350.96,351.08,352.23,350,650,367.12,-0.1564344650402369,358.42,351.13
351.82,-0.9832549075639525,365.34,373.0,372.34,351.04,1050.0,350.97,358.42,356.33,350.86,352.36,351.46,353.68,352.93,350.99,351.8,351.09,300,353.58,354.35,350.98,351.05,352.7,350,650,367.14,-0.18223552549215882,358.7,351.14
351.96,-0.978147600733805,359.86,372.94,371.92,351.06,450.0,350.94,358.7,357.01,350.85,352.59,351.49,352.66,353.14,350.97,352.01,351.1,200,353.68,355.14,351.0,351.03,353.28,150,350,364.36,-0.20791169081776212,354.72,351.13
352.34,-0.9723699203976746,356.14,372.94,371.92,351.08,450.0,350.96,354.72,357.59,350.84,352.82,351.65,352.12,353.31,350.96,352.24,351.12,200,352.66,355.94,351.02,351.02,353.99,150,350,361.95,-0.2334453638559139,353.21,351.09
352.82,-0.9659258262890683,354.17,372.94,371.92,351.08,450.0,350.98,353.21,358.05,350.83,352.29,351.84,351.83,353.46,350.94,352.48,351.13,200,352.12,353.7,351.05,351.0,354.76,150,350,358.62,-0.2588190451025208,352.53,351.05
353.43,-0.9588197348681915,353.15,372.94,371.92,351.05,450.0,351.0,352.53,358.42,350.82,351.91,352.06,351.63,353.58,350.94,352.71,351.13,200,351.83,352.73,351.07,351.0,355.56,150,350,355.87,-0.28401534470392786,352.13,351.01
352.67,-0.9510565162951499,354.34,373.0,372.34,351.02,1050.0,351.01,352.13,358.7,350.82,351.69,351.86,351.68,353.68,350.96,352.93,351.14,300,351.63,352.24,351.09,351.02,356.33,350,650,360.35,-0.3090169943749587,352.39,350.97
352.18,-0.9426414910921773,356.15,373.0,372.34,350.99,1050.0,351.0,352.39,354.72,350.83,351.54,351.65,351.88,352.66,350.99,353.14,351.13,300,351.68,351.95,351.1,351.08,357.01,350,650,363.42,-0.33380685923377384,352.91,350.99
351.9,-0.9335804264971985,358.28,373.0,372.34,350.96,1050.0,350.98,352.91,353.21,350.84,351.57,351.51,352.1,352.12,351.06,353.31,351.09,300,351.88,352.14,351.12,351.19,357.59,350,650,365.11,-0.3583679495453087,353.56,351.01
351.72,-0.9238795325112868,360.29,373.0,372.34,350.97,1050.0,350.96,353.56,352.53,350.87,351.75,351.41,352.34,351.83,351.17,353.46,351.05,300,352.1,352.58,351.13,351.38,358.05,350,650,365.99,-0.38268343236508967,354.29,351.03
351.83,-0.9135454576425985,355.73,372.94,371.92,350.99,450.0,350.93,354.29,352.13,350.9,351.96,351.43,352.03,351.63,351.36,353.58,351.01,200,352.34,353.13,351.13,351.75,358.42,150,350,361.47,-0.4067366430758055,353.05,351.04
352.16,-0.9025852843498555,353.85,372.94,371.92,351.02,450.0,350.94,353.05,352.39,350.94,352.19,351.57,351.75,351.68,351.68,353.68,350.97,200,352.03,353.81,351.14,352.48,358.7,150,350,357.85,-0.4305110968083057,352.4,351.02
352.59,-0.8910065241883666,352.95,372.94,371.92,351.04,450.0,350.97,352.4,352.91,350.95,352.42,351.75,351.58,351.88,351.46,352.66,350.99,200,351.75,354.57,351.13,351.76,354.72,150,350,355.31,-0.4539904997395494,352.04,350.99
353.14,-0.8788171126619614,352.44,372.94,371.92,351.06,450.0,350.99,352.04,353.56,350.94,352.66,351.96,351.46,352.1,351.24,352.12,351.01,200,351.58,355.37,351.09,351.39,353.21,150,350,353.9,-0.47715876025961584,351.81,350.97
352.53,-0.8660254037844388,353.02,373.0,372.34,351.08,1050.0,351.0,351.81,354.29,350.91,352.88,351.8,351.49,352.34,351.13,351.83,351.03,300,351.46,356.15,351.05,351.22,352.53,350,650,356.43,-0.4999999999999997,351.96,350.94
352.1,-0.8526401643540891,354.17,373.0,372.34,351.1,1050.0,350.99,351.96,353.05,350.89,353.09,351.61,351.65,352.03,351.06,351.63,351.04,300,351.49,356.86,351.01,351.13,352.13,350,650,359.95,-0.522498564715954,352.33,350.96
351.85,-0.8386705679454175,355.79,373.0,372.34,351.09,1050.0,350.97,352.33,352.4,350.85,352.41,351.48,351.84,351.75,350.98,351.68,351.02,300,351.65,354.04,350.97,351.04,352.39,350,650,362.97,-0.5446390350150372,352.81,350.98
351.68,-0.824126188622014,357.84,373.0,372.34,351.06,1050.0,350.95,352.81,352.04,350.84,351.98,351.38,352.06,351.58,350.96,351.88,350.99,300,351.84,352.89,350.99,351.03,352.91,350,650,364.85,-0.5664062369248352,353.42,351.0
351.78,-0.8090169943749423,359.9,373.0,372.34,351.03,1050.0,350.93,353.42,351.81,350.83,351.74,351.4,352.29,351.46,350.98,352.1,350.97,300,352.06,352.34,351.01,351.06,353.56,350,650,365.85,-0.5877852522924802,354.14,351.03
352.09,-0.7933533402912352,361.62,373.0,372.34,351.0,1050.0,350.94,354.14,351.96,350.84,351.57,351.54,352.52,351.49,351.03,352.34,350.94,300,352.29,352.01,351.03,351.15,354.29,350,650,366.39,-0.6087614290087207,354.92,351.05
352.5,-0.7771459614569671,362.9,373.0,372.34,350.96,1050.0,350.96,354.92,352.33,350.85,351.61,351.71,352.76,351.65,351.05,352.03,350.96,300,352.52,352.23,351.04,351.15,353.05,350,650,366.7,-0.629320391049842,355.72,351.07
353.02,-0.7604059656000235,363.78,373.0,372.34,350.98,1050.0,350.99,355.72,352.81,350.85,351.8,351.91,352.98,351.84,351.02,351.75,350.98,300,352.76,352.7,351.02,351.1,352.4,350,650,366.87,-0.6494480483301923,356.47,351.09
352.47,-0.7431448254773925,364.36,373.0,372.34,351.0,1050.0,350.99,356.47,353.42,350.85,352.01,351.77,353.18,352.06,350.99,351.58,351.0,300,352.98,353.28,350.99,351.05,352.04,350,650,366.98,-0.6691306063588602,357.14,351.11
352.07,-0.7253743710122814,364.76,373.0,372.34,351.02,1050.0,350.98,357.14,354.14,350.84,352.24,351.59,353.35,352.29,350.97,351.46,351.03,300,353.18,353.99,350.97,351.03,351.81,350,650,367.05,-0.6883545756937606,357.69,351.12
351.82,-0.7071067811865479,365.03,373.0,372.34,351.05,1050.0,350.97,357.69,354.92,350.83,352.48,351.47,353.49,352.52,350.95,351.49,351.05,300,353.35,354.76,350.94,351.0,351.96,350,650,367.09,-0.7071067811865471,358.13,351.13
351.66,-0.6883545756937498,365.23,373.0,372.34,351.07,1050.0,350.95,358.13,355.72,350.83,352.71,351.37,353.6,352.76,350.95,351.65,351.07,300,353.49,355.56,350.96,351.0,352.33,350,650,367.12,-0.7253743710122916,358.48,351.14
351.76,-0.6691306063588496,365.36,373.0,372.34,351.09,1050.0,350.93,358.48,356.47,350.83,352.93,351.39,353.69,352.98,350.96,351.84,351.09,300,353.6,356.33,350.98,351.03,352.81,350,650,367.14,-0.743144825477402,358.75,351.14
352.06,-0.6494480483301814,365.46,373.0,372.34,351.1,1050.0,350.94,358.75,357.14,350.83,353.14,351.53,353.77,353.18,351.0,352.06,351.11,300,353.69,357.01,351.0,351.09,353.42,350,650,367.16,-0.7604059656000328,358.95,351.15
352.46,-0.6293203910498302,365.53,373.0,372.34,351.12,1050.0,350.96,358.95,357.69,350.84,353.31,351.7,353.82,353.35,351.01,352.29,351.12,300,353.77,357.59,351.03,351.1,354.14,350,650,367.17,-0.7771459614569768,359.11,351.15
352.97,-0.6087614290087209,365.58,373.0,372.34,351.13,1050.0,350.99,359.11,358.13,350.84,353.46,351.9,353.86,353.49,350.99,352.52,351.13,300,353.82,358.05,351.05,351.07,354.92,350,650,367.18,-0.7933533402912349,359.23,351.15
353.61,-0.5877852522924683,360.25,372.94,371.92,351.13,450.0,351.01,359.23,358.48,350.84,353.58,352.12,352.74,353.6,350.97,352.76,351.14,200,353.86,358.42,351.07,351.04,355.72,150,350,364.5,-0.809016994374951,354.92,351.14
354.35,-0.5664062369248233,356.42,372.94,371.92,351.14,450.0,351.04,354.92,358.75,350.83,353.68,352.36,352.16,353.69,350.96,352.98,351.14,200,352.74,358.7,351.09,351.02,356.47,150,350,362.24,-0.8241261886220222,353.31,351.09
355.14,-0.5446390350150248,354.32,372.94,371.92,351.13,450.0,351.06,353.31,358.95,350.83,352.66,352.59,351.85,353.77,350.94,353.18,351.15,200,352.16,354.72,351.11,351.0,357.14,150,350,358.96,-0.8386705679454256,352.58,351.05
355.94,-0.5224985647159418,353.23,372.94,371.92,351.09,450.0,351.08,352.58,359.11,350.82,352.12,352.82,351.65,353.82,350.94,353.35,351.15,200,351.85,353.21,351.12,351.0,357.69,150,350,356.11,-0.8526401643540965,352.16,351.01
353.7,-0.5000000000000004,354.49,373.0,372.34,351.05,1050.0,351.08,352.16,359.23,350.83,351.83,352.29,351.7,353.86,350.96,353.49,351.15,300,351.65,352.53,351.13,351.02,358.13,350,650,360.7,-0.8660254037844384,352.44,350.98
352.73,-0.47715876025960324,356.37,373.0,372.34,351.01,1050.0,351.05,352.44,354.92,350.83,351.63,351.91,351.9,352.74,351.0,353.6,351.14,300,351.7,352.13,351.14,351.08,358.48,350,650,363.65,-0.8788171126619682,352.98,350.99
352.24,-0.45399049973953587,358.51,373.0,372.34,350.97,1050.0,351.02,352.98,353.31,350.84,351.68,351.69,352.13,352.16,351.01,353.69,351.09,300,351.9,352.39,351.14,351.1,358.75,350,650,365.23,-0.8910065241883734,353.64,351.01
351.95,-0.43051109680829275,360.49,373.0,372.34,350.99,1050.0,350.99,353.64,352.58,350.84,351.88,351.54,352.36,351.85,350.99,353.77,351.05,300,352.13,352.91,351.15,351.06,358.95,350,650,366.05,-0.9025852843498617,354.38,351.04
352.14,-0.406736643075792,362.08,373.0,372.34,351.01,1050.0,350.96,354.38,352.16,350.84,352.1,351.57,352.6,351.65,350.97,353.82,351.01,300,352.36,353.56,351.15,351.03,359.11,350,650,366.51,-0.9135454576426045,355.17,351.06
352.58,-0.3826834323650895,363.22,373.0,372.34,351.03,1050.0,350.97,355.17,352.44,350.83,352.34,351.75,352.83,351.7,350.96,353.86,350.98,300,352.6,354.29,351.15,351.02,359.23,350,650,366.76,-0.9238795325112868,355.96,351.08
353.13,-0.3583679495452949,363.99,373.0,372.34,351.04,1050.0,350.99,355.96,352.98,350.83,352.03,351.96,353.04,351.9,350.94,352.74,350.99,300,352.83,353.05,351.14,351.0,354.92,350,650,366.91,-0.9335804264972039,356.7,351.1
353.81,-0.33380685923376036,364.51,373.0,372.34,351.02,1050.0,351.02,356.7,353.64,350.82,351.75,352.19,353.23,352.13,350.94,352.16,351.01,300,353.04,352.4,351.09,351.0,353.31,350,650,367.01,-0.9426414910921821,357.33,351.11
354.57,-0.30901699437494506,358.78,372.94,371.92,350.99,450.0,351.04,357.33,354.38,350.83,351.58,352.42,352.48,352.36,350.96,351.85,351.04,200,353.23,352.04,351.05,351.02,352.58,150,350,363.9,-0.9510565162951543,354.21,351.1
355.37,-0.28401534470391415,355.45,372.94,371.92,350.97,450.0,351.06,354.21,355.17,350.83,351.46,352.66,352.02,352.6,351.0,351.65,351.06,200,352.48,351.81,351.01,351.08,352.16,150,350,361.06,-0.9588197348681956,352.97,351.07
356.15,-0.25881904510252063,353.81,372.94,371.92,350.94,450.0,351.08,352.97,355.96,350.85,351.49,352.88,351.76,352.83,351.07,351.7,351.08,200,352.02,351.96,350.98,351.2,352.44,150,350,357.71,-0.9659258262890683,352.39,351.03
356.86,-0.23344536385589998,352.94,372.94,371.92,350.96,450.0,351.1,352.39,356.7,350.87,351.65,353.09,351.59,353.04,351.19,351.9,351.1,200,351.76,352.33,350.99,351.41,352.98,150,350,355.29,-0.9723699203976779,352.04,351.0
354.04,-0.20791169081774763,352.45,372.94,371.92,350.98,450.0,351.09,352.04,357.33,350.9,351.84,352.41,351.47,353.23,351.38,352.13,351.11,200,351.59,352.81,351.01,351.8,353.64,150,350,353.9,-0.9781476007338081,351.81,350.97
352.89,-0.18223552549214428,352.13,372.94,371.91,351.0,450.0,351.06,351.81,354.21,350.95,352.06,351.98,351.37,352.48,351.72,352.36,351.1,200,351.47,353.42,351.04,352.59,354.38,150,350,353.09,-0.9832549075639552,351.65,350.95
352.34,-0.15643446504022226,351.9,372.94,371.91,351.03,450.0,351.03,351.65,352.97,350.96,352.29,351.74,351.3,352.02,351.48,352.6,351.07,200,351.37,354.14,351.06,351.79,355.17,150,350,352.6,-0.9876883405951391,351.53,350.93
352.01,-0.13052619222005163,351.74,372.94,371.9,351.05,450.0,351.0,351.53,352.39,350.94,352.52,351.57,351.25,351.76,351.25,352.83,351.03,200,351.3,354.92,351.08,351.4,355.96,150,350,352.27,-0.9914448613738104,351.44,350.92
352.23,-0.10452846326764806,351.91,373.0,372.34,351.07,1050.0,350.96,351.44,352.04,350.91,352.76,351.61,351.25,351.59,351.13,353.04,351.0,300,351.25,355.72,351.1,351.23,356.7,350,650,352.84,-0.994521895368274,351.49,350.9
352.7,-0.07845909572783318,352.36,373.0,372.34,351.09,1050.0,350.98,351.49,351.81,350.89,352.98,351.8,351.34,351.47,351.06,353.23,350.97,300,351.25,356.47,351.11,351.13,357.33,350,650,354.19,-0.9969173337331289,351.68,350.91
353.28,-0.05233595624294076,353.04,373.0,372.34,351.11,1050.0,351.0,351.68,351.65,350.85,353.18,352.01,351.48,351.37,350.98,352.48,350.95,300,351.34,357.14,351.1,351.04,354.21,350,650,356.54,-0.998629534754574,351.95,350.93
353.99,-0.026176948307864604,354.13,373.0,372.34,351.12,1050.0,351.02,351.95,351.53,350.84,353.35,352.24,351.64,351.3,350.97,352.02,350.93,300,351.48,357.69,351.07,351.03,352.97,350,650,359.84,-0.9996573249755575,352.32,350.95
354.76,-1.8369701987210297e-16,353.09,372.94,371.92,351.13,450.0,351.05,352.32,351.44,350.83,353.49,352.48,351.57,351.25,350.98,351.76,350.92,200,351.64,358.13,351.03,351.06,352.39,150,350,355.78,-1.0,352.07,350.96
355.56,0.02617694830787933,352.49,372.94,371.92,351.14,450.0,351.07,352.07,351.49,350.84,353.6,352.71,351.46,351.25,351.04,351.59,350.9,200,351.57,358.48,351.0,351.15,352.04,150,350,354.04,-0.9996573249755571,351.82,350.95
356.33,0.05233595624295547,352.14,372.94,371.91,351.14,450.0,351.09,351.82,351.68,350.86,353.69,352.93,351.37,351.34,351.13,351.47,350.91,200,351.46,358.75,350.97,351.31,351.81,150,350,353.14,-0.9986295347545733,351.65,350.94
357.01,0.07845909572784786,351.91,372.94,371.91,351.15,450.0,351.1,351.65,351.95,350.89,353.77,353.14,351.3,351.48,351.3,351.37,350.93,200,351.37,358.95,350.95,351.62,351.65,150,350,352.61,-0.9969173337331277,351.53,350.93
357.59,0.10452846326766183,352.15,373.0,372.34,351.15,1050.0,351.12,351.53,352.32,350.93,353.82,353.31,351.31,351.64,351.57,351.3,350.95,300,351.3,359.11,350.93,352.22,351.53,350,650,353.53,-0.9945218953682725,351.6,350.91
358.05,0.13052619222005127,352.74,373.0,372.34,351.15,1050.0,351.13,351.6,352.07,350.98,353.86,353.46,351.42,351.57,352.04,351.25,350.96,300,351.31,359.23,350.92,353.5,351.44,350,650,355.48,-0.9914448613738105,351.84,350.92
358.42,0.1564344650402368,353.67,373.0,372.34,351.14,1050.0,351.13,351.84,351.82,350.99,352.74,353.58,351.57,351.46,351.6,351.25,350.95,300,351.42,354.92,350.9,351.97,351.49,350,650,358.55,-0.9876883405951368,352.17,350.94
358.7,0.18223552549215877,355.04,373.0,372.34,351.09,1050.0,351.14,352.17,351.65,350.96,352.16,353.68,351.75,351.37,351.3,351.34,350.94,300,351.57,353.31,350.91,351.46,351.68,350,650,361.83,-0.9832549075639525,352.59,350.97
354.72,0.20791169081776203,356.93,373.0,372.34,351.05,1050.0,351.13,352.59,351.53,350.93,351.85,352.66,351.96,351.3,351.16,351.48,350.93,300,351.75,352.58,350.93,351.26,351.95,350,650,364.18,-0.978147600733805,353.14,350.99
353.21,0.2334453638559143,359.05,373.0,372.34,351.01,1050.0,351.09,353.14,351.6,350.9,351.65,352.12,352.19,351.31,351.08,351.64,350.91,300,351.96,352.16,350.95,351.16,352.32,350,650,365.49,-0.9723699203976744,353.82,351.02
352.53,0.2588190451025203,360.94,373.0,372.34,350.98,1050.0,351.05,353.82,351.84,350.86,351.7,351.83,352.42,351.42,350.99,351.57,350.92,300,352.19,352.44,350.96,351.05,352.07,350,650,366.19,-0.9659258262890684,354.58,351.04
352.13,0.28401534470392825,362.4,373.0,372.34,350.99,1050.0,351.01,354.58,352.17,350.84,351.9,351.63,352.66,351.57,350.97,351.46,350.94,300,352.42,352.98,350.95,351.03,351.82,350,650,366.58,-0.9588197348681914,355.37,351.06
352.39,0.3090169943749582,363.44,373.0,372.34,351.01,1050.0,350.97,355.37,352.59,350.83,352.13,351.68,352.88,351.75,350.99,351.37,350.97,300,352.66,353.64,350.94,351.07,351.65,350,650,366.81,-0.9510565162951501,356.16,351.08
352.91,0.3338068592337734,364.14,373.0,372.34,351.04,1050.0,350.99,356.16,353.14,350.84,352.36,351.88,353.09,351.96,351.04,351.3,350.99,300,352.88,354.38,350.93,351.16,351.53,350,650,366.94,-0.9426414910921775,356.87,351.1
353.56,0.35836794954530865,364.61,373.0,372.34,351.06,1050.0,351.01,356.87,353.82,350.86,352.6,352.1,353.28,352.19,351.15,351.31,351.02,300,353.09,355.17,350.91,351.34,351.6,350,650,367.02,-0.9335804264971985,357.47,351.11
354.29,0.38268343236508917,364.93,373.0,372.34,351.08,1050.0,351.03,357.47,354.58,350.89,352.83,352.34,353.43,352.42,351.32,351.42,351.04,300,353.28,355.96,350.92,351.67,351.84,350,650,367.08,-0.923879532511287,357.96,351.12
353.05,0.4067366430758054,359.29,372.94,371.92,351.1,450.0,351.04,357.96,355.37,350.93,353.04,352.03,352.56,352.66,351.61,351.57,351.06,200,353.43,356.7,350.94,352.32,352.17,150,350,364.14,-0.9135454576425985,354.44,351.11
352.4,0.43051109680830607,355.76,372.94,371.92,351.11,450.0,351.02,354.44,356.16,350.99,353.23,351.75,352.07,352.88,352.11,351.75,351.08,200,352.56,357.33,350.97,353.73,352.59,150,350,361.5,-0.9025852843498554,353.08,351.08
352.04,0.4539904997395498,353.97,372.94,371.92,351.1,450.0,350.99,353.08,356.87,351.05,352.48,351.58,351.79,353.09,352.93,351.96,351.1,200,352.07,354.21,350.99,356.63,353.14,150,350,358.13,-0.8910065241883663,352.45,351.04
351.81,0.4771587602596162,353.04,372.94,371.92,351.07,450.0,350.97,352.45,357.47,351.13,352.02,351.46,351.61,353.28,354.21,352.19,351.11,200,351.79,352.97,351.02,360.56,353.82,150,350,355.56,-0.8788171126619612,352.08,351.01
351.96,0.5000000000000001,352.51,372.94,371.92,351.03,450.0,350.94,352.08,357.96,351.2,351.76,351.49,351.48,353.43,355.8,352.42,351.12,200,351.61,352.39,351.04,363.47,354.58,150,350,354.06,-0.8660254037844386,351.84,350.98
352.33,0.5224985647159536,352.16,372.94,371.92,351.0,450.0,350.96,351.84,354.44,351.26,351.59,351.65,351.39,352.56,357.39,352.66,351.11,200,351.48,352.04,351.06,365.01,355.37,150,350,353.18,-0.8526401643540893,351.67,350.96
352.81,0.5446390350150371,351.93,372.94,371.91,350.97,450.0,350.98,351.67,353.08,351.21,351.47,351.84,351.31,352.07,352.33,352.88,351.08,200,351.39,351.81,351.08,353.08,356.16,150,350,352.66,-0.8386705679454175,351.55,350.94
353.42,0.5664062369248347,351.76,372.94,371.9,350.95,450.0,351.0,351.55,352.45,351.1,351.37,352.06,351.25,351.79,351.58,353.09,351.04,200,351.31,351.65,351.1,351.81,356.87,150,350,352.31,-0.8241261886220144,351.45,350.92
354.14,0.5877852522924801,351.64,372.94,371.88,350.93,450.0,351.03,351.45,352.08,351.01,351.3,352.29,351.21,351.61,351.31,353.28,351.01,200,351.25,351.53,351.11,351.44,357.47,150,350,352.06,-0.8090169943749423,351.38,350.91
354.92,0.6087614290087199,351.54,372.93,371.84,350.92,450.0,351.05,351.38,351.84,350.95,351.25,352.52,351.17,351.48,351.17,353.43,350.98,200,351.21,351.44,351.12,351.26,357.96,150,350,351.88,-0.7933533402912357,351.32,350.9
355.72,0.6293203910498416,351.46,372.92,371.76,350.9,450.0,351.07,351.32,351.67,350.87,351.25,352.76,351.13,351.39,351.02,352.56,350.96,200,351.17,351.49,351.11,351.09,354.44,150,350,351.75,-0.7771459614569675,351.27,350.89
356.47,0.6494480483301927,351.39,372.91,371.62,350.91,450.0,351.09,351.27,351.55,350.85,351.34,352.98,351.11,351.31,350.99,352.07,350.94,200,351.13,351.68,351.08,351.06,353.08,150,350,351.64,-0.7604059656000233,351.23,350.88
357.14,0.6691306063588605,351.34,372.88,371.37,350.93,450.0,351.11,351.23,351.45,350.84,351.48,353.18,351.08,351.25,351.02,351.79,350.92,200,351.11,351.95,351.04,351.12,352.45,150,350,351.56,-0.7431448254773922,351.19,350.87
357.69,0.6883545756937601,351.3,372.83,370.96,350.95,450.0,351.12,351.19,351.38,350.85,351.64,353.35,351.06,351.21,351.1,351.61,350.91,200,351.08,352.32,351.01,351.25,352.08,150,350,351.49,-0.7253743710122817,351.16,350.87
358.13,0.7071067811865474,351.26,372.75,370.32,350.96,450.0,351.13,351.16,351.32,350.86,351.57,353.49,351.05,351.17,351.1,351.48,350.9,200,351.06,352.07,350.98,351.23,351.84,150,350,351.43,-0.7071067811865477,351.14,350.86
358.48,0.7253743710122919,351.23,372.62,369.38,350.95,450.0,351.14,351.14,351.27,350.86,351.46,353.6,351.03,351.13,351.05,351.39,350.89,200,351.05,351.82,350.96,351.14,351.67,150,350,351.38,-0.6883545756937495,351.12,350.86
358.75,0.7431448254774026,351.2,372.42,368.1,350.94,450.0,351.14,351.12,351.23,350.86,351.37,353.69,351.02,351.11,351.01,351.31,350.88,200,351.03,351.65,350.94,351.08,351.55,150,350,351.34,-0.6691306063588489,351.1,350.85
358.95,0.7604059656000328,351.18,372.13,366.52,350.93,450.0,351.15,351.1,351.19,350.85,351.3,353.77,351.01,351.08,350.99,351.25,350.87,200,351.02,351.53,350.92,351.05,351.45,150,350,351.31,-0.6494480483301814,351.08,350.85
359.11,0.7771459614569767,351.16,371.74,364.72,350.91,450.0,351.15,351.08,351.16,350.83,351.31,353.82,351.0,351.06,350.95,351.21,350.87,200,351.01,351.6,350.91,351.01,351.38,150,350,351.28,-0.6293203910498303,351.07,350.84
359.23,0.7933533402912349,351.14,371.22,362.88,350.92,450.0,351.15,351.07,351.14,350.83,351.42,353.86,350.99,351.05,350.95,351.17,350.86,200,351.0,351.84,350.9,351.01,351.32,150,350,351.25,-0.6087614290087209,351.05,350.84
354.92,0.809016994374951,351.14,372.68,369.71,350.94,1050.0,351.14,351.05,351.12,350.83,351.57,352.74,350.98,351.03,350.96,351.13,350.86,300,350.99,352.17,350.89,351.03,351.27,350,650,351.26,-0.5877852522924683,351.05,350.84
353.31,0.8241261886220221,351.19,372.93,371.73,350.97,1050.0,351.09,351.05,351.1,350.83,351.75,352.16,351.0,351.02,351.0,351.11,350.85,300,350.98,352.59,350.88,351.1,351.23,350,650,351.36,-0.5664062369248234,351.08,350.84
352.58,0.8386705679454255,355.02,373.07,373.05,350.99,1950.0,351.05,351.08,351.08,350.85,351.96,351.85,351.4,351.01,351.08,351.08,350.85,200,351.0,353.14,350.87,351.23,351.19,150,350,365.73,-0.5446390350150248,352.13,350.89
352.16,0.8526401643540965,353.64,373.07,373.05,351.02,1950.0,351.01,352.13,351.07,350.87,352.19,351.65,351.29,351.0,351.21,351.06,350.84,200,351.4,353.82,350.87,351.45,351.16,150,350,361.74,-0.5224985647159419,351.83,350.88
352.44,0.8660254037844384,352.8,373.07,373.05,351.04,1950.0,350.98,351.83,351.05,350.91,352.42,351.7,351.2,350.99,351.42,351.05,350.84,200,351.29,354.58,350.86,351.89,351.14,150,350,358.24,-0.5000000000000004,351.61,350.86
352.98,0.8788171126619677,352.29,373.07,373.05,351.06,1950.0,350.99,351.61,351.05,350.95,352.66,351.9,351.14,350.98,351.79,351.03,350.84,200,351.2,355.37,350.86,352.77,351.12,150,350,355.8,-0.4771587602596041,351.45,350.85
353.64,0.891006524188373,353.75,373.07,373.06,351.08,1950.0,351.01,351.45,351.08,351.01,352.88,352.13,351.29,351.0,352.41,351.02,350.84,300,351.14,356.16,350.85,354.74,351.1,350,650,362.23,-0.4539904997395367,351.84,350.88
354.38,0.9025852843498621,356.72,373.07,373.06,351.1,1950.0,351.04,351.84,352.13,351.08,353.09,352.36,351.5,351.4,353.43,351.01,350.89,300,351.29,356.87,350.85,358.33,351.08,350,650,368.43,-0.430511096808292,352.47,350.91
355.17,0.9135454576426045,361.58,373.07,373.06,351.11,1950.0,351.06,352.47,351.83,351.16,353.28,352.6,351.8,351.29,354.86,351.0,350.88,300,351.5,357.47,350.84,361.98,351.07,350,650,371.21,-0.40673664307579205,353.57,350.94
355.96,0.9238795325112868,366.26,373.07,373.06,351.12,1950.0,351.08,353.57,351.61,351.23,353.43,352.83,352.16,351.2,356.5,350.99,350.86,300,351.8,357.96,350.84,364.26,351.05,350,650,372.24,-0.38268343236508956,355.23,350.97
356.7,0.9335804264972037,369.18,373.07,373.06,351.11,1950.0,351.1,355.23,351.45,351.28,352.56,353.04,352.63,351.14,357.97,350.98,350.85,300,352.16,354.44,350.84,365.39,351.05,350,650,372.64,-0.35836794954529494,357.52,351.0
357.33,0.9426414910921824,370.65,373.07,373.06,351.08,1950.0,351.11,357.52,351.84,351.33,352.07,353.23,353.19,351.29,359.07,351.0,350.88,300,352.63,353.08,350.84,365.96,351.08,350,650,372.8,-0.3338068592337596,360.05,351.03
354.21,0.9510565162951543,371.41,373.07,373.06,351.04,1950.0,351.1,360.05,352.47,351.36,351.79,352.48,353.77,351.5,359.82,351.4,350.91,300,353.19,352.45,350.89,366.26,352.13,350,650,372.87,-0.3090169943749451,362.3,351.06
352.97,0.9588197348681955,371.84,373.07,373.06,351.01,1950.0,351.07,362.3,353.57,351.38,351.61,352.02,354.32,351.8,360.31,351.29,350.94,300,353.77,352.08,350.88,366.44,351.83,350,650,372.91,-0.2840153447039142,364.08,351.08
352.39,0.9659258262890681,369.8,373.07,373.05,350.98,1950.0,351.03,364.08,355.23,351.29,351.48,351.76,352.87,352.16,352.57,351.2,350.97,200,354.32,351.84,350.86,353.43,351.61,150,350,372.6,-0.25881904510252157,358.55,351.02
352.04,0.9723699203976779,366.13,373.07,373.05,350.96,1950.0,351.0,358.55,357.52,351.14,351.39,351.59,352.17,352.63,351.65,351.14,351.0,200,352.87,351.67,350.85,351.91,351.45,150,350,372.12,-0.23344536385590003,355.21,350.97
351.81,0.9781476007338081,361.37,373.07,373.05,350.94,1950.0,350.97,355.21,360.05,351.03,351.31,351.47,351.8,353.19,351.35,351.29,351.03,200,352.17,351.55,350.88,351.49,351.84,150,350,371.03,-0.20791169081774769,353.54,350.94
351.65,0.983254907563955,357.41,373.07,373.05,350.92,1950.0,350.95,353.54,362.3,350.96,351.25,351.37,351.55,353.77,351.19,351.5,351.06,200,351.8,351.45,350.91,351.29,352.47,150,350,368.98,-0.18223552549214522,352.62,350.91
351.53,0.9876883405951391,362.53,373.07,373.06,350.91,1950.0,350.93,352.62,364.08,350.88,351.21,351.3,351.86,354.32,351.03,351.8,351.08,300,351.55,351.38,350.94,351.1,353.57,350,650,371.48,-0.15643446504022232,353.83,350.95
351.44,0.9914448613738104,366.94,373.07,373.06,350.9,1950.0,350.92,353.83,358.55,350.85,351.17,351.25,352.24,352.87,351.0,352.16,351.02,300,351.86,351.32,350.97,351.07,355.23,350,650,372.35,-0.13052619222005168,355.61,350.98
351.49,0.994521895368274,369.53,373.07,373.06,350.89,1950.0,350.9,355.61,355.21,350.84,351.13,351.25,352.73,352.17,351.03,352.63,350.97,300,352.24,351.27,351.0,351.13,357.52,350,650,372.68,-0.10452846326764724,357.99,351.01
351.68,0.9969173337331289,370.83,373.07,373.06,350.88,1950.0,350.91,357.99,353.54,350.86,351.11,351.34,353.3,351.8,351.11,353.19,350.94,300,352.73,351.23,351.03,351.27,360.05,350,650,372.81,-0.07845909572783412,360.49,351.04
351.95,0.998629534754574,367.71,373.07,373.05,350.87,1950.0,350.93,360.49,352.62,350.88,351.08,351.48,352.37,351.55,351.25,353.77,350.91,200,353.3,351.19,351.06,351.54,362.3,150,350,372.35,-0.05233595624294082,356.19,350.99
352.32,0.9996573249755575,363.12,373.07,373.05,350.87,1950.0,350.95,356.19,353.83,350.92,351.06,351.64,351.92,351.86,351.5,354.32,350.95,200,352.37,351.16,351.08,352.05,364.08,150,350,371.52,-0.026176948307863778,354.04,350.95
352.07,1.0,358.7,373.07,373.05,350.86,1950.0,350.96,354.04,355.61,350.97,351.05,351.57,351.63,352.24,351.92,352.87,350.98,200,351.92,351.14,351.02,353.13,358.55,150,350,369.88,0.0,352.9,350.92
351.82,0.9996573249755571,355.71,373.07,373.05,350.86,1950.0,350.95,352.9,357.99,351.03,351.03,351.46,351.45,352.73,352.62,352.17,351.01,200,351.63,351.12,350.97,355.49,355.21,150,350,367.01,0.026176948307879103,352.27,350.9
351.65,0.9986295347545733,360.3,373.07,373.06,350.85,1950.0,350.94,352.27,360.49,351.04,351.02,351.37,351.72,353.3,351.76,351.8,351.04,300,351.45,351.1,350.94,352.21,353.54,350,650,370.75,0.05233595624295572,353.25,350.93
351.53,0.9969173337331277,365.24,373.07,373.06,350.85,1950.0,350.93,353.25,356.19,350.99,351.01,351.3,352.07,352.37,351.37,351.55,350.99,300,351.72,351.08,350.91,351.55,352.62,350,650,372.07,0.07845909572784791,354.76,350.96
351.6,0.9945218953682724,368.63,373.07,373.06,350.84,1950.0,350.91,354.76,354.04,350.95,351.0,351.31,352.51,351.92,351.2,351.86,350.95,300,352.07,351.07,350.95,351.31,353.83,350,650,372.57,0.10452846326766235,356.91,351.0
351.84,0.9914448613738104,370.38,373.07,373.06,350.84,1950.0,350.92,356.91,352.9,350.91,350.99,351.42,353.05,351.63,351.1,352.24,350.92,300,352.51,351.05,350.98,351.18,355.61,350,650,372.77,0.13052619222005157,359.43,351.03
352.17,0.9876883405951368,366.85,373.07,373.05,350.84,1950.0,350.94,359.43,352.27,350.88,350.98,351.57,352.25,351.45,351.04,352.73,350.9,200,353.05,351.05,351.01,351.11,357.99,150,350,372.23,0.15643446504023675,355.61,350.98
352.59,0.9832549075639524,362.13,373.07,373.05,350.84,1950.0,350.97,355.61,353.25,350.87,351.0,351.75,351.85,351.72,351.01,353.3,350.93,200,352.25,351.08,351.04,351.07,360.49,150,350,371.26,0.18223552549215916,353.74,350.95
353.14,0.978147600733805,357.95,373.07,373.05,350.89,1950.0,350.99,353.74,354.76,350.85,351.4,351.96,351.59,352.07,350.98,352.37,350.96,200,351.85,352.13,350.99,351.04,356.19,150,350,369.4,0.20791169081776223,352.74,350.92
353.82,0.9723699203976746,355.28,373.07,373.05,350.88,1950.0,351.02,352.74,356.91,350.84,351.29,352.19,351.42,352.51,350.97,351.92,351.0,200,351.59,351.83,350.95,351.02,354.04,150,350,366.25,0.23344536385591408,352.18,350.9
354.58,0.9659258262890683,359.62,373.07,373.06,350.86,1950.0,351.04,352.18,359.43,350.83,351.2,352.42,351.68,353.05,350.95,351.63,351.03,300,351.42,351.61,350.92,351.0,352.9,350,650,370.46,0.25881904510252074,353.09,350.93
355.37,0.9588197348681914,364.64,373.07,373.06,350.85,1950.0,351.06,353.09,355.61,350.83,351.14,352.66,352.02,352.25,350.94,351.45,350.98,300,351.68,351.45,350.9,351.0,352.27,350,650,371.96,0.2840153447039283,354.53,350.96
356.16,0.9510565162951499,368.29,373.07,373.06,350.88,1950.0,351.08,354.53,353.74,350.83,351.29,352.88,352.44,351.85,350.96,351.72,350.95,300,352.02,351.84,350.93,351.02,353.25,350,650,372.53,0.3090169943749588,356.59,350.99
356.87,0.9426414910921774,370.21,373.07,373.06,350.91,1950.0,351.1,356.59,352.74,350.83,351.5,353.09,352.97,351.59,350.99,352.07,350.92,300,352.44,352.47,350.96,351.08,354.76,350,650,372.75,0.33380685923377373,359.1,351.02
357.47,0.9335804264971985,366.55,373.07,373.05,350.94,1950.0,351.11,359.1,352.18,350.84,351.8,353.28,352.22,351.42,351.0,352.51,350.9,200,352.97,353.57,351.0,351.09,356.91,150,350,372.18,0.3583679495453086,355.43,350.98
357.96,0.9238795325112867,361.8,373.07,373.05,350.97,1950.0,351.12,355.43,353.09,350.84,352.16,353.43,351.83,351.68,350.99,353.05,350.93,200,352.22,355.23,351.03,351.06,359.43,150,350,371.17,0.3826834323650898,353.65,350.94
354.44,0.9135454576425985,357.71,373.07,373.05,351.0,1950.0,351.11,353.65,354.53,350.84,352.63,352.56,351.57,352.02,350.97,352.25,350.96,200,351.83,357.52,350.98,351.03,355.61,150,350,369.23,0.4067366430758056,352.69,350.92
353.08,0.9025852843498555,355.14,373.07,373.05,351.03,1950.0,351.08,352.69,356.59,350.83,353.19,352.07,351.41,352.44,350.96,351.85,350.99,200,351.57,360.05,350.95,351.01,353.74,150,350,365.99,0.43051109680830585,352.16,350.9
352.45,0.8910065241883666,359.4,373.07,373.06,351.06,1950.0,351.04,352.16,359.1,350.83,353.77,351.79,351.67,352.97,350.94,351.59,351.02,300,351.41,362.3,350.92,351.0,352.74,350,650,370.36,0.4539904997395494,353.04,350.93
352.08,0.878817112661961,364.45,373.07,373.06,351.08,1950.0,351.01,353.04,355.43,350.82,354.32,351.61,352.0,352.22,350.94,351.42,350.98,300,351.67,364.08,350.9,351.0,352.18,350,650,371.92,0.4771587602596163,354.45,350.96
351.84,0.8660254037844387,368.17,373.07,373.06,351.02,1950.0,350.98,354.45,353.65,350.83,352.87,351.48,352.42,351.83,350.96,351.68,350.94,300,352.0,358.55,350.93,351.02,353.09,350,650,372.51,0.49999999999999994,356.49,350.99
351.67,0.8526401643540892,370.15,373.07,373.06,350.97,1950.0,350.96,356.49,352.69,350.83,352.17,351.39,352.95,351.57,351.0,352.02,350.92,300,352.42,355.21,350.96,351.08,354.53,350,650,372.74,0.5224985647159539,358.99,351.02
351.55,0.8386705679454175,371.15,373.07,373.06,350.94,1950.0,350.94,358.99,352.16,350.85,351.8,351.31,353.52,351.41,351.07,352.44,350.9,300,352.95,353.54,350.99,351.2,356.59,350,650,372.84,0.5446390350150371,361.4,351.05
351.45,0.824126188622014,371.69,373.07,373.06,350.91,1950.0,350.92,361.4,353.04,350.87,351.55,351.25,354.09,351.67,351.18,352.97,350.93,300,353.52,352.62,351.02,351.41,359.1,350,650,372.9,0.5664062369248353,363.39,351.07
351.38,0.8090169943749421,372.01,373.07,373.06,350.95,1950.0,350.91,363.39,354.45,350.9,351.86,351.21,354.63,352.0,351.38,352.22,350.96,300,354.09,353.83,350.98,351.8,355.43,350,650,372.92,0.5877852522924804,364.91,351.09
351.32,0.7933533402912352,372.2,373.07,373.06,350.98,1950.0,350.9,364.91,356.49,350.95,352.24,351.17,355.1,352.42,351.72,351.83,350.99,300,354.63,355.61,350.94,352.58,353.65,350,650,372.94,0.6087614290087207,366.0,351.11
351.27,0.7771459614569671,370.59,373.07,373.05,351.01,1950.0,350.89,366.0,358.99,351.0,352.73,351.13,353.23,352.95,352.29,351.57,351.02,200,355.1,357.99,350.92,354.33,352.69,150,350,372.69,0.629320391049842,360.16,351.04
351.23,0.7604059656000233,367.56,373.07,373.05,351.04,1950.0,350.88,360.16,361.4,351.07,353.3,351.11,352.35,353.52,353.23,351.41,351.05,200,353.23,360.49,350.9,357.68,352.16,150,350,372.33,0.6494480483301927,356.08,350.99
351.19,0.7431448254773922,362.94,373.07,373.05,350.99,1950.0,350.87,356.08,363.39,351.15,352.37,351.08,351.91,354.09,354.61,351.67,351.07,200,352.35,356.19,350.93,361.48,353.04,150,350,371.48,0.6691306063588603,353.98,350.95
351.16,0.7253743710122815,358.56,373.07,373.05,350.95,1950.0,350.87,353.98,364.91,351.22,351.92,351.06,351.63,354.63,356.24,352.0,351.09,200,351.91,354.04,350.96,363.99,354.45,150,350,369.8,0.6883545756937604,352.87,350.92
351.14,0.7071067811865476,363.77,373.07,373.06,350.92,1950.0,350.86,352.87,366.0,351.18,351.63,351.05,351.95,355.1,352.24,352.42,351.11,300,351.63,352.9,350.99,352.94,356.49,350,650,371.78,0.7071067811865475,354.22,350.95
351.12,0.6883545756937497,367.76,373.07,373.06,350.9,1950.0,350.86,354.22,360.16,351.08,351.45,351.03,352.35,353.23,351.54,352.95,351.04,300,351.95,352.27,351.02,351.77,358.99,350,650,372.46,0.7253743710122917,356.16,350.99
351.1,0.6691306063588495,369.95,373.07,373.06,350.93,1950.0,350.85,356.16,356.08,351.0,351.72,351.02,352.87,352.35,351.29,353.52,350.99,300,352.35,353.25,351.05,351.42,361.4,350,650,372.72,0.7431448254774021,358.63,351.02
351.08,0.6494480483301814,371.04,373.07,373.06,350.96,1950.0,350.85,358.63,353.98,350.94,352.07,351.01,353.44,351.91,351.16,354.09,350.95,300,352.87,354.76,351.07,351.25,363.39,350,650,372.83,0.7604059656000328,361.08,351.05
351.07,0.6293203910498305,371.63,373.07,373.06,351.0,1950.0,350.84,361.08,352.87,350.91,352.51,351.0,354.01,351.63,351.08,354.63,350.92,300,353.44,356.91,351.09,351.15,364.91,350,650,372.89,0.7771459614569765,363.13,351.07
351.05,0.6087614290087207,371.97,373.07,373.06,351.03,1950.0,350.84,363.13,354.22,350.88,353.05,350.99,354.55,351.95,351.03,355.1,350.95,300,354.01,359.43,351.11,351.09,366.0,350,650,372.92,0.7933533402912352,364.71,351.09
351.05,0.5877852522924684,372.18,373.07,373.06,350.98,1950.0,350.84,364.71,356.16,350.86,352.25,350.98,355.04,352.35,351.0,353.23,350.99,300,354.55,355.61,351.04,351.06,360.16,350,650,372.94,0.8090169943749509,365.86,351.11
351.08,0.5664062369248232,372.31,373.07,373.06,350.95,1950.0,350.84,365.86,358.63,350.85,351.85,351.0,355.45,352.87,350.98,352.35,351.02,300,355.04,353.74,350.99,351.03,356.08,350,650,372.95,0.8241261886220224,366.68,351.12
352.13,0.5446390350150246,370.85,373.07,373.05,350.92,1950.0,350.89,366.68,361.08,350.84,351.59,351.4,353.4,353.44,350.97,351.91,351.05,200,355.45,352.74,350.95,351.02,353.98,150,350,372.71,0.8386705679454256,360.81,351.05
351.83,0.5224985647159414,368.04,373.07,373.05,350.9,1950.0,350.88,360.81,363.13,350.83,351.42,351.29,352.43,354.01,350.96,351.63,351.07,200,353.4,352.18,350.92,351.01,352.87,150,350,372.39,0.8526401643540968,356.46,350.99
351.61,0.5000000000000001,363.54,373.07,373.05,350.93,1950.0,350.86,356.46,364.71,350.83,351.68,351.2,351.95,354.55,350.95,351.95,351.09,200,352.43,353.09,350.95,351.0,354.22,150,350,371.62,0.8660254037844386,354.17,350.96
351.45,0.4771587602596033,359.03,373.07,373.05,350.96,1950.0,350.85,354.17,365.86,350.83,352.02,351.14,351.66,355.04,350.95,352.35,351.11,200,351.95,354.53,350.99,351.0,356.16,150,350,370.07,0.8788171126619682,352.97,350.93
351.84,0.45399049973953637,364.23,373.07,373.06,350.99,1950.0,350.88,352.97,366.68,350.83,352.44,351.29,351.99,355.45,350.94,352.87,351.12,300,351.66,356.59,351.02,350.99,358.63,350,650,371.88,0.8910065241883732,354.38,350.96
352.47,0.43051109680829247,368.05,373.07,373.06,351.02,1950.0,350.91,354.38,360.81,350.82,352.97,351.5,352.4,353.4,350.94,353.44,351.05,300,351.99,359.1,351.05,350.99,361.08,350,650,372.5,0.9025852843498618,356.38,350.99
353.57,0.40673664307579205,370.09,373.07,373.06,350.98,1950.0,350.94,356.38,356.46,350.82,352.22,351.8,352.92,352.43,350.94,354.01,350.99,300,352.4,355.43,351.07,350.99,363.13,350,650,372.74,0.9135454576426045,358.88,351.02
355.23,0.38268343236508984,371.11,373.07,373.06,350.94,1950.0,350.97,358.88,354.17,350.82,351.83,352.16,353.5,351.95,350.94,354.55,350.96,300,352.92,353.65,351.09,350.99,364.71,350,650,372.84,0.9238795325112867,361.3,351.05
357.52,0.3583679495452948,371.67,373.07,373.06,350.92,1950.0,351.0,361.3,352.97,350.82,351.57,352.63,354.07,351.66,350.94,355.04,350.93,300,353.5,352.69,351.11,350.99,365.86,350,650,372.89,0.9335804264972039,363.31,351.07
360.05,0.3338068592337598,372.0,373.07,373.06,350.9,1950.0,351.03,363.31,354.38,350.82,351.41,353.19,354.6,351.99,350.94,355.45,350.96,300,354.07,352.16,351.12,350.99,366.68,350,650,372.92,0.9426414910921823,364.84,351.09
362.3,0.30901699437494473,372.19,373.07,373.06,350.93,1950.0,351.06,364.84,356.38,350.82,351.67,353.77,355.08,352.4,350.94,353.4,350.99,300,354.6,353.04,351.05,350.99,360.81,350,650,372.94,0.9510565162951544,365.96,351.11
364.08,0.2840153447039142,372.32,373.07,373.06,350.96,1950.0,351.08,365.96,358.88,350.82,352.0,354.32,355.49,352.92,350.94,352.43,351.02,300,355.08,354.45,350.99,350.99,356.46,350,650,372.95,0.9588197348681955,366.75,351.12
358.55,0.25881904510252074,372.4,373.07,373.06,350.99,1950.0,351.02,366.75,361.3,350.82,352.42,352.87,355.83,353.5,350.93,351.95,351.05,300,355.49,356.49,350.96,350.98,354.17,350,650,372.96,0.9659258262890683,367.29,351.13
355.21,0.23344536385589965,372.45,373.07,373.06,351.02,1950.0,350.97,367.29,363.31,350.82,352.95,352.17,356.09,354.07,350.94,351.66,351.07,300,355.83,358.99,350.93,350.99,352.97,350,650,372.96,0.972369920397678,367.68,351.14
353.54,0.20791169081774774,372.48,373.07,373.06,351.05,1950.0,350.94,367.68,364.84,350.95,353.52,351.8,356.3,354.6,351.36,351.99,351.09,300,356.09,361.4,350.96,351.63,354.38,350,650,372.97,0.9781476007338081,367.95,351.14
352.62,0.1822355254921444,372.51,373.07,373.06,351.07,1950.0,350.91,367.95,365.96,350.93,354.09,351.55,356.46,355.08,351.29,352.4,351.11,300,356.3,363.39,350.99,351.52,356.38,350,650,372.97,0.9832549075639552,368.13,351.15
353.83,0.15643446504022215,371.36,373.07,373.05,351.09,1950.0,350.95,368.13,366.75,350.92,354.63,351.86,353.84,355.49,351.24,352.92,351.12,200,356.46,364.91,351.02,351.43,358.88,150,350,372.76,0.9876883405951391,362.46,351.07
355.61,0.1305261922200517,369.06,373.07,373.05,351.11,1950.0,350.98,362.46,367.29,350.91,355.1,352.24,352.64,355.83,351.19,353.5,351.13,200,353.84,366.0,351.05,351.36,361.3,150,350,372.52,0.9914448613738104,357.5,351.01
357.99,0.10452846326764771,364.96,373.07,373.05,351.04,1950.0,351.01,357.5,367.68,350.89,353.23,352.73,352.06,356.09,351.19,354.07,351.14,200,352.64,360.16,351.07,351.38,363.31,150,350,371.91,0.994521895368274,354.69,350.97
360.49,0.07845909572783305,360.25,373.07,373.05,350.99,1950.0,351.04,354.69,367.95,350.9,352.35,353.3,351.73,356.3,351.27,354.6,351.14,200,352.06,356.08,351.09,351.54,364.84,150,350,370.63,0.996917333733129,353.26,350.93
356.19,0.052335956242940865,365.33,373.07,373.06,350.95,1950.0,350.99,353.26,368.13,350.91,351.91,352.37,352.08,356.46,351.38,355.08,351.15,300,351.73,353.98,351.11,351.76,365.96,350,650,372.08,0.998629534754574,354.8,350.96
354.04,0.02617694830786426,368.68,373.07,373.06,350.92,1950.0,350.95,354.8,362.46,350.94,351.63,351.92,352.52,353.84,351.53,355.49,351.07,300,352.08,352.87,351.12,352.06,366.75,350,650,372.58,0.9996573249755575,356.96,351.0
352.9,6.123233995736766e-17,370.4,373.07,373.06,350.95,1950.0,350.92,356.96,357.5,350.96,351.95,351.63,353.06,352.64,351.7,355.83,351.01,300,352.52,354.22,351.13,352.46,367.29,350,650,372.77,1.0,359.49,351.03
352.27,-0.02617694830787923,371.28,373.07,373.06,350.99,1950.0,350.9,359.49,354.69,350.99,352.35,351.45,353.64,352.06,351.9,356.09,350.97,300,353.06,356.16,351.14,352.97,367.68,350,650,372.86,0.9996573249755571,361.83,351.06
353.25,-0.052335956242955596,368.61,373.07,373.05,351.02,1950.0,350.93,361.83,353.26,351.01,352.87,351.72,352.54,351.73,352.12,356.3,350.93,200,353.64,358.63,351.14,353.61,367.95,150,350,372.46,0.9986295347545733,356.99,351.0
354.76,-0.07845909572784798,364.3,373.07,373.05,351.05,1950.0,350.96,356.99,354.8,351.04,353.44,352.07,352.01,352.08,352.36,356.46,350.96,200,352.54,361.08,351.15,354.35,368.13,150,350,371.78,0.9969173337331277,354.43,350.96
356.91,-0.10452846326766217,359.66,373.07,373.05,351.07,1950.0,351.0,354.43,356.96,351.04,354.01,352.51,351.69,352.52,352.04,353.84,351.0,200,352.01,363.13,351.07,353.07,362.46,150,350,370.38,0.9945218953682724,353.12,350.93
359.43,-0.1305261922200516,356.29,373.07,373.05,351.09,1950.0,351.03,353.12,359.49,351.02,354.55,353.05,351.48,353.06,351.76,352.64,351.03,200,351.69,364.71,351.01,352.41,357.5,150,350,367.83,0.9914448613738104,352.39,350.91
355.61,-0.15643446504023673,361.13,373.07,373.06,351.11,1950.0,350.98,352.39,361.83,350.99,355.04,352.25,351.77,353.64,351.59,352.06,351.06,300,351.48,365.86,350.97,352.05,354.69,350,650,371.06,0.9876883405951368,353.46,350.94
353.74,-0.1822355254921591,365.91,373.07,373.06,351.12,1950.0,350.95,353.46,356.99,350.97,355.45,351.85,352.13,352.54,351.46,351.73,351.0,300,351.77,366.68,350.93,351.82,353.26,350,650,372.18,0.9832549075639524,355.06,350.97
352.74,-0.20791169081776217,369.0,373.07,373.06,351.05,1950.0,350.92,355.06,354.43,350.94,353.4,351.59,352.59,352.01,351.49,352.08,350.96,300,352.13,360.81,350.96,351.96,354.8,350,650,372.62,0.978147600733805,357.3,351.0
352.18,-0.2334453638559142,370.56,373.07,373.06,350.99,1950.0,350.9,357.3,353.12,350.96,352.43,351.42,353.14,351.69,351.65,352.52,350.93,300,352.59,356.46,351.0,352.34,356.96,350,650,372.79,0.9723699203976744,359.83,351.03
353.09,-0.25881904510252063,371.37,373.07,373.06,350.96,1950.0,350.93,359.83,352.39,350.98,351.95,351.68,353.72,351.48,351.84,353.06,350.91,300,353.14,354.17,351.03,352.82,359.49,350,650,372.87,0.9659258262890683,362.12,351.06
354.53,-0.28401534470392836,371.82,373.07,373.06,350.93,1950.0,350.96,362.12,353.46,351.0,351.66,352.02,354.28,351.77,352.06,353.64,350.94,300,353.72,352.97,351.06,353.43,361.83,350,650,372.91,0.9588197348681914,363.95,351.08
356.59,-0.30901699437495855,372.08,373.07,373.06,350.96,1950.0,350.99,363.95,355.06,351.01,351.99,352.44,354.79,352.13,351.86,352.54,350.97,300,354.28,354.38,351.0,352.67,356.99,350,650,372.93,0.95105651629515,365.31,351.1
359.1,-0.33380685923377373,372.25,373.07,373.06,350.99,1950.0,351.02,365.31,357.3,351.0,352.4,352.97,355.25,352.59,351.65,352.01,351.0,300,354.79,356.38,350.96,352.18,354.43,350,650,372.95,0.9426414910921774,366.29,351.11
355.43,-0.35836794954530854,372.35,373.07,373.06,351.02,1950.0,350.98,366.29,359.83,350.98,352.92,352.22,355.63,353.14,351.51,351.69,351.03,300,355.25,358.88,350.93,351.9,353.12,350,650,372.95,0.9335804264971985,366.98,351.12
353.65,-0.3826834323650895,372.42,373.07,373.06,351.05,1950.0,350.94,366.98,362.12,350.96,353.5,351.83,355.94,353.72,351.41,351.48,351.06,300,355.63,361.3,350.91,351.72,352.39,350,650,372.96,0.9238795325112868,367.46,351.13
352.69,-0.40673664307580554,372.46,373.07,373.06,351.07,1950.0,350.92,367.46,363.95,350.93,354.07,351.57,356.18,354.28,351.43,351.77,351.08,300,355.94,363.31,350.94,351.83,353.46,350,650,372.96,0.9135454576425985,367.79,351.14
352.16,-0.43051109680830574,372.49,373.07,373.06,351.09,1950.0,350.9,367.79,365.31,350.94,354.6,351.41,356.36,354.79,351.57,352.13,351.1,300,356.18,364.84,350.97,352.16,355.06,350,650,372.97,0.9025852843498555,368.02,351.15
353.04,-0.45399049973954947,372.52,373.07,373.06,351.11,1950.0,350.93,368.02,366.29,350.97,355.08,351.67,356.5,355.25,351.75,352.59,351.11,300,356.36,365.96,351.0,352.59,357.3,350,650,372.97,0.8910065241883665,368.19,351.15
354.45,-0.4771587602596163,372.53,373.07,373.06,351.12,1950.0,350.96,368.19,366.98,350.99,355.49,352.0,356.61,355.63,351.96,353.14,351.12,300,356.5,366.75,351.03,353.14,359.83,350,650,372.97,0.878817112661961,368.31,351.15
356.49,-0.4999999999999998,372.54,373.07,373.06,351.13,1950.0,350.99,368.31,367.46,351.0,355.83,352.42,356.68,355.94,351.8,353.72,351.13,300,356.61,367.29,351.06,352.53,362.12,350,650,372.97,0.8660254037844387,368.39,351.15
358.99,-0.5224985647159541,372.55,373.07,373.06,351.14,1950.0,351.02,368.39,367.79,350.99,356.09,352.95,356.74,356.18,351.61,354.28,351.14,300,356.68,367.68,351.08,352.1,363.95,350,650,372.97,0.8526401643540891,368.45,351.16
361.4,-0.5446390350150369,371.46,373.07,373.05,351.14,1950.0,351.05,368.45,368.02,350.97,356.3,353.52,353.96,356.36,351.48,354.79,351.15,200,356.74,367.95,351.1,351.85,365.31,150,350,372.77,0.8386705679454177,362.87,351.07
363.39,-0.5664062369248352,369.29,373.07,373.05,351.15,1950.0,351.07,362.87,368.19,350.95,356.46,354.09,352.7,356.5,351.38,355.25,351.15,200,353.96,368.13,351.11,351.68,366.29,150,350,372.54,0.824126188622014,357.79,351.01
364.91,-0.5877852522924802,365.3,373.07,373.05,351.07,1950.0,351.09,357.79,368.31,350.93,353.84,354.63,352.09,356.61,351.4,355.63,351.15,200,352.7,362.46,351.12,351.78,366.98,150,350,371.98,0.8090169943749422,354.83,350.97
366.0,-0.6087614290087207,360.56,373.07,373.05,351.01,1950.0,351.11,354.83,368.39,350.94,352.64,355.1,351.75,356.68,351.54,355.94,351.15,200,352.09,357.5,351.13,352.09,367.46,150,350,370.75,0.7933533402912352,353.33,350.94
360.16,-0.629320391049842,365.59,373.07,373.06,350.97,1950.0,351.04,353.33,368.45,350.96,352.06,353.23,352.1,356.74,351.71,356.18,351.16,300,351.75,354.69,351.14,352.5,367.79,350,650,372.13,0.7771459614569671,354.91,350.97
356.08,-0.6494480483301927,368.82,373.07,373.06,350.93,1950.0,350.99,354.91,362.87,350.99,351.73,352.35,352.55,353.96,351.91,356.36,351.07,300,352.1,353.26,351.15,353.02,368.02,350,650,372.59,0.7604059656000232,357.11,351.0
353.98,-0.6691306063588602,370.47,373.07,373.06,350.96,1950.0,350.95,357.11,357.79,350.99,352.08,351.91,353.09,352.7,351.77,356.5,351.01,300,352.55,354.8,351.15,352.47,368.19,350,650,372.78,0.7431448254773925,359.64,351.03
352.87,-0.6883545756937606,371.32,373.07,373.06,351.0,1950.0,350.92,359.64,354.83,350.98,352.52,351.63,353.67,352.09,351.59,356.61,350.97,300,353.09,356.96,351.15,352.07,368.31,350,650,372.86,0.7253743710122814,361.96,351.06
354.22,-0.7071067811865475,371.79,373.07,373.06,351.03,1950.0,350.95,361.96,353.33,350.97,353.06,351.95,354.23,351.75,351.47,356.68,350.94,300,353.67,359.49,351.15,351.82,368.39,350,650,372.9,0.7071067811865476,363.82,351.08
356.16,-0.7253743710122916,372.07,373.07,373.06,351.06,1950.0,350.99,363.82,354.91,350.95,353.64,352.35,354.75,352.1,351.37,356.74,350.97,300,354.23,361.83,351.16,351.66,368.45,350,650,372.93,0.6883545756937498,365.22,351.1
358.63,-0.7431448254774021,372.24,373.07,373.06,351.0,1950.0,351.02,365.22,357.11,350.93,352.54,352.87,355.21,352.55,351.39,353.96,351.0,300,354.75,356.99,351.07,351.76,362.87,350,650,372.94,0.6691306063588495,366.23,351.11
361.08,-0.7604059656000329,372.34,373.07,373.06,350.96,1950.0,351.05,366.23,359.64,350.94,352.01,353.44,355.6,353.09,351.53,352.7,351.03,300,355.21,354.43,351.01,352.06,357.79,350,650,372.95,0.6494480483301813,366.93,351.12
363.13,-0.7771459614569765,370.94,373.07,373.05,350.93,1950.0,351.07,366.93,361.96,350.96,351.69,354.01,353.46,353.67,351.7,352.09,351.06,200,355.6,353.12,350.97,352.46,354.83,150,350,372.72,0.6293203910498305,361.08,351.05
364.71,-0.793353340291235,368.22,373.07,373.05,350.91,1950.0,351.09,361.08,363.82,350.99,351.48,354.55,352.46,354.23,351.9,351.75,351.08,200,353.46,352.39,350.94,352.97,353.33,150,350,372.42,0.6087614290087209,356.62,351.0
365.86,-0.8090169943749508,363.78,373.07,373.05,350.94,1950.0,351.11,356.62,365.22,351.01,351.77,355.04,351.97,354.75,352.12,352.1,351.1,200,352.46,353.46,350.97,353.61,354.91,150,350,371.68,0.5877852522924686,354.25,350.96
366.68,-0.8241261886220225,359.23,373.07,373.05,350.97,1950.0,351.12,354.25,366.23,351.04,352.13,355.45,351.67,355.21,352.36,352.55,351.11,200,351.97,355.06,351.0,354.35,357.11,150,350,370.17,0.566406236924823,353.02,350.93
360.81,-0.8386705679454256,356.02,373.07,373.05,351.0,1950.0,351.05,353.02,366.93,351.06,352.59,353.4,351.47,355.6,352.59,353.09,351.12,200,351.67,357.3,351.03,355.14,359.64,150,350,367.48,0.5446390350150246,352.34,350.9
356.46,-0.8526401643540968,354.21,373.07,373.05,351.03,1950.0,350.99,352.34,361.08,351.08,353.14,352.43,351.34,353.46,352.82,353.67,351.05,200,351.47,359.83,351.06,355.94,361.96,150,350,363.66,0.5224985647159414,351.96,350.89
354.17,-0.8660254037844387,353.15,373.07,373.05,351.06,1950.0,350.96,351.96,356.62,351.08,353.72,351.95,351.24,352.46,352.29,354.23,351.0,200,351.34,362.12,351.08,353.7,363.82,150,350,359.81,0.49999999999999994,351.7,350.87
352.97,-0.8788171126619683,352.5,373.07,373.05,351.08,1950.0,350.93,351.7,354.25,351.05,354.28,351.66,351.17,351.97,351.91,354.75,350.96,200,351.24,363.95,351.1,352.73,365.22,150,350,356.83,0.4771587602596032,351.52,350.86
354.38,-0.8910065241883732,354.21,373.07,373.06,351.1,1950.0,350.96,351.52,353.02,351.02,354.79,351.99,351.33,351.67,351.69,355.21,350.93,300,351.17,365.31,351.11,352.24,366.23,350,650,363.76,0.4539904997395362,351.95,350.88
356.38,-0.9025852843498617,357.64,373.07,373.06,351.11,1950.0,350.99,351.95,352.34,350.99,355.25,352.4,351.56,351.47,351.54,355.6,350.9,300,351.33,366.29,351.12,351.95,366.93,350,650,369.27,0.4305110968082927,352.66,350.91
358.88,-0.9135454576426044,362.66,373.07,373.06,351.12,1950.0,351.02,352.66,351.96,350.96,355.63,352.92,351.87,351.34,351.57,353.46,350.89,300,351.56,366.98,351.05,352.14,361.08,350,650,371.51,0.4067366430757923,353.87,350.95
361.3,-0.9238795325112867,367.04,373.07,373.06,351.13,1950.0,351.05,353.87,351.7,350.97,355.94,353.5,352.25,351.24,351.75,352.46,350.87,300,351.87,367.46,351.0,352.58,356.62,350,650,372.36,0.3826834323650899,355.67,350.98
363.31,-0.933580426497204,362.12,373.07,373.05,351.14,1950.0,351.07,355.67,351.52,350.99,356.18,354.07,351.85,351.17,351.96,351.97,350.86,200,352.25,367.79,350.96,353.13,354.25,150,350,371.26,0.35836794954529444,353.74,350.95
364.84,-0.9426414910921823,357.94,373.07,373.05,351.15,1950.0,351.09,353.74,351.95,351.02,356.36,354.6,351.59,351.33,352.19,351.67,350.88,200,351.85,368.02,350.93,353.81,353.02,150,350,369.4,0.33380685923375986,352.74,350.92
365.96,-0.9510565162951545,355.27,373.07,373.05,351.15,1950.0,351.11,352.74,352.66,351.04,356.5,355.08,351.42,351.56,352.42,351.47,350.91,200,351.59,368.19,350.9,354.57,352.34,150,350,366.25,0.30901699437494456,352.18,350.9
366.75,-0.9588197348681956,353.79,373.07,373.05,351.15,1950.0,351.12,352.18,353.87,351.06,356.61,355.49,351.3,351.87,352.66,351.34,350.95,200,351.42,368.31,350.89,355.37,351.96,150,350,362.28,0.28401534470391404,351.86,350.88
367.29,-0.9659258262890682,356.86,373.07,373.06,351.15,1950.0,351.13,351.86,355.67,351.08,356.68,355.83,351.51,352.25,352.88,351.24,350.98,300,351.3,368.39,350.87,356.15,351.7,350,650,368.57,0.258819045102521,352.5,350.91
367.68,-0.9723699203976779,361.75,373.07,373.06,351.16,1950.0,351.14,352.5,353.74,351.1,356.74,356.09,351.81,351.85,353.09,351.17,350.95,300,351.51,368.45,350.86,356.86,351.52,350,650,371.26,0.2334453638558999,353.62,350.94
367.95,-0.978147600733808,366.39,373.07,373.06,351.07,1950.0,351.14,353.62,352.74,351.09,353.96,356.3,352.18,351.59,352.41,351.33,350.92,300,351.81,362.87,350.88,354.04,351.95,350,650,372.26,0.20791169081774802,355.3,350.97
368.13,-0.9832549075639551,369.25,373.07,373.06,351.01,1950.0,351.15,355.3,352.18,351.06,352.7,356.46,352.65,351.42,351.98,351.56,350.9,300,352.18,357.79,350.91,352.89,352.66,350,650,372.64,0.18223552549214467,357.61,351.0
362.46,-0.9876883405951392,370.69,373.07,373.06,350.97,1950.0,351.07,357.61,351.86,351.03,352.09,353.84,353.21,351.3,351.74,351.87,350.88,300,352.65,354.83,350.95,352.34,353.87,350,650,372.8,0.15643446504022177,360.13,351.04
357.5,-0.9914448613738104,371.43,373.07,373.06,350.94,1950.0,351.01,360.13,352.5,351.0,351.75,352.64,353.79,351.51,351.57,352.25,350.91,300,353.21,353.33,350.98,352.01,355.67,350,650,372.87,0.130526192220052,362.37,351.06
354.69,-0.994521895368274,371.86,373.07,373.06,350.97,1950.0,350.97,362.37,353.62,350.96,352.1,352.06,354.34,351.81,351.61,351.85,350.94,300,353.79,354.91,350.95,352.23,353.74,350,650,372.91,0.10452846326764756,364.14,351.08
353.26,-0.996917333733129,372.11,373.07,373.06,351.0,1950.0,350.93,364.14,355.3,350.98,352.55,351.73,354.85,352.18,351.8,351.59,350.97,300,354.34,357.11,350.92,352.7,352.74,350,650,372.93,0.0784590957278331,365.45,351.1
354.8,-0.998629534754574,372.26,373.07,373.06,351.03,1950.0,350.96,365.45,357.61,351.0,353.09,352.08,355.3,352.65,352.01,351.42,351.0,300,354.85,359.64,350.9,353.28,352.18,350,650,372.95,0.0523359562429407,366.39,351.11
356.96,-0.9996573249755575,372.36,373.07,373.06,351.06,1950.0,351.0,366.39,360.13,351.02,353.67,352.52,355.67,353.21,352.24,351.3,351.04,300,355.3,361.96,350.88,353.99,351.86,350,650,372.96,0.026176948307864545,367.05,351.13
359.49,-1.0,372.42,373.07,373.06,351.08,1950.0,351.03,367.05,362.37,351.05,354.23,353.06,355.97,353.79,352.48,351.51,351.06,300,355.67,363.82,350.91,354.76,352.5,350,650,372.96,1.2246467991473532e-16,367.5,351.13
361.83,-0.9996573249755571,372.47,373.07,373.06,351.1,1950.0,351.06,367.5,364.14,351.07,354.75,353.64,356.2,354.34,352.71,351.81,351.08,300,355.97,365.22,350.94,355.56,353.62,350,650,372.96,-0.02617694830787895,367.82,351.14
356.99,-0.9986295347545733,371.25,373.07,373.05,351.11,1950.0,351.0,367.82,365.45,351.09,355.21,352.54,353.73,354.85,352.93,352.18,351.1,200,356.2,366.23,350.97,356.33,355.3,150,350,372.75,-0.05233595624295598,362.07,351.06
354.43,-0.9969173337331277,368.85,373.07,373.05,351.12,1950.0,350.96,362.07,366.39,351.1,355.6,352.01,352.59,355.3,353.14,352.65,351.11,200,353.73,366.93,351.0,357.01,357.61,150,350,372.49,-0.07845909572784747,357.25,351.0
353.12,-0.9945218953682724,364.64,373.07,373.05,351.05,1950.0,350.93,357.25,367.05,351.12,353.46,351.69,352.03,355.67,353.31,353.21,351.13,200,352.59,361.08,351.04,357.59,360.13,150,350,371.85,-0.10452846326766232,354.56,350.96
352.39,-0.9914448613738104,359.96,373.07,373.05,351.0,1950.0,350.91,354.56,367.5,351.13,352.46,351.48,351.71,355.97,353.46,353.79,351.13,200,352.03,356.62,351.06,358.05,362.37,150,350,370.51,-0.13052619222005177,353.19,350.93
353.46,-0.9876883405951368,356.48,373.07,373.05,350.96,1950.0,350.94,353.19,367.82,351.13,351.97,351.77,351.5,356.2,353.58,354.34,351.14,200,351.71,354.25,351.08,358.42,364.14,150,350,368.06,-0.1564344650402369,352.43,350.91
355.06,-0.9832549075639525,354.46,373.07,373.05,350.93,1950.0,350.97,352.43,362.07,351.14,351.67,352.13,351.36,353.73,353.68,354.85,351.06,200,351.5,353.02,351.1,358.7,365.45,150,350,364.38,-0.18223552549215882,352.01,350.89
357.3,-0.978147600733805,353.31,373.07,373.05,350.9,1950.0,351.0,352.01,357.25,351.13,351.47,352.59,351.26,352.59,352.66,355.3,351.0,200,351.36,352.34,351.11,354.72,366.39,150,350,360.45,-0.20791169081776212,351.74,350.87
359.83,-0.9723699203976746,352.6,373.07,373.05,350.89,1950.0,351.03,351.74,354.56,351.09,351.34,353.14,351.18,352.03,352.12,355.67,350.96,200,351.26,351.96,351.13,353.21,367.05,150,350,357.28,-0.2334453638559139,351.55,350.86
362.12,-0.9659258262890683,352.17,373.07,373.05,350.87,1950.0,351.06,351.55,353.19,351.05,351.24,353.72,351.12,351.71,351.83,355.97,350.93,200,351.18,351.7,351.13,352.53,367.5,150,350,355.2,-0.2588190451025208,351.41,350.85
363.95,-0.9588197348681915,351.9,373.07,373.05,350.86,1950.0,351.08,351.41,352.43,351.01,351.17,354.28,351.07,351.5,351.63,356.2,350.91,200,351.12,351.52,351.14,352.13,367.82,150,350,353.93,-0.28401534470392786,351.31,350.84
365.31,-0.9510565162951499,351.69,373.07,373.05,350.88,1950.0,351.1,351.31,352.01,350.97,351.33,354.79,351.04,351.36,351.68,353.73,350.89,200,351.07,351.95,351.06,352.39,362.07,150,350,353.11,-0.3090169943749587,351.24,350.83
366.29,-0.9426414910921773,351.54,373.07,373.05,350.91,1950.0,351.11,351.24,351.74,350.99,351.56,355.25,351.0,351.26,351.88,352.59,350.87,200,351.04,352.66,351.0,352.91,357.25,150,350,352.55,-0.33380685923377384,351.17,350.82
366.98,-0.9335804264971985,351.42,373.07,373.05,350.95,1950.0,351.12,351.17,351.55,351.01,351.87,355.63,350.98,351.18,352.1,352.03,350.86,200,351.0,353.87,350.96,353.56,354.56,150,350,352.2,-0.3583679495453087,351.12,350.82
367.46,-0.9238795325112868,351.34,373.07,373.05,350.98,1950.0,351.13,351.12,351.41,351.03,352.25,355.94,350.96,351.12,352.34,351.71,350.85,200,350.98,355.67,350.93,354.29,353.19,150,350,351.95,-0.38268343236508967,351.08,350.81
367.79,-0.9135454576425985,351.27,373.07,373.05,350.95,1950.0,351.14,351.08,351.31,351.04,351.85,356.18,350.94,351.07,352.03,351.5,350.84,200,350.96,353.74,350.91,353.05,352.43,150,350,351.77,-0.4067366430758055,351.05,350.81
368.02,-0.9025852843498555,351.21,373.07,373.05,350.92,1950.0,351.15,351.05,351.24,351.02,351.59,356.36,350.92,351.04,351.75,351.36,350.83,200,350.94,352.74,350.89,352.4,352.01,150,350,351.62,-0.4305110968083057,351.02,350.8
368.19,-0.8910065241883666,351.16,373.07,373.05,350.9,1950.0,351.15,351.02,351.17,350.99,351.42,356.5,350.91,351.0,351.58,351.26,350.82,200,350.92,352.18,350.87,352.04,351.74,150,350,351.5,-0.4539904997395494,351.0,350.8
368.31,-0.8788171126619614,351.12,373.07,373.05,350.88,1950.0,351.15,351.0,351.12,350.97,351.3,356.61,350.9,350.98,351.46,351.18,350.82,200,350.91,351.86,350.86,351.81,351.55,150,350,351.41,-0.47715876025961584,350.98,350.8
368.39,-0.8660254037844388,351.08,373.07,373.05,350.91,1950.0,351.15,350.98,351.08,350.94,351.51,356.68,350.89,350.96,351.49,351.12,350.81,200,350.9,352.5,350.85,351.96,351.41,150,350,351.34,-0.4999999999999997,350.96,350.79
368.45,-0.8526401643540891,351.06,373.07,373.04,350.94,1950.0,351.16,350.96,351.05,350.96,351.81,356.74,350.88,350.94,351.65,351.07,350.81,200,350.89,353.62,350.84,352.33,351.31,150,350,351.28,-0.522498564715954,350.94,350.79
362.87,-0.8386705679454175,351.21,373.07,373.06,350.97,1950.0,351.07,350.94,351.02,350.98,352.18,353.96,350.92,350.92,351.84,351.04,350.8,300,350.88,355.3,350.83,352.81,351.24,350,650,351.64,-0.5446390350150372,351.02,350.8
357.79,-0.824126188622014,351.48,373.07,373.06,351.0,1950.0,351.01,351.02,351.0,351.0,352.65,352.7,350.99,350.91,352.06,351.0,350.8,300,350.92,357.61,350.82,353.42,351.17,350,650,352.4,-0.5664062369248352,351.15,350.82
354.83,-0.8090169943749423,355.24,354.72,353.6,351.04,75.0,350.97,351.15,350.98,351.03,353.21,352.09,354.39,350.9,352.29,350.98,350.8,450,350.99,360.13,350.82,354.14,351.12,150,600,355.19,-0.5877852522924802,355.0,351.53
353.33,-0.7933533402912352,354.84,354.67,353.59,351.06,75.0,350.94,355.0,350.96,351.05,353.79,351.75,354.0,350.89,352.52,350.96,350.79,450,354.39,362.37,350.81,354.92,351.08,150,600,354.86,-0.6087614290087207,354.56,351.51
354.91,-0.7771459614569671,354.51,354.65,353.58,351.08,75.0,350.97,354.56,350.94,351.07,354.34,352.1,353.7,350.88,352.76,350.94,350.79,450,354.0,364.14,350.81,355.72,351.05,150,600,354.59,-0.629320391049842,354.21,351.49
357.11,-0.7604059656000235,354.24,354.63,353.57,351.1,75.0,351.0,354.21,351.02,351.09,354.85,352.55,353.48,350.92,352.98,350.92,350.8,450,353.7,365.45,350.8,356.47,351.02,150,600,354.35,-0.6494480483301923,353.94,351.46
359.64,-0.7431448254773925,351.39,372.99,372.24,351.11,1400.0,351.03,353.94,351.15,351.11,355.3,353.09,351.18,350.99,353.18,350.91,350.82,250,353.48,366.39,350.8,357.14,351.0,350,600,351.54,-0.6691306063588602,351.27,350.98
361.96,-0.7253743710122814,351.45,373.03,372.61,351.13,1400.0,351.06,351.27,355.0,351.12,355.67,353.67,351.09,354.39,353.35,350.9,351.53,250,351.18,367.05,350.8,357.69,350.98,350,600,351.89,-0.6883545756937606,351.23,350.87
363.82,-0.7071067811865479,352.0,373.03,372.61,351.13,1400.0,351.08,351.23,354.56,351.13,355.97,354.23,351.2,354.0,353.49,350.89,351.51,250,351.09,367.5,350.79,358.13,350.96,350,600,353.42,-0.7071067811865471,351.47,350.87
365.22,-0.6883545756937498,353.46,373.03,372.61,351.14,1400.0,351.1,351.47,354.21,351.14,356.2,354.75,351.44,353.7,353.6,350.88,351.49,250,351.2,367.82,350.79,358.48,350.94,350,600,358.88,-0.7253743710122916,351.99,350.9
366.23,-0.6691306063588496,357.8,373.03,372.61,351.06,1400.0,351.11,351.99,353.94,351.14,353.73,355.21,351.86,353.48,353.69,350.92,351.46,250,351.44,362.07,350.8,358.75,351.02,350,600,366.13,-0.743144825477402,353.14,350.95
366.93,-0.6494480483301814,364.23,373.03,372.61,351.0,1400.0,351.12,353.14,351.27,351.15,352.59,355.6,352.6,351.18,353.77,350.99,350.98,250,351.86,357.25,350.82,358.95,351.15,350,600,368.34,-0.7604059656000328,355.79,351.02
361.08,-0.6293203910498302,367.31,373.03,372.61,350.96,1400.0,351.05,355.79,351.23,351.15,352.03,353.46,353.84,351.09,353.82,354.39,350.87,250,352.6,354.56,351.53,359.11,355.0,350,600,368.81,-0.7771459614569768,360.2,351.09
356.62,-0.6087614290087209,368.28,373.03,372.61,350.93,1400.0,351.0,360.2,351.47,351.15,351.71,352.46,355.55,351.2,353.86,354.0,350.87,250,353.84,353.19,351.51,359.23,354.56,350,600,368.92,-0.7933533402912349,363.91,351.17
354.25,-0.5877852522924683,359.74,360.09,354.68,350.91,75.0,350.96,363.91,351.99,351.14,351.5,351.97,359.51,351.44,352.74,353.7,350.9,450,355.55,352.43,351.49,354.92,354.21,150,600,359.11,-0.809016994374951,360.15,351.27
353.02,-0.5664062369248233,357.47,356.04,353.84,350.89,75.0,350.93,360.15,353.14,351.09,351.36,351.67,357.16,351.86,352.16,353.48,350.95,450,359.51,352.01,351.46,353.31,353.94,150,600,357.05,-0.8241261886220222,357.67,351.44
352.34,-0.5446390350150248,356.44,355.13,353.68,350.87,75.0,350.9,357.67,355.79,351.05,351.26,351.47,355.84,352.6,351.85,351.18,351.02,450,357.16,351.74,350.98,352.58,351.27,150,600,356.15,-0.8386705679454256,356.45,351.53
351.96,-0.5224985647159418,355.77,354.84,353.62,350.86,75.0,350.89,356.45,360.2,351.01,351.18,351.34,355.01,353.84,351.65,351.09,351.09,450,355.84,351.55,350.87,352.16,351.23,150,600,355.6,-0.8526401643540965,355.64,351.56
351.7,-0.5000000000000004,351.54,373.02,372.59,350.85,1400.0,350.87,355.64,363.91,350.98,351.12,351.24,351.24,355.55,351.7,351.2,351.17,250,355.01,351.41,350.87,352.44,351.47,350,600,351.83,-0.8660254037844384,351.36,351.0
351.52,-0.47715876025960324,351.97,373.03,372.61,350.84,1400.0,350.86,351.36,360.15,350.99,351.07,351.17,351.22,359.51,351.9,351.44,351.27,250,351.24,351.31,350.9,352.98,351.99,350,600,353.27,-0.8788171126619682,351.47,350.9
351.95,-0.45399049973953587,353.48,373.03,372.61,350.83,1400.0,350.88,351.47,357.67,351.01,351.04,351.33,351.45,357.16,352.13,351.86,351.44,250,351.22,351.24,350.95,353.64,353.14,350,600,358.93,-0.8910065241883734,351.99,350.91
352.66,-0.43051109680829275,357.91,373.03,372.61,350.82,1400.0,350.91,351.99,356.45,351.04,351.0,351.56,351.87,355.84,352.36,352.6,351.53,250,351.45,351.17,351.02,354.38,355.79,350,600,366.21,-0.9025852843498617,353.17,350.96
353.87,-0.406736643075792,358.79,360.09,354.68,350.82,75.0,350.95,353.17,355.64,351.06,350.98,351.87,353.67,355.01,352.6,353.84,351.56,450,351.87,351.12,351.09,355.17,360.2,150,600,358.94,-0.9135454576426045,356.59,351.0
355.67,-0.3826834323650895,356.75,356.04,353.84,350.81,75.0,350.98,356.59,351.36,351.08,350.96,352.25,354.17,351.24,352.83,355.55,351.0,450,353.67,351.08,351.17,355.96,363.91,150,600,356.84,-0.9238795325112868,355.76,351.1
353.74,-0.3583679495452949,355.77,355.13,353.68,350.81,75.0,350.95,355.76,351.47,351.1,350.94,351.85,354.05,351.22,353.04,359.51,350.9,450,354.17,351.05,351.27,356.7,360.15,150,600,355.89,-0.9335804264972039,355.11,351.19
352.74,-0.33380685923376036,355.16,354.84,353.62,350.8,75.0,350.92,355.11,351.99,351.11,350.92,351.59,353.83,351.45,353.23,357.16,350.91,450,354.05,351.02,351.44,357.33,357.67,150,600,355.31,-0.9426414910921821,354.64,351.27
352.18,-0.30901699437494506,351.4,373.02,372.51,350.8,1400.0,350.9,354.64,353.17,351.1,350.91,351.42,351.17,351.87,352.48,355.84,350.96,250,353.83,351.0,351.53,354.21,356.45,350,600,351.6,-0.9510565162951543,351.27,350.96
351.86,-0.28401534470391415,351.6,373.03,372.61,350.8,1400.0,350.88,351.27,356.59,351.07,350.9,351.3,351.12,353.67,352.02,355.01,351.0,250,351.17,350.98,351.56,352.97,355.64,350,600,352.24,-0.9588197348681956,351.3,350.88
352.5,-0.25881904510252063,352.37,373.03,372.61,350.79,1400.0,350.91,351.3,355.76,351.03,350.89,351.51,351.28,354.17,351.76,351.24,351.1,250,351.12,350.96,351.0,352.39,351.36,350,600,354.72,-0.9659258262890683,351.62,350.88
353.62,-0.23344536385589998,354.6,373.03,372.61,350.79,1400.0,350.94,351.62,355.11,351.0,350.88,351.81,351.57,354.05,351.59,351.22,351.19,250,351.28,350.94,350.9,352.04,351.47,350,600,362.1,-0.9723699203976779,352.31,350.92
355.3,-0.20791169081774763,357.43,360.09,354.68,350.8,75.0,350.97,352.31,354.64,350.97,350.92,352.18,352.72,353.83,351.47,351.45,351.27,450,351.57,351.02,350.91,351.81,351.99,150,600,358.59,-0.9781476007338081,354.6,350.96
357.61,-0.18223552549214428,356.01,356.04,353.84,350.82,75.0,351.0,354.6,351.27,350.95,350.99,352.65,353.34,351.17,351.37,351.87,350.96,450,352.72,351.15,350.96,351.65,353.17,150,600,356.55,-0.9832549075639552,354.7,351.04
360.13,-0.15643446504022226,355.25,355.13,353.68,351.53,75.0,351.04,354.7,351.3,350.93,354.39,353.21,353.46,351.12,351.3,353.67,350.88,450,353.34,355.0,351.0,351.53,356.59,150,600,355.62,-0.9876883405951391,354.43,351.13
362.37,-0.13052619222005163,354.76,354.84,353.62,351.51,75.0,351.06,354.43,351.62,350.92,354.0,353.79,353.4,351.28,351.25,354.17,350.88,450,353.46,354.56,351.1,351.44,355.76,150,600,355.06,-0.9914448613738104,354.16,351.2
364.14,-0.10452846326764806,351.36,373.01,372.42,351.49,1400.0,351.08,354.16,352.31,350.9,353.7,354.34,351.14,351.57,351.25,354.05,350.92,250,353.4,354.21,351.19,351.49,355.11,350,600,351.54,-0.994521895368274,351.24,350.95
365.45,-0.07845909572783318,351.5,373.03,372.61,351.46,1400.0,351.1,351.24,354.6,350.91,353.48,354.85,351.09,352.72,351.34,353.83,350.96,250,351.14,353.94,351.27,351.68,354.64,350,600,352.0,-0.9969173337331289,351.24,350.87
366.39,-0.05233595624294076,352.11,373.03,372.61,350.98,1400.0,351.11,351.24,354.7,350.93,351.18,355.3,351.22,353.34,351.48,351.17,351.04,250,351.09,351.27,350.96,351.95,351.27,350,600,353.79,-0.998629534754574,351.51,350.88
367.05,-0.026176948307864604,353.79,373.03,372.61,350.87,1400.0,351.13,351.51,354.43,350.95,351.09,355.67,351.48,353.46,351.64,351.12,351.13,250,351.22,351.23,350.88,352.32,351.3,350,600,359.96,-0.9996573249755575,352.09,350.91
367.5,-1.8369701987210297e-16,356.67,360.09,354.68,350.87,75.0,351.13,352.09,354.16,350.96,351.2,355.97,352.45,353.4,351.57,351.28,351.2,450,351.48,351.47,350.88,352.07,351.62,150,600,358.32,-1.0,353.97,350.94
367.82,0.02617694830787933,355.62,356.04,353.84,350.9,75.0,351.14,353.97,351.24,350.95,351.44,356.2,353.06,351.14,351.46,351.57,350.95,450,352.45,351.99,350.92,351.82,352.31,150,600,356.36,-0.9996573249755571,354.28,351.02
362.07,0.05233595624295547,354.99,355.13,353.68,350.95,75.0,351.06,354.28,351.24,350.94,351.86,353.73,353.24,351.09,351.37,352.72,350.87,450,353.06,353.14,350.96,351.65,354.6,150,600,355.47,-0.9986295347545733,354.15,351.1
357.25,0.07845909572784786,354.57,354.84,353.62,351.02,75.0,351.0,354.15,351.51,350.93,352.6,352.59,353.23,351.22,351.3,353.34,350.88,450,353.24,355.79,351.04,351.53,354.7,150,600,354.93,-0.9969173337331277,353.95,351.17
354.56,0.10452846326766183,351.34,373.0,372.37,351.09,1400.0,350.96,353.95,352.09,350.91,353.84,352.03,351.13,351.48,351.31,353.46,350.91,250,353.23,360.2,351.13,351.6,354.43,350,600,351.51,-0.9945218953682725,351.22,350.94
353.19,0.13052619222005127,351.46,373.03,372.61,351.17,1400.0,350.93,351.22,353.97,350.92,355.55,351.71,351.08,352.45,351.42,353.4,350.94,250,351.13,363.91,351.2,351.84,354.16,350,600,351.91,-0.9914448613738105,351.22,350.87
352.43,0.1564344650402368,352.01,373.03,372.61,351.27,1400.0,350.91,351.22,354.28,350.94,359.51,351.5,351.2,353.06,351.57,351.14,351.02,250,351.08,360.15,350.95,352.17,351.24,350,600,353.46,-0.9876883405951368,351.47,350.87
352.01,0.18223552549215877,353.49,373.03,372.61,351.44,1400.0,350.89,351.47,354.15,350.97,357.16,351.36,351.44,353.24,351.75,351.09,351.1,250,351.2,357.67,350.87,352.59,351.24,350,600,358.99,-0.9832549075639525,352.0,350.9
351.74,0.20791169081776203,357.88,373.03,372.61,351.53,1400.0,350.87,352.0,353.95,350.99,355.84,351.26,351.87,353.23,351.96,351.22,351.17,250,351.44,356.45,350.88,353.14,351.51,350,600,366.19,-0.978147600733805,353.16,350.96
351.55,0.2334453638559143,364.3,373.03,372.61,351.56,1400.0,350.86,353.16,351.22,351.02,355.01,351.18,352.61,351.13,352.19,351.48,350.94,250,351.87,355.64,350.91,353.82,352.09,350,600,368.35,-0.9723699203976744,355.84,351.02
351.41,0.2588190451025203,367.33,373.03,372.61,351.0,1400.0,350.85,355.84,351.22,351.04,351.24,351.12,353.86,351.08,352.42,352.45,350.87,250,352.61,351.36,350.94,354.58,353.97,350,600,368.81,-0.9659258262890684,360.26,351.09
351.31,0.28401534470392825,368.29,373.03,372.61,350.9,1400.0,350.84,360.26,351.47,351.06,351.22,351.07,355.57,351.2,352.66,353.06,350.87,250,353.86,351.47,351.02,355.37,354.28,350,600,368.92,-0.9588197348681914,363.94,351.17
351.24,0.3090169943749582,359.74,360.09,354.68,350.91,75.0,350.83,363.94,352.0,351.08,351.45,351.04,359.52,351.44,352.88,353.24,350.9,450,355.57,351.99,351.1,356.16,354.15,150,600,359.11,-0.9510565162951501,360.15,351.27
351.17,0.3338068592337734,357.47,356.04,353.84,350.96,75.0,350.82,360.15,353.16,351.1,351.87,351.0,357.17,351.87,353.09,353.23,350.96,450,359.52,353.17,351.17,356.87,353.95,150,600,357.05,-0.9426414910921775,357.67,351.44
351.12,0.35836794954530865,356.44,355.13,353.68,351.0,75.0,350.82,357.67,355.84,351.11,353.67,350.98,355.85,352.61,353.28,351.13,351.02,450,357.17,356.59,350.94,357.47,351.22,150,600,356.15,-0.9335804264971985,356.45,351.53
351.08,0.38268343236508917,355.77,354.84,353.62,351.1,75.0,350.81,356.45,360.26,351.12,354.17,350.96,355.01,353.86,353.43,351.08,351.09,450,355.85,355.76,350.87,357.96,351.22,150,600,355.6,-0.923879532511287,355.64,351.56
351.05,0.4067366430758054,351.54,373.02,372.59,351.19,1400.0,350.81,355.64,363.94,351.11,354.05,350.94,351.24,355.57,352.56,351.2,351.17,250,355.01,355.11,350.87,354.44,351.47,350,600,351.83,-0.9135454576425985,351.36,351.0
351.02,0.43051109680830607,351.97,373.03,372.61,351.27,1400.0,350.8,351.36,360.15,351.08,353.83,350.92,351.22,359.52,352.07,351.44,351.27,250,351.24,354.64,350.9,353.08,352.0,350,600,353.27,-0.9025852843498554,351.47,350.9
351.0,0.4539904997395498,353.48,373.03,372.61,350.96,1400.0,350.8,351.47,357.67,351.04,351.17,350.91,351.45,357.17,351.79,351.87,351.44,250,351.22,351.27,350.96,352.45,353.16,350,600,358.94,-0.8910065241883663,352.0,350.91
350.98,0.4771587602596162,357.92,373.03,372.61,350.88,1400.0,350.8,352.0,356.45,351.01,351.12,350.9,351.87,355.85,351.61,352.61,351.53,250,351.45,351.3,351.02,352.08,355.84,350,600,366.21,-0.8788171126619612,353.17,350.96
350.96,0.5000000000000001,364.33,373.03,372.61,350.88,1400.0,350.79,353.17,355.64,350.98,351.28,350.89,352.61,355.01,351.48,353.86,351.56,250,351.87,351.62,351.09,351.84,360.26,350,600,368.36,-0.8660254037844386,355.87,351.02
350.94,0.5224985647159536,367.34,373.03,372.61,350.92,1400.0,350.79,355.87,351.36,350.96,351.57,350.88,353.87,351.24,351.39,355.57,351.0,250,352.61,352.31,351.17,351.67,363.94,350,600,368.81,-0.8526401643540893,360.29,351.1
351.02,0.5446390350150371,368.29,373.03,372.61,350.96,1400.0,350.8,360.29,351.47,350.94,352.72,350.92,355.58,351.22,351.31,359.52,350.9,250,353.87,354.6,351.27,351.55,360.15,350,600,368.92,-0.8386705679454175,363.96,351.17
351.15,0.5664062369248347,368.62,373.03,372.61,351.04,1400.0,350.82,363.96,352.0,350.92,353.34,350.99,357.48,351.45,351.25,357.17,350.91,250,355.58,354.7,351.44,351.45,357.67,350,600,368.96,-0.8241261886220144,365.93,351.24
355.0,0.5877852522924801,359.76,360.09,354.68,351.13,75.0,351.53,365.93,353.17,350.91,353.46,354.39,360.08,351.87,351.21,355.85,350.96,450,357.48,354.43,351.53,351.38,356.45,150,600,359.11,-0.8090169943749423,360.25,351.36
354.56,0.6087614290087199,357.49,356.04,353.84,351.2,75.0,351.51,360.25,355.87,350.9,353.4,354.0,357.44,352.61,351.17,355.01,351.02,450,360.08,354.16,351.56,351.32,355.64,150,600,357.05,-0.7933533402912357,357.76,351.53
354.21,0.6293203910498416,356.47,355.13,353.68,350.95,75.0,351.49,357.76,360.29,350.89,351.14,353.7,356.03,353.87,351.13,351.24,351.1,450,357.44,351.24,351.0,351.27,351.36,150,600,356.16,-0.7771459614569675,356.54,351.61
353.94,0.6494480483301927,355.81,354.84,353.62,350.87,75.0,351.46,356.54,363.96,350.88,351.09,353.48,355.14,355.58,351.11,351.22,351.17,450,356.03,351.24,350.9,351.23,351.47,150,600,355.61,-0.7604059656000233,355.72,351.62
351.27,0.6691306063588605,351.56,373.02,372.59,350.88,1400.0,350.98,355.72,365.93,350.87,351.22,351.18,351.25,357.48,351.08,351.45,351.24,250,355.14,351.51,350.91,351.19,352.0,350,600,351.87,-0.7431448254773922,351.38,351.01
351.23,0.6883545756937601,352.04,373.03,372.61,350.91,1400.0,350.87,351.38,360.25,350.87,351.48,351.09,351.24,360.08,351.06,351.87,351.36,250,351.25,352.09,350.96,351.16,353.17,350,600,353.5,-0.7253743710122817,351.5,350.9
351.47,0.7071067811865474,353.71,373.03,372.61,350.94,1400.0,350.87,351.5,357.76,350.86,352.45,351.2,351.48,357.44,351.05,352.61,351.53,250,351.24,353.97,351.02,351.14,355.87,350,600,359.69,-0.7071067811865477,352.07,350.91
351.99,0.7253743710122919,358.52,373.03,372.61,351.02,1400.0,350.9,352.07,356.54,350.86,353.06,351.44,351.93,356.03,351.03,353.87,351.61,250,351.48,354.28,351.1,351.12,360.29,350,600,366.56,-0.6883545756937495,353.34,350.96
353.14,0.7431448254774026,364.76,373.03,372.61,351.1,1400.0,350.95,353.34,355.72,350.85,353.24,351.86,352.7,355.14,351.02,355.58,351.62,250,351.93,354.15,351.17,351.1,363.96,350,600,368.43,-0.6691306063588489,356.22,351.03
355.79,0.7604059656000328,367.47,373.03,372.61,351.17,1400.0,351.02,356.22,351.38,350.85,353.23,352.6,354.01,351.25,351.01,357.48,351.01,250,352.7,353.95,351.24,351.08,365.93,350,600,368.83,-0.6494480483301814,360.68,351.1
360.2,0.7771459614569767,368.34,373.03,372.61,350.94,1400.0,351.09,360.68,351.5,350.84,351.13,353.84,355.76,351.24,351.0,360.08,350.9,250,354.01,351.22,351.36,351.07,360.25,350,600,368.93,-0.6293203910498303,364.21,351.18
363.91,0.7933533402912349,368.64,373.03,372.61,350.87,1400.0,351.17,364.21,352.07,350.84,351.08,355.55,357.64,351.48,350.99,357.44,350.91,250,355.76,351.22,351.53,351.05,357.76,350,600,368.96,-0.6087614290087209,366.04,351.24
360.15,0.809016994374951,368.75,373.03,372.61,350.87,1400.0,351.27,366.04,353.34,350.84,351.2,359.51,359.17,351.93,350.98,356.03,350.96,250,357.64,351.47,351.61,351.05,356.54,350,600,368.97,-0.5877852522924683,366.9,351.3
357.67,0.8241261886220221,368.81,373.03,372.61,350.9,1400.0,351.44,366.9,356.22,350.84,351.44,357.16,360.26,352.7,351.0,355.14,351.03,250,359.17,352.0,351.62,351.08,355.72,350,600,368.98,-0.5664062369248234,367.34,351.34
356.45,0.8386705679454255,368.84,373.03,372.61,350.96,1400.0,351.53,367.34,360.68,350.89,351.87,355.84,361.0,354.01,351.4,351.25,351.1,250,360.26,353.16,351.01,352.13,351.38,350,600,368.98,-0.5446390350150248,367.58,351.37
355.64,0.8526401643540965,368.86,373.03,372.61,351.02,1400.0,351.56,367.58,364.21,350.88,352.61,355.01,361.48,355.76,351.29,351.24,351.18,250,361.0,355.84,350.9,351.83,351.5,350,600,368.99,-0.5224985647159419,367.72,351.39
351.36,0.8660254037844384,359.77,360.09,354.68,351.09,75.0,351.0,367.72,366.04,350.86,353.86,351.24,360.53,357.64,351.2,351.48,351.24,450,361.48,360.26,350.91,351.61,352.07,150,600,359.11,-0.5000000000000004,360.32,351.55
351.47,0.8788171126619677,357.51,356.04,353.84,351.17,75.0,350.9,360.32,366.9,350.85,355.57,351.22,357.73,359.17,351.14,351.93,351.3,450,360.53,363.94,350.96,351.45,353.34,150,600,357.06,-0.4771587602596041,357.84,351.71
351.99,0.891006524188373,356.5,355.13,353.68,351.27,75.0,350.91,357.84,367.34,350.88,359.52,351.45,356.25,360.26,351.29,352.7,351.34,450,357.73,360.15,351.03,351.84,356.22,150,600,356.17,-0.4539904997395367,356.63,351.75
353.17,0.9025852843498621,355.85,354.84,353.62,351.44,75.0,350.96,356.63,367.58,350.91,357.17,351.87,355.31,361.0,351.5,354.01,351.37,450,356.25,357.67,351.1,352.47,360.68,150,600,355.63,-0.430511096808292,355.82,351.72
356.59,0.9135454576426045,351.6,373.02,372.6,351.53,1400.0,351.0,355.82,367.72,350.94,355.85,353.67,351.27,361.48,351.8,355.76,351.39,250,355.31,356.45,351.18,353.57,364.21,350,600,351.93,-0.40673664307579205,351.4,351.02
355.76,0.9238795325112868,352.16,373.03,372.61,351.56,1400.0,351.1,351.4,360.32,350.97,355.01,354.17,351.26,360.53,352.16,357.64,351.55,250,351.27,355.64,351.24,355.23,366.04,350,600,353.89,-0.38268343236508956,351.55,350.9
355.11,0.9335804264972037,354.1,373.03,372.61,351.0,1400.0,351.19,351.55,357.84,351.0,351.24,354.05,351.52,357.73,352.63,359.17,351.71,250,351.26,351.36,351.3,357.52,366.9,350,600,360.84,-0.35836794954529494,352.18,350.92
354.64,0.9426414910921824,359.44,373.03,372.61,350.9,1400.0,351.27,352.18,356.63,351.03,351.22,353.83,352.01,356.25,353.19,360.26,351.75,250,351.52,351.47,351.34,360.05,367.34,350,600,367.01,-0.3338068592337596,353.61,350.97
351.27,0.9510565162951543,359.06,360.09,354.68,350.91,75.0,350.96,353.61,355.82,351.06,351.45,351.17,354.11,355.31,353.77,361.0,351.72,450,352.01,352.0,351.37,362.3,367.58,150,600,358.99,-0.3090169943749451,357.26,351.02
351.3,0.9588197348681955,356.91,356.04,353.84,350.96,75.0,350.88,357.26,351.4,351.08,351.87,351.12,354.48,351.27,354.32,361.48,351.02,450,354.11,353.17,351.39,364.08,367.72,150,600,356.89,-0.2840153447039142,356.09,351.12
351.62,0.9659258262890681,355.9,355.13,353.68,351.02,75.0,350.88,356.09,351.55,351.02,352.61,351.28,354.25,351.26,352.87,360.53,350.9,450,354.48,355.87,351.55,358.55,360.32,150,600,355.95,-0.25881904510252157,355.32,351.22
352.31,0.9723699203976779,355.27,354.84,353.62,351.1,75.0,350.92,355.32,352.18,350.97,353.87,351.57,353.97,351.52,352.17,357.73,350.92,450,354.25,360.29,351.71,355.21,357.84,150,600,355.37,-0.23344536385590003,354.78,351.29
354.6,0.9781476007338081,351.41,373.02,372.53,351.17,1400.0,350.96,354.78,353.61,350.94,355.58,352.72,351.17,352.01,351.8,356.25,350.97,250,353.97,363.96,351.75,353.54,356.63,350,600,351.62,-0.20791169081774769,351.28,350.96
354.7,0.983254907563955,351.63,373.03,372.61,351.24,1400.0,351.04,351.28,357.26,350.91,357.48,353.34,351.13,354.11,351.55,355.31,351.02,250,351.17,365.93,351.72,352.62,355.82,350,600,352.32,-0.18223552549214522,351.31,350.88
354.43,0.9876883405951391,352.46,373.03,372.61,351.36,1400.0,351.13,351.31,356.09,350.95,360.08,353.46,351.29,354.48,351.86,351.27,351.12,250,351.13,360.25,351.02,353.83,351.4,350,600,355.07,-0.15643446504022232,351.65,350.89
354.16,0.9914448613738104,354.89,373.03,372.61,351.53,1400.0,351.2,351.65,355.32,350.98,357.44,353.4,351.6,354.25,352.24,351.26,351.22,250,351.29,357.76,350.9,355.61,351.55,350,600,362.72,-0.13052619222005168,352.39,350.93
351.24,0.994521895368274,360.91,373.03,372.61,351.61,1400.0,350.95,352.39,354.78,351.01,356.03,351.14,352.15,353.97,352.73,351.52,351.29,250,351.6,356.54,350.92,357.99,352.18,350,600,367.54,-0.10452846326764724,354.11,350.98
351.24,0.9969173337331289,366.08,373.03,372.61,351.62,1400.0,350.87,354.11,351.28,351.04,355.14,351.09,353.09,351.17,353.3,352.01,350.96,250,352.15,355.72,350.97,360.49,353.61,350,600,368.64,-0.07845909572783412,357.71,351.05
351.51,0.998629534754574,367.88,373.03,372.61,351.01,1400.0,350.88,357.71,351.31,350.99,351.25,351.22,354.57,351.13,352.37,354.11,350.88,250,353.09,351.38,351.02,356.19,357.26,350,600,368.88,-0.05233595624294082,362.09,351.13
352.09,0.9996573249755575,368.48,373.03,372.61,350.9,1400.0,350.91,362.09,351.65,350.95,351.24,351.48,356.42,351.29,351.92,354.48,350.89,250,354.57,351.5,351.12,354.04,356.09,350,600,368.94,-0.026176948307863778,365.01,351.2
353.97,1.0,368.69,373.03,372.61,350.91,1400.0,350.94,365.01,352.39,350.92,351.48,352.45,358.22,351.6,351.63,354.25,350.93,250,356.42,352.07,351.22,352.9,355.32,350,600,368.97,0.0,366.41,351.26
354.28,0.9996573249755571,368.78,373.03,372.61,350.96,1400.0,351.02,366.41,354.11,350.9,351.93,353.06,359.59,352.15,351.45,353.97,350.98,250,358.22,353.34,351.29,352.27,354.78,350,600,368.98,0.026176948307879103,367.08,351.31
354.15,0.9986295347545733,368.82,373.03,372.61,351.03,1400.0,351.1,367.08,357.71,350.93,352.7,353.24,360.55,353.09,351.72,351.17,351.05,250,359.59,356.22,350.96,353.25,351.28,350,600,368.98,0.05233595624295572,367.44,351.35
353.95,0.9969173337331277,368.85,373.03,372.61,351.1,1400.0,351.17,367.44,362.09,350.96,354.01,353.23,361.19,354.57,352.07,351.13,351.13,250,360.55,360.68,350.88,354.76,351.31,350,600,368.98,0.07845909572784791,367.64,351.37
351.22,0.9945218953682724,368.86,373.03,372.61,351.18,1400.0,350.94,367.64,365.01,351.0,355.76,351.13,361.6,356.42,352.51,351.29,351.2,250,361.19,364.21,350.89,356.91,351.65,350,600,368.99,0.10452846326766235,367.76,351.39
351.22,0.9914448613738104,368.87,373.03,372.61,351.24,1400.0,350.87,367.76,366.41,351.03,357.64,351.08,361.87,358.22,353.05,351.6,351.26,250,361.6,366.04,350.93,359.43,352.39,350,600,368.99,0.13052619222005157,367.83,351.4
351.47,0.9876883405951368,368.88,373.03,372.61,351.3,1400.0,350.87,367.83,367.08,350.98,359.17,351.2,362.05,359.59,352.25,352.15,351.31,250,361.87,366.9,350.98,355.61,354.11,350,600,368.99,0.15643446504023675,367.88,351.41
352.0,0.9832549075639524,368.88,373.03,372.61,351.34,1400.0,350.9,367.88,367.44,350.95,360.26,351.44,362.16,360.55,351.85,353.09,351.35,250,362.05,367.34,351.05,353.74,357.71,350,600,368.99,0.18223552549215916,367.9,351.41
353.16,0.978147600733805,359.77,360.09,354.68,351.37,75.0,350.96,367.9,367.64,350.92,361.0,351.87,360.57,361.19,351.59,354.57,351.37,450,362.16,367.58,351.13,352.74,362.09,150,600,359.11,0.20791169081776223,360.33,351.59
355.84,0.9723699203976746,357.51,356.04,353.84,351.39,75.0,351.02,360.33,367.76,350.9,361.48,352.61,357.76,361.6,351.42,356.42,351.39,450,360.57,367.72,351.2,352.18,365.01,150,600,357.06,0.23344536385591408,357.85,351.75
360.26,0.9659258262890683,356.5,355.13,353.68,351.55,75.0,351.09,357.85,367.83,350.93,360.53,353.86,356.28,361.87,351.68,358.22,351.4,450,357.76,360.32,351.26,353.09,366.41,150,600,356.17,0.25881904510252074,356.64,351.77
363.94,0.9588197348681914,355.85,354.84,353.62,351.71,75.0,351.17,356.64,367.88,350.96,357.73,355.57,355.34,362.05,352.02,359.59,351.41,450,356.28,357.84,351.31,354.53,367.08,150,600,355.63,0.2840153447039283,355.83,351.74
360.15,0.9510565162951499,351.6,373.02,372.6,351.75,1400.0,351.27,355.83,367.9,350.99,356.25,359.52,351.28,362.16,352.44,360.55,351.41,250,355.34,356.63,351.35,356.59,367.44,350,600,351.94,0.3090169943749588,351.41,351.02
357.67,0.9426414910921774,352.18,373.03,372.61,351.72,1400.0,351.44,351.41,360.33,351.02,355.31,357.17,351.27,360.57,352.97,361.19,351.59,250,351.28,355.82,351.37,359.1,367.64,350,600,353.96,0.33380685923377373,351.56,350.9
356.45,0.9335804264971985,354.16,373.03,372.61,351.02,1400.0,351.53,351.56,357.85,350.98,351.27,355.85,351.53,357.76,352.22,361.6,351.75,250,351.27,351.4,351.39,355.43,367.76,350,600,361.02,0.3583679495453086,352.2,350.92
355.64,0.9238795325112867,359.59,373.03,372.61,350.9,1400.0,351.56,352.2,356.64,350.94,351.26,355.01,352.02,356.28,351.83,361.87,351.77,250,351.53,351.55,351.4,353.65,367.83,350,600,367.07,0.3826834323650898,353.66,350.97
351.36,0.9135454576425985,365.42,373.03,372.61,350.92,1400.0,351.0,353.66,355.83,350.92,351.52,351.24,352.87,355.34,351.57,362.05,351.74,250,352.02,352.18,351.41,352.69,367.88,350,600,368.54,0.4067366430758056,356.86,351.04
351.47,0.9025852843498555,367.68,373.03,372.61,350.97,1400.0,350.9,356.86,351.41,350.9,352.01,351.22,354.25,351.28,351.41,362.16,351.02,250,352.87,353.61,351.41,352.16,367.9,350,600,368.85,0.43051109680830585,361.33,351.11
352.0,0.8910065241883666,368.41,373.03,372.61,351.02,1400.0,350.91,361.33,351.56,350.93,354.11,351.45,356.05,351.27,351.67,360.57,350.9,250,354.25,357.26,351.59,353.04,360.33,350,600,368.94,0.4539904997395494,364.59,351.19
353.17,0.878817112661961,368.66,373.03,372.61,351.12,1400.0,350.96,364.59,352.2,350.96,354.48,351.87,357.9,351.53,352.0,357.76,350.92,250,356.05,356.09,351.75,354.45,357.85,350,600,368.96,0.4771587602596163,366.22,351.25
355.87,0.8660254037844387,359.76,360.09,354.68,351.22,75.0,351.02,366.22,353.66,350.99,354.25,352.61,360.16,352.02,352.42,356.28,350.97,450,357.9,355.32,351.77,356.49,356.64,150,600,359.11,0.49999999999999994,360.26,351.38
360.29,0.8526401643540892,357.5,356.04,353.84,351.29,75.0,351.1,360.26,356.86,351.02,353.97,353.87,357.48,352.87,352.95,355.34,351.04,450,360.16,354.78,351.74,358.99,355.83,150,600,357.05,0.5224985647159539,357.77,351.55
363.96,0.8386705679454175,356.47,355.13,353.68,350.96,75.0,351.17,357.77,361.33,351.05,351.17,355.58,356.06,354.25,353.52,351.28,351.11,450,357.48,351.28,351.02,361.4,351.41,150,600,356.16,0.5446390350150371,356.55,351.62
365.93,0.824126188622014,355.81,354.84,353.62,350.88,75.0,351.24,356.55,364.59,351.07,351.13,357.48,355.16,356.05,354.09,351.27,351.19,450,356.06,351.31,350.9,363.39,351.56,150,600,355.62,0.5664062369248353,355.73,351.63
360.25,0.8090169943749421,355.31,354.72,353.6,350.89,75.0,351.36,355.73,366.22,351.09,351.29,360.08,354.55,357.9,354.63,351.53,351.25,450,355.16,351.65,350.92,364.91,352.2,150,600,355.22,0.5877852522924804,355.13,351.61
357.76,0.7933533402912352,354.91,354.67,353.59,350.93,75.0,351.53,355.13,360.26,351.11,351.6,357.44,354.12,360.16,355.1,352.02,351.38,450,354.55,352.39,350.97,366.0,353.66,150,600,354.9,0.6087614290087207,354.67,351.57
356.54,0.7771459614569671,354.58,354.65,353.58,350.98,75.0,351.61,354.67,357.77,351.04,352.15,356.03,353.8,357.48,353.23,352.87,351.55,450,354.12,354.11,351.04,360.16,356.86,150,600,354.63,0.629320391049842,354.3,351.53
355.72,0.7604059656000233,354.3,354.63,353.57,351.05,75.0,351.62,354.3,356.55,350.99,353.09,355.14,353.55,356.06,352.35,354.25,351.62,450,353.8,357.71,351.11,356.08,361.33,150,600,354.39,0.6494480483301927,354.02,351.5
351.38,0.7431448254773922,351.4,372.99,372.29,351.13,1400.0,351.01,354.02,355.73,350.95,354.57,351.25,351.19,355.16,351.91,356.05,351.63,250,353.55,362.09,351.19,353.98,364.59,350,600,351.56,0.6691306063588603,351.28,350.98
351.5,0.7253743710122815,351.48,373.03,372.61,351.2,1400.0,350.9,351.28,355.13,350.92,356.42,351.24,351.1,354.55,351.63,357.9,351.61,250,351.19,365.01,351.25,352.87,366.22,350,600,351.94,0.6883545756937604,351.24,350.88
352.07,0.7071067811865476,352.05,373.03,372.61,351.26,1400.0,350.91,351.24,354.67,350.95,358.22,351.48,351.21,354.12,351.95,360.16,351.57,250,351.1,366.41,351.38,354.22,360.26,350,600,353.6,0.7071067811865475,351.49,350.87
353.34,0.6883545756937497,353.63,373.03,372.61,351.31,1400.0,350.96,351.49,354.3,350.99,359.59,351.93,351.46,353.8,352.35,357.48,351.53,250,351.21,367.08,351.55,356.16,357.77,350,600,359.43,0.7253743710122917,352.04,350.91
356.22,0.6691306063588495,356.48,360.09,354.68,351.35,75.0,351.03,352.04,354.02,351.02,360.55,352.7,352.39,353.55,352.87,356.06,351.5,450,351.46,367.44,351.62,358.63,356.55,150,600,358.23,0.7431448254774021,353.83,350.94
360.68,0.6494480483301814,355.52,356.04,353.84,351.37,75.0,351.1,353.83,351.28,351.05,361.19,354.01,353.0,351.19,353.44,355.16,350.98,450,352.39,367.64,351.63,361.08,355.73,150,600,356.3,0.7604059656000328,354.18,351.01
364.21,0.6293203910498305,354.93,355.13,353.68,351.39,75.0,351.18,354.18,351.24,351.07,361.6,355.76,353.19,351.1,354.01,354.55,350.88,450,353.0,367.76,351.61,363.13,355.13,150,600,355.42,0.7771459614569765,354.08,351.09
366.04,0.6087614290087207,354.52,354.84,353.62,351.4,75.0,351.24,354.08,351.49,351.09,361.87,357.64,353.19,351.21,354.55,354.12,350.87,450,353.19,367.83,351.57,364.71,354.67,150,600,354.89,0.7933533402912352,353.9,351.17
366.9,0.5877852522924684,351.34,373.0,372.35,351.41,1400.0,351.3,353.9,352.04,351.11,362.05,359.17,351.13,351.46,355.04,353.8,350.91,250,353.19,367.88,351.53,365.86,354.3,350,600,351.5,0.8090169943749509,351.22,350.94
367.34,0.5664062369248232,351.45,373.03,372.61,351.41,1400.0,351.34,351.22,353.83,351.12,362.16,360.26,351.08,352.39,355.45,353.55,350.94,250,351.13,367.9,351.5,366.68,354.02,350,600,351.89,0.8241261886220224,351.22,350.87
367.58,0.5446390350150246,351.98,373.03,372.61,351.59,1400.0,351.37,351.22,354.18,351.05,360.57,361.0,351.2,353.0,353.4,351.19,351.01,250,351.08,360.33,350.98,360.81,351.28,350,600,353.39,0.8386705679454256,351.46,350.87
367.72,0.5224985647159414,353.42,373.03,372.61,351.75,1400.0,351.39,351.46,354.08,350.99,357.76,361.48,351.43,353.19,352.43,351.1,351.09,250,351.2,357.85,350.88,356.46,351.24,350,600,358.76,0.8526401643540968,351.98,350.9
360.32,0.5000000000000001,357.7,373.03,372.61,351.77,1400.0,351.55,351.98,353.9,350.96,356.28,360.53,351.85,353.19,351.95,351.21,351.17,250,351.43,356.64,350.87,354.17,351.49,350,600,366.06,0.8660254037844386,353.11,350.95
357.84,0.4771587602596033,364.15,373.03,372.61,351.74,1400.0,351.71,353.11,351.22,350.93,355.34,357.73,352.58,351.13,351.66,351.46,350.94,250,351.85,355.83,350.91,352.97,352.04,350,600,368.32,0.8788171126619682,355.73,351.02
356.63,0.45399049973953637,367.28,373.03,372.61,351.02,1400.0,351.75,355.73,351.22,350.96,351.28,356.25,353.82,351.08,351.99,352.39,350.87,250,352.58,351.41,350.94,354.38,353.83,350,600,368.8,0.8910065241883732,360.13,351.09
355.82,0.43051109680829247,368.27,373.03,372.61,350.9,1400.0,351.72,360.13,351.46,350.99,351.27,355.31,355.52,351.2,352.4,353.0,350.87,250,353.82,351.56,351.01,356.38,354.18,350,600,368.92,0.9025852843498618,363.86,351.17
351.4,0.40673664307579205,368.61,373.03,372.61,350.92,1400.0,351.02,363.86,351.98,351.02,351.53,351.27,357.41,351.43,352.92,353.19,350.9,250,355.52,352.2,351.09,358.88,354.08,350,600,368.96,0.9135454576426045,365.88,351.24
351.55,0.38268343236508984,368.74,373.03,372.61,350.97,1400.0,350.9,365.88,353.11,351.05,352.02,351.26,359.0,351.85,353.5,353.19,350.95,250,357.41,353.66,351.17,361.3,353.9,350,600,368.97,0.9238795325112867,366.82,351.29
352.18,0.3583679495452948,368.81,373.03,372.61,351.04,1400.0,350.92,366.82,355.73,351.07,352.87,351.52,360.15,352.58,354.07,351.13,351.02,250,359.0,356.86,350.94,363.31,351.22,350,600,368.98,0.9335804264972039,367.3,351.33
353.61,0.3338068592337598,368.84,373.03,372.61,351.11,1400.0,350.97,367.3,360.13,351.09,354.25,352.01,360.92,353.82,354.6,351.08,351.09,250,360.15,361.33,350.87,364.84,351.22,350,600,368.98,0.9426414910921823,367.56,351.36
357.26,0.30901699437494473,359.77,360.09,354.68,351.19,75.0,351.02,367.56,363.86,351.11,356.05,354.11,360.49,355.52,355.08,351.2,351.17,450,360.92,364.59,350.87,365.96,351.46,150,600,359.11,0.9510565162951544,360.32,351.52
356.09,0.2840153447039142,357.51,356.04,353.84,351.25,75.0,351.12,360.32,365.88,351.12,357.9,354.48,357.7,357.41,355.49,351.43,351.24,450,360.49,366.22,350.9,366.75,351.98,150,600,357.05,0.9588197348681955,357.83,351.69
355.32,0.25881904510252074,356.49,355.13,353.68,351.38,75.0,351.22,357.83,366.82,351.13,360.16,354.25,356.23,359.0,355.83,351.85,351.29,450,357.7,360.26,350.95,367.29,353.11,150,600,356.16,0.9659258262890683,356.62,351.73
354.78,0.23344536385589965,355.84,354.84,353.62,351.55,75.0,351.29,356.62,367.3,351.14,357.48,353.97,355.29,360.15,356.09,352.58,351.33,450,356.23,357.77,351.02,367.68,355.73,150,600,355.63,0.972369920397678,355.81,351.71
351.28,0.20791169081774774,355.35,354.72,353.6,351.62,75.0,350.96,355.81,367.56,351.14,356.06,351.17,354.65,360.92,356.3,353.82,351.36,450,355.29,356.55,351.09,367.95,360.13,150,600,355.24,0.9781476007338081,355.2,351.66
351.31,0.1822355254921444,354.95,354.67,353.59,351.63,75.0,350.88,355.2,360.32,351.15,355.16,351.13,354.2,360.49,356.46,355.52,351.52,450,354.65,355.73,351.17,368.13,363.86,150,600,354.92,0.9832549075639552,354.73,351.61
351.65,0.15643446504022215,354.61,354.65,353.58,351.61,75.0,350.89,354.73,357.83,351.07,354.55,351.29,353.86,357.7,353.84,357.41,351.69,450,354.2,355.13,351.24,362.46,365.88,150,600,354.65,0.9876883405951391,354.35,351.56
352.39,0.1305261922200517,354.33,354.63,353.57,351.57,75.0,350.93,354.35,356.62,351.01,354.12,351.6,353.6,356.23,352.64,359.0,351.73,450,353.86,354.67,351.29,357.5,366.82,150,600,354.42,0.9914448613738104,354.06,351.52
354.11,0.10452846326764771,354.1,354.62,353.57,351.53,75.0,350.98,354.06,355.81,350.97,353.8,352.15,353.39,355.29,352.06,360.15,351.71,450,353.6,354.3,351.33,354.69,367.3,150,600,354.21,0.994521895368274,353.82,351.48
357.71,0.07845909572783305,353.9,354.61,353.56,351.5,75.0,351.05,353.82,355.2,350.93,353.55,353.09,353.22,354.65,351.73,360.92,351.66,450,353.39,354.02,351.36,353.26,367.56,150,600,354.03,0.996917333733129,353.62,351.44
362.09,0.052335956242940865,353.73,354.61,353.56,350.98,75.0,351.13,353.62,354.73,350.96,351.19,354.57,353.08,354.2,352.08,360.49,351.61,450,353.22,351.28,351.52,354.8,360.32,150,600,353.88,0.998629534754574,353.46,351.41
365.01,0.02617694830786426,353.58,354.6,353.56,350.88,75.0,351.2,353.46,354.35,351.0,351.1,356.42,352.97,353.86,352.52,357.7,351.56,450,353.08,351.24,351.69,356.96,357.83,150,600,353.74,0.9996573249755575,353.32,351.39
366.41,6.123233995736766e-17,353.46,354.59,353.55,350.87,75.0,351.26,353.32,354.06,351.03,351.21,358.22,352.87,353.6,353.06,356.23,351.52,450,352.97,351.49,351.73,359.49,356.62,150,600,353.62,1.0,353.21,351.37
367.08,-0.02617694830787923,353.35,354.59,353.55,350.91,75.0,351.31,353.21,353.82,351.06,351.46,359.59,352.79,353.39,353.64,355.29,351.48,450,352.87,352.04,351.71,361.83,355.81,150,600,353.51,0.9996573249755571,353.11,351.35
367.44,-0.052335956242955596,353.26,354.58,353.55,350.94,75.0,351.35,353.11,353.62,351.0,352.39,360.55,352.72,353.22,352.54,354.65,351.44,450,352.79,353.83,351.66,356.99,355.2,150,600,353.42,0.9986295347545733,353.03,351.33
367.64,-0.07845909572784798,353.18,354.58,353.54,351.01,75.0,351.37,353.03,353.46,350.96,353.0,361.19,352.66,353.08,352.01,354.2,351.41,450,352.72,354.18,351.61,354.43,354.73,150,600,353.35,0.9969173337331277,352.95,351.32
367.76,-0.10452846326766217,353.11,354.57,353.54,351.09,75.0,351.39,352.95,353.32,350.93,353.19,361.6,352.61,352.97,351.69,353.86,351.39,450,352.66,354.08,351.56,353.12,354.35,150,600,353.28,0.9945218953682724,352.89,351.3
367.83,-0.1305261922200516,353.05,354.57,353.54,351.17,75.0,351.4,352.89,353.21,350.91,353.19,361.87,352.56,352.87,351.48,353.6,351.37,450,352.61,353.9,351.52,352.39,354.06,150,600,353.22,0.9914448613738104,352.84,351.29
367.88,-0.15643446504023673,353.0,354.57,353.54,350.94,75.0,351.41,352.84,353.11,350.94,351.13,362.05,352.52,352.79,351.77,353.39,351.35,450,352.56,351.22,351.48,353.46,353.82,150,600,353.16,0.9876883405951368,352.79,351.28
367.9,-0.1822355254921591,352.96,354.56,353.54,350.87,75.0,351.41,352.79,353.03,350.97,351.08,362.16,352.48,352.72,352.13,353.22,351.33,450,352.52,351.22,351.44,355.06,353.62,150,600,353.12,0.9832549075639524,352.75,351.27
360.33,-0.20791169081776217,351.28,372.49,368.42,350.87,1400.0,351.59,352.75,352.95,351.0,351.2,360.57,351.11,352.66,352.59,353.08,351.32,250,352.48,351.46,351.41,357.3,353.46,350,600,351.39,0.978147600733805,351.19,350.94
357.85,-0.2334453638559142,351.21,373.01,372.49,350.9,1400.0,351.75,351.19,352.89,351.03,351.43,357.76,351.01,352.61,353.14,352.97,351.3,250,351.11,351.98,351.39,359.83,353.32,350,600,351.41,0.9723699203976744,351.09,350.86
356.64,-0.25881904510252063,368.42,373.03,372.65,350.95,780.0,351.77,351.09,352.84,351.06,351.85,356.28,355.34,352.56,353.72,352.87,351.29,90,351.01,353.11,351.37,362.12,353.21,260,350,369.04,0.9659258262890683,363.93,351.07
355.83,-0.28401534470392836,369.02,373.03,372.65,351.02,780.0,351.74,363.93,352.79,351.08,352.58,355.34,363.03,352.52,354.28,352.79,351.28,90,355.34,355.73,351.35,363.95,353.11,260,350,369.1,0.9588197348681914,368.25,351.29
351.41,-0.30901699437495855,369.08,373.03,372.65,351.09,780.0,351.02,368.25,352.75,351.1,353.82,351.28,366.83,352.48,354.79,352.72,351.27,90,363.03,360.13,351.33,365.31,353.03,260,350,369.1,0.95105651629515,368.86,351.56
351.56,-0.33380685923377373,369.09,373.03,372.65,351.17,780.0,350.9,368.86,351.19,351.11,355.52,351.27,367.86,351.11,355.25,352.66,350.94,90,366.83,363.86,351.32,366.29,352.95,260,350,369.1,0.9426414910921774,368.98,351.81
352.2,-0.35836794954530854,363.41,372.91,371.73,351.24,780.0,350.92,368.98,351.09,351.12,357.41,351.53,354.47,351.01,355.63,352.61,350.86,390,367.86,365.88,351.3,366.98,352.89,260,650,364.8,0.9335804264971985,358.87,351.45
353.66,-0.3826834323650895,356.28,372.91,371.73,351.29,780.0,350.97,358.87,363.93,351.13,359.0,352.02,352.28,355.34,355.94,352.56,351.07,390,354.47,366.82,351.29,367.46,352.84,260,650,361.57,0.9238795325112868,353.41,351.18
356.86,-0.40673664307580554,352.96,372.91,371.73,351.33,780.0,351.04,353.41,368.25,351.14,360.15,352.87,351.65,363.03,356.18,352.52,351.29,390,352.28,367.3,351.28,367.79,352.79,260,650,355.06,0.9135454576425985,352.1,351.04
361.33,-0.43051109680830574,352.02,372.91,371.72,351.36,780.0,351.11,352.1,368.86,351.15,360.92,354.25,351.37,366.83,356.36,352.48,351.56,390,351.65,367.56,351.27,368.02,352.75,260,650,352.76,0.9025852843498555,351.63,350.97
364.59,-0.45399049973954947,351.62,372.9,371.64,351.52,780.0,351.19,351.63,368.98,351.15,360.49,356.05,351.22,367.86,356.5,351.11,351.81,390,351.37,360.32,350.94,368.19,351.19,260,650,352.0,0.8910065241883665,351.39,350.92
366.22,-0.4771587602596163,351.41,372.85,371.19,351.69,780.0,351.25,351.39,358.87,351.15,357.7,357.9,351.13,354.47,356.61,351.01,351.45,390,351.22,357.83,350.86,368.31,351.09,260,650,351.65,0.878817112661961,351.25,350.89
360.26,-0.4999999999999998,351.28,372.6,369.3,351.73,780.0,351.38,351.25,353.41,351.15,356.23,360.16,351.07,352.28,356.68,355.34,351.18,390,351.13,356.62,351.07,368.39,363.93,260,650,351.45,0.8660254037844387,351.16,350.87
357.77,-0.5224985647159541,351.2,371.73,364.75,351.71,780.0,351.55,351.16,352.1,351.16,355.29,357.48,351.02,351.65,356.74,363.03,351.04,390,351.07,355.81,351.29,368.45,368.25,260,650,351.33,0.8526401643540891,351.1,350.86
356.55,-0.5446390350150369,351.21,373.02,372.53,351.66,780.0,351.62,351.1,351.63,351.07,354.65,356.06,351.01,351.37,353.96,366.83,350.97,90,351.02,355.2,351.56,362.87,368.86,260,350,351.4,0.8386705679454177,351.1,350.85
355.73,-0.5664062369248352,351.57,373.03,372.65,351.61,780.0,351.63,351.1,351.39,351.01,354.2,355.16,351.1,351.22,352.7,367.86,350.92,90,351.01,354.73,351.81,357.79,368.98,260,350,352.22,0.824126188622014,351.27,350.85
355.13,-0.5877852522924802,353.25,373.03,372.65,351.56,780.0,351.61,351.27,351.25,350.97,353.86,354.55,351.39,351.13,352.09,354.47,350.89,90,351.1,354.35,351.45,354.83,358.87,260,350,358.52,0.8090169943749422,351.89,350.88
354.67,-0.6087614290087207,363.37,373.03,372.65,351.52,780.0,351.57,351.89,351.16,350.94,353.6,354.12,352.34,351.07,351.75,352.28,350.87,90,351.39,354.06,351.18,353.33,353.41,260,350,368.31,0.7933533402912352,355.03,350.95
354.3,-0.629320391049842,353.5,372.91,371.73,351.48,780.0,351.53,355.03,351.1,350.97,353.39,353.8,351.71,351.02,352.1,351.65,350.86,390,352.34,353.82,351.04,354.91,352.1,260,650,356.56,0.7771459614569671,352.29,351.0
354.02,-0.6494480483301927,352.14,372.91,371.72,351.44,780.0,351.5,352.29,351.1,351.0,353.22,353.55,351.4,351.01,352.55,351.37,350.85,390,351.71,353.62,350.97,357.11,351.63,260,650,353.04,0.7604059656000232,351.68,350.96
351.28,-0.6691306063588602,351.67,372.91,371.67,351.41,780.0,350.98,351.68,351.27,351.03,353.08,351.19,351.24,351.1,353.09,351.22,350.85,390,351.4,353.46,350.92,359.64,351.39,260,650,352.09,0.7431448254773925,351.42,350.93
351.24,-0.6883545756937606,351.44,372.87,371.33,351.39,780.0,350.88,351.42,351.89,351.06,352.97,351.1,351.14,351.39,353.67,351.13,350.88,390,351.24,353.32,350.89,361.96,351.25,260,650,351.69,0.7253743710122814,351.27,350.9
351.49,-0.7071067811865475,351.67,373.03,372.65,351.37,780.0,350.87,351.27,355.03,351.08,352.87,351.21,351.15,352.34,354.23,351.07,350.95,90,351.14,353.21,350.87,363.82,351.16,260,350,352.41,0.7071067811865476,351.34,350.88
352.04,-0.7253743710122916,353.83,373.03,372.65,351.35,780.0,350.91,351.34,352.29,351.1,352.79,351.46,351.47,351.71,354.75,351.02,351.0,90,351.15,353.11,350.86,365.22,351.1,260,350,360.47,0.6883545756937498,352.07,350.9
353.83,-0.7431448254774021,365.0,373.03,372.65,351.33,780.0,350.94,352.07,351.68,351.11,352.72,352.39,352.61,351.4,355.21,351.01,350.96,90,351.47,353.03,350.85,366.23,351.1,260,350,368.59,0.6691306063588495,356.17,350.97
354.18,-0.7604059656000329,368.77,373.03,372.65,351.32,780.0,351.01,356.17,351.42,351.12,352.66,353.0,357.56,351.24,355.6,351.1,350.93,90,352.61,352.95,350.85,366.93,351.27,260,350,369.07,0.6494480483301813,366.23,351.13
354.08,-0.7771459614569765,357.35,372.91,371.73,351.3,780.0,351.09,366.23,351.27,351.05,352.61,353.19,352.4,351.14,353.46,351.39,350.9,390,357.56,352.89,350.88,361.08,351.89,260,650,362.53,0.6293203910498305,353.8,351.14
353.9,-0.793353340291235,353.11,372.91,371.73,351.29,780.0,351.17,353.8,351.34,351.0,352.56,353.19,351.68,351.15,352.46,352.34,350.88,390,352.4,352.84,350.95,356.62,355.03,260,650,355.47,0.6087614290087209,352.16,351.04
351.22,-0.8090169943749508,352.07,372.91,371.72,351.28,780.0,350.94,352.16,352.07,350.96,352.52,351.13,351.39,351.47,351.97,351.71,350.9,390,351.68,352.79,351.0,354.25,352.29,260,650,352.86,0.5877852522924686,351.65,350.97
351.22,-0.8241261886220225,351.65,372.91,371.65,351.27,780.0,350.87,351.65,356.17,350.93,352.48,351.08,351.23,352.61,351.67,351.4,350.97,390,351.39,352.75,350.96,353.02,351.68,260,650,352.04,0.566406236924823,351.4,350.93
351.46,-0.8386705679454256,352.26,373.03,372.65,350.94,780.0,350.87,351.4,366.23,350.9,351.11,351.2,351.28,357.56,351.47,351.24,351.13,90,351.23,351.19,350.93,352.34,351.42,260,350,354.35,0.5446390350150246,351.59,350.9
351.98,-0.8526401643540968,358.69,373.03,372.65,350.86,780.0,350.9,351.59,353.8,350.89,351.01,351.43,351.88,352.4,351.34,351.14,351.14,90,351.28,351.09,350.9,351.96,351.27,260,350,366.85,0.5224985647159414,353.28,350.93
353.11,-0.8660254037844387,368.05,373.03,372.65,351.07,780.0,350.95,353.28,352.16,350.87,355.34,351.85,354.42,351.68,351.24,351.15,351.04,90,351.88,363.93,350.88,351.7,351.34,260,350,369.0,0.49999999999999994,362.17,351.04
355.73,-0.8788171126619683,368.99,373.03,372.65,351.29,780.0,351.02,362.17,351.65,350.86,363.03,352.58,361.89,351.39,351.17,351.47,350.97,90,354.42,368.25,350.9,351.52,352.07,260,350,369.09,0.4771587602596032,367.99,351.25
360.13,-0.8910065241883732,359.51,372.91,371.73,351.56,780.0,351.09,367.99,351.4,350.88,366.83,353.82,352.8,351.23,351.33,352.61,350.93,390,361.89,368.86,350.97,351.95,356.17,260,650,363.69,0.4539904997395362,354.79,351.21
363.86,-0.9025852843498617,353.71,372.91,371.73,351.81,780.0,351.17,354.79,351.59,350.91,367.86,355.52,351.81,351.28,351.56,357.56,350.9,390,352.8,368.98,351.13,352.66,366.23,260,650,357.04,0.4305110968082927,352.42,351.07
365.88,-0.9135454576426044,352.27,372.91,371.72,351.45,780.0,351.24,352.42,353.28,350.95,354.47,357.41,351.45,351.88,351.87,352.4,350.93,390,351.81,358.87,351.14,353.87,353.8,260,650,353.29,0.4067366430757923,351.76,350.99
366.82,-0.9238795325112867,351.74,372.91,371.69,351.18,780.0,351.29,351.76,362.17,350.98,352.28,359.0,351.27,354.42,352.25,351.68,351.04,390,351.45,353.41,351.04,355.67,352.16,260,650,352.2,0.3826834323650899,351.46,350.94
367.3,-0.933580426497204,352.6,373.03,372.65,351.04,780.0,351.33,351.46,367.99,350.95,351.65,360.15,351.34,361.89,351.85,351.39,351.25,90,351.27,352.1,350.97,353.74,351.65,260,350,355.73,0.35836794954529444,351.72,350.91
367.56,-0.9426414910921823,361.2,373.03,372.65,350.97,780.0,351.36,351.72,354.79,350.92,351.37,360.92,352.1,352.8,351.59,351.23,351.21,90,351.34,351.63,350.93,352.74,351.4,260,350,367.79,0.33380685923375986,354.06,350.95
360.32,-0.9510565162951545,368.43,373.03,372.65,350.92,780.0,351.52,354.06,352.42,350.9,351.22,360.49,355.4,351.81,351.42,351.28,351.07,90,352.1,351.39,350.9,352.18,351.59,260,350,369.04,0.30901699437494456,364.02,351.07
357.83,-0.9588197348681956,369.02,373.03,372.65,350.89,780.0,351.69,364.02,351.76,350.88,351.13,357.7,363.12,351.45,351.3,351.88,350.99,90,355.4,351.25,350.93,351.86,353.28,260,350,369.1,0.28401534470391404,368.27,351.29
356.62,-0.9659258262890682,360.15,372.91,371.73,350.87,780.0,351.73,368.27,351.46,350.91,351.07,356.23,352.94,351.27,351.51,354.42,350.94,390,363.12,351.16,351.04,352.5,362.17,260,650,363.93,0.258819045102521,355.16,351.24
355.81,-0.9723699203976779,353.93,372.91,371.73,350.86,780.0,351.71,355.16,351.72,350.94,351.02,355.29,351.86,351.34,351.81,361.89,350.91,390,352.94,351.1,351.25,353.62,367.99,260,650,357.59,0.2334453638558999,352.51,351.09
355.2,-0.978147600733808,352.33,372.91,371.73,350.85,780.0,351.66,352.51,354.06,350.97,351.01,354.65,351.47,352.1,352.18,352.8,350.95,390,351.86,351.1,351.21,355.3,354.79,260,650,353.45,0.20791169081774802,351.79,351.0
354.73,-0.9832549075639551,351.77,372.91,371.69,350.85,780.0,351.61,351.79,364.02,351.0,351.1,354.2,351.28,355.4,352.65,351.81,351.07,390,351.47,351.27,351.07,357.61,352.42,260,650,352.26,0.18223552549214467,351.48,350.94
354.35,-0.9876883405951392,351.49,372.89,371.48,350.88,780.0,351.56,351.48,368.27,351.04,351.39,353.86,351.17,363.12,353.21,351.45,351.29,390,351.28,351.89,350.99,360.13,351.76,260,650,351.78,0.15643446504022177,351.3,350.91
354.06,-0.9914448613738104,351.33,372.75,370.42,350.95,780.0,351.52,351.3,355.16,351.06,352.34,353.6,351.09,352.94,353.79,351.27,351.24,390,351.17,355.03,350.94,362.37,351.46,260,650,351.52,0.130526192220052,351.2,350.88
353.82,-0.994521895368274,351.23,372.23,367.08,351.0,780.0,351.48,351.2,352.51,351.08,351.71,353.39,351.04,351.86,354.34,351.34,351.09,390,351.09,352.29,350.91,364.14,351.72,260,650,351.37,0.10452846326764756,351.13,350.86
353.62,-0.996917333733129,351.17,370.76,361.66,350.96,780.0,351.44,351.13,351.79,351.1,351.4,353.22,351.01,351.47,354.85,352.1,351.0,390,351.04,351.68,350.95,365.45,354.06,260,650,351.28,0.0784590957278331,351.08,350.85
353.46,-0.998629534754574,351.17,373.0,372.34,350.93,780.0,351.41,351.08,351.48,351.11,351.24,353.08,350.99,351.28,355.3,355.4,350.94,90,351.01,351.42,351.07,366.39,364.02,260,350,351.32,0.0523359562429407,351.07,350.84
353.32,-0.9996573249755575,351.42,373.03,372.64,350.9,780.0,351.39,351.07,351.3,351.13,351.14,352.97,351.06,351.17,355.67,363.12,350.91,90,350.99,351.27,351.29,367.05,368.27,260,350,351.87,0.026176948307864545,351.2,350.84
353.21,-1.0,352.48,373.03,372.65,350.88,780.0,351.37,351.2,351.2,351.13,351.15,352.87,351.28,351.09,355.97,352.94,350.88,90,351.06,351.34,351.24,367.5,355.16,260,350,355.36,1.2246467991473532e-16,351.65,350.87
353.11,-0.9996573249755571,359.84,373.03,372.65,350.9,780.0,351.35,351.65,351.13,351.14,351.47,352.79,351.96,351.04,356.2,351.86,350.86,90,351.28,352.07,351.09,367.82,352.51,260,350,367.35,-0.02617694830787895,353.6,350.93
353.03,-0.9986295347545733,352.99,372.91,371.73,350.97,780.0,351.33,353.6,351.08,351.06,352.61,352.72,351.59,351.01,353.73,351.47,350.85,390,351.96,356.17,351.0,362.07,351.79,260,650,355.23,-0.05233595624295598,352.07,350.97
352.95,-0.9969173337331277,351.98,372.91,371.72,351.13,780.0,351.32,352.07,351.07,351.0,357.56,352.66,351.34,350.99,352.59,351.28,350.84,390,351.59,366.23,350.94,357.25,351.48,260,650,352.7,-0.07845909572784747,351.59,350.95
352.89,-0.9945218953682724,351.6,372.9,371.63,351.14,780.0,351.3,351.59,351.2,350.96,352.4,352.61,351.21,351.06,352.03,351.17,350.84,390,351.34,353.8,350.91,354.56,351.3,260,650,351.96,-0.10452846326766232,351.37,350.92
352.84,-0.9914448613738104,351.4,372.84,371.11,351.04,780.0,351.29,351.37,351.65,350.93,351.68,352.56,351.12,351.28,351.71,351.09,350.87,390,351.21,352.16,350.88,353.19,351.2,260,650,351.62,-0.13052619222005177,351.24,350.89
352.79,-0.9876883405951368,351.27,372.56,369.02,350.97,780.0,351.28,351.24,353.6,350.91,351.39,352.52,351.06,351.96,351.5,351.04,350.93,390,351.12,351.65,350.86,352.43,351.13,260,650,351.43,-0.1564344650402369,351.15,350.87
352.75,-0.9832549075639525,351.19,371.6,364.26,350.93,780.0,351.27,351.15,352.07,350.89,351.23,352.48,351.02,351.59,351.36,351.01,350.97,390,351.06,351.4,350.85,352.01,351.08,260,650,351.32,-0.18223552549215882,351.1,350.86
351.19,-0.978147600733805,351.14,369.45,359.14,350.9,780.0,350.94,351.1,351.59,350.87,351.28,351.11,350.99,351.34,351.26,350.99,350.95,390,351.02,351.59,350.84,351.74,351.07,260,650,351.24,-0.20791169081776212,351.06,350.85
351.09,-0.9723699203976746,351.1,366.45,356.31,350.93,780.0,350.86,351.06,351.37,350.86,351.88,351.01,350.97,351.21,351.18,351.06,350.92,390,350.99,353.28,350.84,351.55,351.2,260,650,351.2,-0.2334453638559139,351.03,350.84
363.93,-0.9659258262890683,351.1,372.72,369.95,351.04,780.0,351.07,351.03,351.24,350.85,354.42,355.34,350.96,351.12,351.12,351.28,350.89,90,350.97,362.17,350.87,351.41,351.65,260,350,351.21,-0.2588190451025208,351.02,350.83
368.25,-0.9588197348681915,351.22,373.03,372.59,351.25,780.0,351.29,351.02,351.15,350.84,361.89,363.03,350.99,351.06,351.07,351.96,350.87,90,350.96,367.99,350.93,351.31,353.6,260,350,351.44,-0.28401534470392786,351.08,350.83
368.86,-0.9510565162951499,351.66,373.03,372.65,351.21,780.0,351.56,351.08,351.1,350.83,352.8,366.83,351.11,351.02,351.04,351.59,350.86,90,350.99,354.79,350.97,351.24,352.07,260,350,352.47,-0.3090169943749587,351.31,350.85
368.98,-0.9426414910921773,353.8,373.03,372.65,351.07,780.0,351.81,351.31,351.06,350.82,351.81,367.86,351.45,350.99,351.0,351.34,350.85,90,351.11,352.42,350.95,351.17,351.59,260,350,360.42,-0.33380685923377384,352.05,350.88
358.87,-0.9335804264971985,352.2,372.91,371.72,350.99,780.0,351.45,352.05,351.03,350.82,351.45,354.47,351.38,350.97,350.98,351.21,350.84,390,351.45,351.76,350.92,351.12,351.37,260,650,353.23,-0.3583679495453087,351.68,350.92
353.41,-0.9238795325112868,351.68,372.91,371.68,350.94,780.0,351.18,351.68,351.02,350.81,351.27,352.28,351.23,350.96,350.96,351.12,350.83,390,351.38,351.46,350.89,351.08,351.24,260,650,352.12,-0.38268343236508967,351.41,350.91
352.1,-0.9135454576425985,351.44,372.87,371.36,350.91,780.0,351.04,351.41,351.08,350.81,351.34,351.65,351.14,350.99,350.94,351.06,350.83,390,351.23,351.72,350.87,351.05,351.15,260,650,351.7,-0.4067366430758055,351.27,350.89
351.63,-0.9025852843498555,351.3,372.69,369.92,350.95,780.0,350.97,351.27,351.31,350.8,352.1,351.37,351.07,351.11,350.92,351.02,350.85,390,351.14,354.06,350.86,351.02,351.1,260,650,351.48,-0.4305110968083057,351.17,350.87
351.39,-0.8910065241883666,351.21,371.99,365.9,351.07,780.0,350.92,351.17,352.05,350.8,355.4,351.22,351.03,351.45,350.91,350.99,350.88,390,351.07,364.02,350.85,351.0,351.06,260,650,351.35,-0.4539904997395494,351.11,350.86
351.25,-0.8788171126619614,351.15,370.22,360.46,351.29,780.0,350.89,351.11,351.68,350.8,363.12,351.13,351.0,351.38,350.9,350.97,350.92,390,351.03,368.27,350.84,350.98,351.03,260,650,351.26,-0.47715876025961584,351.07,350.85
351.16,-0.8660254037844388,351.11,367.36,356.92,351.24,780.0,350.87,351.07,351.41,350.79,352.94,351.07,350.98,351.23,350.89,350.96,350.91,390,351.0,355.16,350.83,350.96,351.02,260,650,351.21,-0.4999999999999997,351.04,350.84
351.1,-0.8526401643540891,351.09,364.49,355.35,351.09,780.0,350.86,351.04,351.27,350.79,351.86,351.02,350.96,351.14,350.88,350.99,350.89,390,350.98,352.51,350.83,350.94,351.08,260,650,351.18,-0.522498564715954,351.02,350.83
351.1,-0.8386705679454175,351.07,362.43,354.64,351.0,780.0,350.85,351.02,351.17,350.8,351.47,351.01,350.95,351.07,350.92,351.11,350.87,390,350.96,351.79,350.85,351.02,351.31,260,650,351.16,-0.5446390350150372,351.01,350.83
351.27,-0.824126188622014,351.06,361.16,354.29,350.94,780.0,350.85,351.01,351.11,350.82,351.28,351.1,350.94,351.03,350.99,351.45,350.86,390,350.95,351.48,350.88,351.15,352.05,260,650,351.15,-0.5664062369248352,351.0,350.83
351.89,-0.8090169943749423,351.06,360.43,354.11,350.91,780.0,350.88,351.0,351.07,351.53,351.17,351.39,350.94,351.0,354.39,351.38,350.85,390,350.94,351.3,350.92,355.0,351.68,260,650,351.14,-0.5877852522924802,350.99,350.82
355.03,-0.7933533402912352,351.06,360.01,354.01,350.88,780.0,350.95,350.99,351.04,351.51,351.09,352.34,350.94,350.98,354.0,351.23,350.84,390,350.94,351.2,350.91,354.56,351.41,260,650,351.14,-0.6087614290087207,350.99,350.82
352.29,-0.7771459614569671,351.06,370.43,360.5,350.86,780.0,351.0,350.99,351.02,351.49,351.04,351.71,350.94,350.96,353.7,351.14,350.83,90,350.94,351.13,350.89,354.21,351.27,260,350,351.14,-0.629320391049842,350.99,350.82
351.68,-0.7604059656000235,351.1,372.93,371.71,350.85,780.0,350.96,350.99,351.01,351.46,351.01,351.4,350.95,350.95,353.48,351.07,350.83,90,350.94,351.08,350.87,353.94,351.17,260,350,351.23,-0.6494480483301923,351.02,350.82
351.42,-0.7431448254773925,351.29,373.03,372.63,350.84,780.0,350.93,351.02,351.0,350.98,350.99,351.24,351.01,350.94,351.18,351.03,350.83,90,350.95,351.07,350.86,351.27,351.11,260,350,351.59,-0.6691306063588602,351.12,350.83
351.27,-0.7253743710122814,351.94,373.03,372.65,350.84,780.0,350.9,351.12,350.99,350.87,351.06,351.14,351.17,350.94,351.09,351.0,350.82,90,351.01,351.2,350.85,351.23,351.07,260,350,353.32,-0.6883545756937606,351.43,350.85
351.34,-0.7071067811865479,351.68,372.91,371.69,350.87,780.0,350.88,351.43,350.99,350.87,351.28,351.15,351.2,350.94,351.2,350.98,350.82,390,351.17,351.65,350.84,351.47,351.04,260,650,352.17,-0.7071067811865471,351.39,350.88
352.07,-0.6883545756937498,351.44,372.88,371.41,350.93,780.0,350.9,351.39,350.99,350.9,351.96,351.47,351.13,350.94,351.44,350.96,350.82,390,351.2,353.6,350.83,351.99,351.02,260,650,351.71,-0.7253743710122916,351.26,350.88
356.17,-0.6691306063588496,351.3,372.7,370.04,350.97,780.0,350.97,351.26,351.02,350.95,351.59,352.61,351.07,350.95,351.86,350.95,350.82,390,351.13,352.07,350.83,353.14,351.01,260,650,351.48,-0.743144825477402,351.17,350.87
366.23,-0.6494480483301814,351.21,372.04,366.1,350.95,780.0,351.13,351.17,351.12,351.02,351.34,357.56,351.03,351.01,352.6,350.94,350.83,390,351.07,351.59,350.83,355.79,351.0,260,650,351.35,-0.7604059656000328,351.11,350.86
353.8,-0.6293203910498302,351.24,373.02,372.58,350.92,780.0,351.14,351.11,351.43,351.09,351.21,352.4,351.02,351.17,353.84,350.94,350.85,90,351.03,351.37,350.82,360.2,350.99,260,350,351.44,-0.7771459614569768,351.11,350.85
352.16,-0.6087614290087209,351.65,373.03,372.65,350.89,780.0,351.04,351.11,351.39,351.17,351.12,351.68,351.12,351.2,355.55,350.94,350.88,90,351.02,351.24,350.82,363.91,350.99,260,350,352.43,-0.7933533402912349,351.31,350.85
351.65,-0.5877852522924683,353.75,373.03,372.65,350.87,780.0,350.97,351.31,351.26,351.27,351.06,351.39,351.45,351.13,359.51,350.94,350.88,90,351.12,351.15,350.82,360.15,350.99,260,350,360.24,-0.809016994374951,352.04,350.89
351.4,-0.5664062369248233,364.69,373.03,372.65,350.86,780.0,350.93,352.04,351.17,351.44,351.02,351.23,352.55,351.07,357.16,350.95,350.87,90,351.45,351.1,350.82,357.67,351.02,260,350,368.54,-0.8241261886220222,355.91,350.97
351.59,-0.5446390350150248,353.76,372.91,371.73,350.85,780.0,350.9,355.91,351.11,351.53,350.99,351.28,351.77,351.03,355.84,351.01,350.86,390,352.55,351.06,350.83,356.45,351.12,260,650,357.23,-0.8386705679454256,352.4,351.01
353.28,-0.5224985647159418,352.22,372.91,371.72,350.84,780.0,350.93,352.4,351.11,351.56,350.97,351.88,351.42,351.02,355.01,351.17,350.85,390,351.77,351.03,350.85,355.64,351.43,260,650,353.2,-0.8526401643540965,351.72,350.97
362.17,-0.5000000000000004,351.71,372.91,371.68,350.83,780.0,351.04,351.72,351.31,351.0,350.96,354.42,351.25,351.12,351.24,351.2,350.85,390,351.42,351.02,350.88,351.36,351.39,260,650,352.16,-0.8660254037844384,351.44,350.93
367.99,-0.47715876025960324,351.46,372.88,371.4,350.83,780.0,351.25,351.44,352.04,350.9,350.99,361.89,351.15,351.45,351.22,351.13,350.89,390,351.25,351.08,350.88,351.47,351.26,260,650,351.72,-0.8788171126619682,351.28,350.9
354.79,-0.45399049973953587,351.31,372.71,370.08,350.85,780.0,351.21,351.28,355.91,350.91,351.11,352.8,351.08,352.55,351.45,351.07,350.97,390,351.15,351.31,350.87,351.99,351.17,260,650,351.49,-0.8910065241883734,351.18,350.88
352.42,-0.43051109680829275,351.22,372.07,366.27,350.88,780.0,351.07,351.18,352.4,350.96,351.45,351.81,351.03,351.77,351.87,351.03,351.01,390,351.08,352.05,350.86,353.17,351.11,260,650,351.36,-0.9025852843498617,351.12,350.86
351.76,-0.406736643075792,351.16,370.39,360.82,350.92,780.0,350.99,351.12,351.72,351.0,351.38,351.45,351.0,351.42,353.67,351.02,350.97,390,351.03,351.68,350.85,356.59,351.11,260,650,351.27,-0.9135454576426045,351.07,350.85
351.46,-0.3826834323650895,351.12,367.58,357.1,350.91,780.0,350.94,351.07,351.44,351.1,351.23,351.27,350.98,351.25,354.17,351.12,350.93,390,351.0,351.41,350.85,355.76,351.31,260,650,351.21,-0.9238795325112868,351.04,350.84
351.72,-0.3583679495452949,351.09,364.68,355.42,350.89,780.0,350.91,351.04,351.28,351.19,351.14,351.34,350.96,351.15,354.05,351.45,350.9,390,350.98,351.27,350.89,355.11,352.04,260,650,351.18,-0.9335804264972039,351.02,350.83
354.06,-0.33380685923376036,351.07,362.55,354.68,350.87,780.0,350.95,351.02,351.18,351.27,351.07,352.1,350.95,351.08,353.83,352.55,350.88,390,350.96,351.17,350.97,354.64,355.91,260,650,351.16,-0.9426414910921821,351.01,350.83
364.02,-0.30901699437494506,351.07,361.24,354.31,350.86,780.0,351.07,351.01,351.12,350.96,351.03,355.4,350.95,351.03,351.17,351.77,350.86,390,350.95,351.11,351.01,351.27,352.4,260,650,351.15,-0.9510565162951543,351.0,350.83
368.27,-0.28401534470391415,351.06,360.47,354.12,350.85,780.0,351.29,351.0,351.07,350.88,351.0,363.12,350.94,351.0,351.12,351.42,350.85,390,350.95,351.07,350.97,351.3,351.72,260,650,351.14,-0.9588197348681956,350.99,350.82
355.16,-0.25881904510252063,351.06,360.03,354.02,350.84,780.0,351.24,350.99,351.04,350.88,350.98,352.94,350.94,350.98,351.28,351.25,350.84,390,350.94,351.04,350.93,351.62,351.44,260,650,351.14,-0.9659258262890683,350.99,350.82
352.51,-0.23344536385589998,351.05,359.79,353.96,350.83,780.0,351.09,350.99,351.02,350.92,350.96,351.86,350.94,350.96,351.57,351.15,350.83,390,350.94,351.02,350.9,352.31,351.28,260,650,351.14,-0.9723699203976779,350.99,350.82
351.79,-0.20791169081774763,351.05,359.65,353.93,350.83,780.0,351.0,350.99,351.01,350.96,350.95,351.47,350.94,350.95,352.72,351.08,350.83,390,350.94,351.01,350.88,354.6,351.18,260,650,351.13,-0.9781476007338081,350.99,350.82
351.48,-0.18223552549214428,351.05,359.56,353.91,350.83,780.0,350.94,350.99,351.0,351.04,350.94,351.28,350.94,350.95,353.34,351.03,350.83,390,350.94,351.0,350.86,354.7,351.12,260,650,351.13,-0.9832549075639552,350.99,350.82
351.3,-0.15643446504022226,351.05,370.04,359.73,350.82,780.0,350.91,350.99,350.99,351.13,350.94,351.17,350.94,350.94,353.46,351.0,350.82,90,350.94,350.99,350.85,354.43,351.07,260,350,351.14,-0.9876883405951391,350.99,350.82
351.2,-0.13052619222005163,351.1,372.91,371.49,350.82,780.0,350.88,350.99,350.99,351.2,350.94,351.09,350.95,350.94,353.4,350.98,350.82,90,350.94,350.99,350.84,354.16,351.04,260,350,351.22,-0.9914448613738104,351.01,350.82
351.13,-0.10452846326764806,351.27,373.03,372.63,350.82,780.0,350.86,351.01,350.99,350.95,350.94,351.04,351.0,350.94,351.14,350.96,350.82,90,350.95,350.99,350.83,351.24,351.02,260,350,351.55,-0.994521895368274,351.11,350.83
351.08,-0.07845909572783318,351.87,373.03,372.65,350.82,780.0,350.85,351.11,350.99,350.87,350.95,351.01,351.16,350.94,351.09,350.95,350.82,90,351.0,351.02,350.83,351.24,351.01,260,350,353.09,-0.9969173337331289,351.4,350.85
351.07,-0.05233595624294076,351.65,372.91,371.68,350.83,780.0,350.84,351.4,350.99,350.88,351.01,350.99,351.19,350.94,351.22,350.95,350.82,390,351.16,351.12,350.83,351.51,351.0,260,650,352.11,-0.998629534754574,351.38,350.88
351.2,-0.026176948307864604,351.42,372.87,371.35,350.85,780.0,350.84,351.38,350.99,350.91,351.17,351.06,351.12,350.94,351.48,350.94,350.82,390,351.19,351.43,350.82,352.09,350.99,260,650,351.68,-0.9996573249755575,351.25,350.88
351.65,-1.8369701987210297e-16,351.29,372.67,369.82,350.88,780.0,350.87,351.25,351.01,350.94,351.2,351.28,351.06,350.95,352.45,350.94,350.82,390,351.12,351.39,350.82,353.97,350.99,260,650,351.47,-1.0,351.16,350.87
353.6,0.02617694830787933,351.21,371.94,365.64,350.88,780.0,350.93,351.16,351.11,351.02,351.13,351.96,351.02,351.0,353.06,350.94,350.83,390,351.06,351.26,350.82,354.28,350.99,260,650,351.34,-0.9996573249755571,351.1,350.86
352.07,0.05233595624295547,351.15,370.09,360.2,350.87,780.0,350.97,351.1,351.4,351.1,351.07,351.59,351.0,351.16,353.24,350.94,350.85,390,351.02,351.17,350.82,354.15,350.99,260,650,351.26,-0.9986295347545733,351.06,350.85
351.59,0.07845909572784786,351.11,367.18,356.79,350.86,780.0,350.95,351.06,351.38,351.17,351.03,351.34,350.97,351.19,353.23,350.94,350.88,390,351.0,351.11,350.82,353.95,350.99,260,650,351.21,-0.9969173337331277,351.04,350.84
351.37,0.10452846326766183,351.09,364.34,355.29,350.85,780.0,350.92,351.04,351.25,350.94,351.02,351.21,350.96,351.12,351.13,350.94,350.88,390,350.97,351.11,350.82,351.22,350.99,260,650,351.18,-0.9945218953682725,351.02,350.83
351.24,0.13052619222005127,351.07,362.33,354.61,350.85,780.0,350.89,351.02,351.16,350.87,351.12,351.12,350.95,351.06,351.08,350.95,350.87,390,350.96,351.31,350.82,351.22,351.01,260,650,351.16,-0.9914448613738105,351.01,350.83
351.15,0.1564344650402368,351.07,371.76,364.51,350.89,780.0,350.87,351.01,351.1,350.87,351.45,351.06,350.95,351.02,351.2,351.0,350.86,90,350.95,352.04,350.83,351.47,351.11,260,350,351.16,-0.9876883405951368,351.0,350.83
351.1,0.18223552549215877,351.14,373.0,372.32,350.97,780.0,350.86,351.0,351.06,350.9,352.55,351.02,350.96,351.0,351.44,351.16,350.85,90,350.95,355.91,350.85,352.0,351.4,260,350,351.28,-0.9832549075639525,351.04,350.83
351.06,0.20791169081776203,351.39,373.03,372.64,351.01,780.0,350.85,351.04,351.04,350.96,351.77,350.99,351.04,350.97,351.87,351.19,350.84,90,350.96,352.4,350.88,353.16,351.38,260,350,351.81,-0.978147600733805,351.18,350.84
351.03,0.2334453638559143,352.36,373.03,372.65,350.97,780.0,350.84,351.18,351.02,351.02,351.42,350.97,351.26,350.96,352.61,351.12,350.83,90,351.04,351.72,350.88,355.84,351.25,260,350,354.88,-0.9723699203976744,351.6,350.86
351.02,0.2588190451025203,358.95,373.03,372.65,350.93,780.0,350.83,351.6,351.01,351.09,351.25,350.96,351.89,350.95,353.86,351.06,350.83,90,351.26,351.44,350.87,360.26,351.16,260,350,366.98,-0.9659258262890684,353.34,350.92
351.08,0.28401534470392825,368.04,373.03,372.65,350.9,780.0,350.83,353.34,351.0,351.17,351.15,350.99,354.41,350.95,355.57,351.02,350.83,90,351.89,351.28,350.86,363.94,351.1,260,350,368.99,-0.9588197348681914,362.14,351.04
351.31,0.3090169943749582,368.99,373.03,372.65,350.88,780.0,350.85,362.14,351.04,351.27,351.08,351.11,361.82,350.96,359.52,351.0,350.83,90,354.41,351.18,350.85,360.15,351.06,260,350,369.09,-0.9510565162951501,367.97,351.25
352.05,0.3338068592337734,369.08,373.03,372.65,350.86,780.0,350.88,367.97,351.18,351.44,351.03,351.45,366.48,351.04,357.17,350.97,350.84,90,361.82,351.12,350.84,357.67,351.04,260,350,369.1,-0.9426414910921775,368.81,351.52
351.68,0.35836794954530865,362.15,372.91,371.73,350.85,780.0,350.92,368.81,351.6,351.53,351.0,351.38,353.6,351.26,355.85,350.96,350.86,390,366.48,351.07,350.83,356.45,351.02,260,650,364.52,-0.9335804264971985,356.87,351.34
351.41,0.38268343236508917,354.95,372.91,371.73,350.84,780.0,350.91,356.87,353.34,351.56,350.98,351.23,352.05,351.89,355.01,350.95,350.92,390,353.6,351.04,350.83,355.64,351.01,260,650,359.75,-0.923879532511287,352.91,351.13
351.27,0.4067366430758054,352.62,372.91,371.73,350.83,780.0,350.89,352.91,362.14,351.0,350.96,351.14,351.56,354.41,351.24,350.95,351.04,390,352.05,351.02,350.83,351.36,351.0,260,650,354.16,-0.9135454576425985,351.94,351.02
351.17,0.43051109680830607,351.89,372.91,371.71,350.83,780.0,350.87,351.94,367.97,350.9,350.95,351.07,351.33,361.82,351.22,350.96,351.25,390,351.56,351.01,350.83,351.47,351.04,260,650,352.49,-0.9025852843498554,351.55,350.96
351.11,0.4539904997395498,353.34,373.03,372.65,350.83,780.0,350.86,351.55,368.81,350.91,350.95,351.03,351.45,366.48,351.45,351.04,351.52,90,351.33,351.0,350.84,352.0,351.18,260,350,358.77,-0.8910065241883663,351.95,350.93
351.07,0.4771587602596162,364.31,373.03,372.65,350.82,780.0,350.85,351.95,356.87,350.96,350.94,351.0,352.49,353.6,351.87,351.26,351.34,90,351.45,350.99,350.86,353.17,351.6,260,350,368.48,-0.8788171126619612,355.62,350.97
351.04,0.5000000000000001,368.74,373.03,372.65,350.82,780.0,350.84,355.62,352.91,351.02,350.94,350.98,357.16,352.05,352.61,351.89,351.13,90,352.49,350.99,350.92,355.87,353.34,260,350,369.07,-0.8660254037844386,365.94,351.12
351.02,0.5224985647159536,369.05,373.03,372.65,350.82,780.0,350.83,365.94,351.94,351.1,350.94,350.96,364.51,351.56,353.87,354.41,351.02,90,357.16,350.99,351.04,360.29,362.14,260,350,369.1,-0.8526401643540893,368.52,351.36
351.01,0.5446390350150371,360.89,372.91,371.73,350.82,780.0,350.83,368.52,351.55,351.17,350.94,350.95,353.14,351.33,355.58,361.82,350.96,390,364.51,350.99,351.25,363.96,367.97,260,650,364.18,-0.8386705679454175,355.68,351.27
351.0,0.5664062369248347,354.24,372.91,371.73,350.82,780.0,350.83,355.68,351.95,351.24,350.94,350.94,351.92,351.45,357.48,366.48,350.93,390,353.14,350.99,351.52,365.93,368.81,260,650,358.31,-0.8241261886220144,352.63,351.1
350.99,0.5877852522924801,352.42,372.91,371.73,350.82,780.0,350.82,352.63,355.62,351.36,350.94,350.94,351.5,352.49,360.08,353.6,350.97,390,351.92,350.99,351.34,360.25,356.87,260,650,353.67,-0.8090169943749423,351.84,351.0
350.99,0.6087614290087199,351.81,372.91,371.7,350.82,780.0,350.82,351.84,365.94,351.53,350.95,350.94,351.3,357.16,357.44,352.05,351.12,390,351.5,351.01,351.13,357.76,352.91,260,650,352.33,-0.7933533402912357,351.5,350.95
350.99,0.6293203910498416,351.51,372.89,371.52,350.83,780.0,350.82,351.5,368.52,351.61,351.0,350.94,351.17,364.51,356.03,351.56,351.36,390,351.3,351.11,351.02,356.54,351.94,260,650,351.81,-0.7771459614569675,351.32,350.91
351.02,0.6494480483301927,351.35,372.78,370.61,350.85,780.0,350.82,351.32,355.68,351.62,351.16,350.95,351.1,353.14,355.14,351.33,351.27,390,351.17,351.4,350.96,355.72,351.55,260,650,351.54,-0.7604059656000233,351.2,350.88
351.12,0.6691306063588605,351.24,372.32,367.56,350.88,780.0,350.83,351.2,352.63,351.01,351.19,351.01,351.05,351.92,351.25,351.45,351.1,390,351.1,351.38,350.93,351.38,351.95,260,650,351.39,-0.7431448254773922,351.13,350.87
351.43,0.6883545756937601,351.17,370.97,362.21,350.88,780.0,350.85,351.13,351.84,350.9,351.12,351.17,351.01,351.5,351.24,352.49,351.0,390,351.05,351.25,350.97,351.5,355.62,260,650,351.29,-0.7253743710122817,351.08,350.85
351.39,0.7071067811865474,351.13,368.39,357.84,350.87,780.0,350.88,351.08,351.5,350.91,351.06,351.2,350.98,351.3,351.48,357.16,350.95,390,351.01,351.16,351.12,352.07,365.94,260,650,351.23,-0.7071067811865477,351.05,350.84
351.26,0.7253743710122919,351.1,365.39,355.74,350.86,780.0,350.88,351.05,351.32,350.96,351.02,351.13,350.97,351.17,351.93,364.51,350.91,390,350.98,351.1,351.36,353.34,368.52,260,650,351.19,-0.6883545756937495,351.02,350.84
351.17,0.7431448254774026,351.08,363.03,354.82,350.85,780.0,350.87,351.02,351.2,351.03,351.0,351.07,350.95,351.1,352.7,353.14,350.88,390,350.97,351.06,351.27,356.22,355.68,260,650,351.16,-0.6691306063588489,351.01,350.83
351.11,0.7604059656000328,351.07,361.52,354.38,350.84,780.0,350.86,351.01,351.13,351.1,350.97,351.03,350.95,351.05,354.01,351.92,350.87,390,350.95,351.04,351.1,360.68,352.63,260,650,351.15,-0.6494480483301814,351.0,350.83
351.11,0.7771459614569767,351.07,371.4,363.14,350.83,780.0,350.85,351.0,351.08,351.18,350.96,351.02,350.94,351.01,355.76,351.5,350.85,90,350.95,351.02,351.0,364.21,351.84,260,350,351.15,-0.6293203910498303,351.0,350.82
351.31,0.7933533402912349,351.12,372.98,372.18,350.83,780.0,350.85,351.0,351.05,351.24,350.95,351.12,350.96,350.98,357.64,351.3,350.84,90,350.94,351.01,350.95,366.04,351.5,260,350,351.26,-0.6087614290087209,351.03,350.83
352.04,0.809016994374951,351.35,373.03,372.64,350.83,780.0,350.89,351.03,351.02,351.3,350.95,351.45,351.03,350.97,359.17,351.17,350.84,90,350.96,351.0,350.91,366.9,351.32,260,350,351.73,-0.5877852522924683,351.16,350.83
355.91,0.8241261886220221,352.2,373.03,372.65,350.83,780.0,350.97,351.16,351.01,351.34,350.96,352.55,351.23,350.95,360.26,351.1,350.83,90,351.03,351.04,350.88,367.34,351.2,260,350,354.26,-0.5664062369248234,351.54,350.86
352.4,0.8386705679454255,357.72,373.03,372.65,350.84,780.0,351.01,351.54,351.0,351.37,351.04,351.77,351.79,350.95,361.0,351.05,350.83,90,351.23,351.18,350.87,367.58,351.13,260,350,366.3,-0.5446390350150248,353.02,350.91
351.72,0.8526401643540965,367.77,373.03,372.65,350.86,780.0,350.97,353.02,351.0,351.39,351.26,351.42,354.0,350.94,361.48,351.01,350.82,90,351.79,351.6,350.85,367.72,351.08,260,350,368.96,-0.5224985647159419,361.1,351.02
351.44,0.8660254037844384,368.97,373.03,372.65,350.92,780.0,350.93,361.1,351.03,351.55,351.89,351.25,361.14,350.96,360.53,350.98,350.83,90,354.0,353.34,350.84,360.32,351.05,260,350,369.09,-0.5000000000000004,367.79,351.22
351.28,0.8788171126619677,369.07,373.03,372.65,351.04,780.0,350.9,367.79,351.16,351.71,354.41,351.15,366.26,351.03,357.73,350.97,350.83,90,361.14,362.14,350.84,357.84,351.02,260,350,369.1,-0.4771587602596041,368.78,351.49
351.18,0.891006524188373,369.09,373.03,372.65,351.25,780.0,350.88,368.78,351.54,351.75,361.82,351.08,367.69,351.23,356.25,350.95,350.86,90,366.26,367.97,350.83,356.63,351.01,260,350,369.1,-0.4539904997395367,368.96,351.75
351.12,0.9025852843498621,369.1,373.03,372.65,351.52,780.0,350.86,368.96,353.02,351.72,366.48,351.03,368.18,351.79,355.31,350.95,350.91,90,367.69,368.81,350.83,355.82,351.0,260,350,369.1,-0.430511096808292,369.01,351.95
351.07,0.9135454576426045,369.1,373.03,372.65,351.34,780.0,350.85,369.01,361.1,351.02,353.6,351.0,368.39,354.0,351.27,350.94,351.02,90,368.18,356.87,350.82,351.4,351.0,260,350,369.11,-0.40673664307579205,369.03,352.09
351.04,0.9238795325112868,369.1,373.03,372.65,351.13,780.0,350.84,369.03,367.79,350.9,352.05,350.98,368.49,361.14,351.26,350.96,351.22,90,368.39,352.91,350.83,351.55,351.03,260,350,369.11,-0.38268343236508956,369.04,352.18
351.02,0.9335804264972037,369.1,373.03,372.65,351.02,780.0,350.83,369.04,368.78,350.92,351.56,350.96,368.54,366.26,351.52,351.03,351.49,90,368.49,351.94,350.83,352.18,351.16,260,350,369.11,-0.35836794954529494,369.05,352.24
351.01,0.9426414910921824,369.1,373.03,372.65,350.96,780.0,350.83,369.05,368.96,350.97,351.33,350.95,368.57,367.69,352.01,351.23,351.75,90,368.54,351.55,350.86,353.61,351.54,260,350,369.11,-0.3338068592337596,369.05,352.27
351.0,0.9510565162951543,369.1,373.03,372.65,350.93,780.0,350.83,369.05,369.01,351.02,351.45,350.95,368.58,368.18,354.11,351.79,351.95,90,368.57,351.95,350.91,357.26,353.02,260,350,369.11,-0.3090169943749451,369.05,352.29
350.99,0.9588197348681955,369.1,373.03,372.65,350.97,780.0,350.82,369.05,369.03,351.12,352.49,350.94,368.59,368.39,354.48,354.0,352.09,90,368.58,355.62,351.02,356.09,361.1,260,350,369.11,-0.2840153447039142,369.05,352.3
350.99,0.9659258262890681,369.1,373.03,372.65,351.12,780.0,350.82,369.05,369.04,351.22,357.16,350.94,368.59,368.49,354.25,361.14,352.18,90,368.59,365.94,351.22,355.32,367.79,260,350,369.11,-0.25881904510252157,369.06,352.31
350.99,0.9723699203976779,369.1,373.03,372.65,351.36,780.0,350.82,369.06,369.05,351.29,364.51,350.94,368.6,368.54,353.97,366.26,352.24,90,368.59,368.52,351.49,354.78,368.78,260,350,369.11,-0.23344536385590003,369.06,352.32
350.99,0.9781476007338081,369.1,373.03,372.65,351.27,780.0,350.82,369.06,369.05,350.96,353.14,350.94,368.6,368.57,351.17,367.69,352.27,90,368.6,355.68,351.75,351.28,368.96,260,350,369.11,-0.20791169081774769,369.06,352.32
350.99,0.983254907563955,369.1,373.03,372.65,351.1,780.0,350.82,369.06,369.05,350.88,351.92,350.94,368.6,368.58,351.13,368.18,352.29,90,368.6,352.63,351.95,351.31,369.01,260,350,369.11,-0.18223552549214522,369.06,352.32
350.99,0.9876883405951391,364.31,372.91,371.73,351.0,780.0,350.82,369.06,369.05,350.89,351.5,350.94,356.05,368.59,351.29,368.39,352.3,390,368.6,351.84,352.09,351.65,369.03,260,650,364.97,-0.15643446504022232,361.34,351.62
351.01,0.9914448613738104,358.45,372.91,371.73,350.95,780.0,350.82,361.34,369.06,350.93,351.3,350.95,352.64,368.59,351.6,368.49,352.31,390,356.05,351.5,352.18,352.39,369.04,260,650,363.19,-0.13052619222005168,354.29,351.24
351.11,0.994521895368274,360.72,372.83,370.85,350.91,130.0,350.83,354.29,369.06,350.98,351.17,351.0,354.44,368.6,352.15,368.54,352.32,90,352.64,351.32,352.24,354.11,369.05,260,350,361.48,-0.10452846326764724,357.94,351.16
351.4,0.9969173337331289,361.56,372.83,370.85,350.88,130.0,350.85,357.94,369.06,351.05,351.1,351.16,359.16,368.6,353.09,368.57,352.32,90,354.44,351.2,352.27,357.71,369.05,260,350,361.63,-0.07845909572783412,361.15,351.33
351.38,0.998629534754574,361.63,372.83,370.85,350.87,130.0,350.88,361.15,369.06,351.13,351.05,351.19,360.95,368.6,354.57,368.58,352.32,90,359.16,351.13,352.29,362.09,369.05,260,350,361.64,-0.05233595624294082,361.54,351.59
351.25,0.9996573249755575,361.63,372.83,370.85,350.85,130.0,350.88,361.54,361.34,351.2,351.01,351.12,361.25,356.05,356.42,368.59,351.62,90,360.95,351.08,352.3,365.01,369.05,260,350,361.64,-0.026176948307863778,361.59,351.86
351.16,1.0,364.2,372.97,372.19,350.84,1040.0,350.87,361.59,354.29,351.26,350.98,351.06,353.61,352.64,358.22,368.59,351.24,390,361.25,351.05,352.31,366.41,369.06,260,650,366.46,0.0,357.76,351.3
351.1,0.9996573249755571,356.06,372.97,372.19,350.84,1040.0,350.86,357.76,357.94,351.31,350.97,351.02,352.02,354.44,359.59,368.6,351.16,390,353.61,351.02,352.32,367.08,369.06,260,650,362.65,0.026176948307879103,353.06,351.09
351.06,0.9986295347545733,352.81,372.97,372.19,350.83,1040.0,350.85,353.06,361.15,351.35,350.95,351.0,351.51,359.16,360.55,368.6,351.33,390,352.02,351.01,352.32,367.44,369.06,260,650,355.26,0.05233595624295572,351.93,350.99
351.04,0.9969173337331277,351.91,372.97,372.18,350.83,1040.0,350.84,351.93,361.54,351.37,350.95,350.97,351.27,360.95,361.19,368.6,351.59,390,351.51,351.0,352.32,367.64,369.06,260,650,352.73,0.07845909572784791,351.51,350.93
351.02,0.9945218953682724,351.53,372.97,372.15,350.82,1040.0,350.83,351.51,361.59,351.39,350.94,350.96,351.14,361.25,361.6,356.05,351.86,390,351.27,351.0,351.62,367.76,361.34,260,650,351.93,0.10452846326766235,351.29,350.89
351.01,0.9914448613738104,351.33,372.95,371.99,350.83,1040.0,350.83,351.29,357.76,351.4,350.96,350.95,351.06,353.61,361.87,352.64,351.3,390,351.14,351.03,351.24,367.83,354.29,260,650,351.57,0.13052619222005157,351.17,350.87
351.0,0.9876883405951368,351.2,372.86,371.21,350.83,1040.0,350.83,351.17,353.06,351.41,351.03,350.95,351.01,352.02,362.05,354.44,351.09,390,351.06,351.16,351.16,367.88,357.94,260,650,351.37,0.15643446504023675,351.09,350.85
351.04,0.9832549075639524,351.13,372.52,368.6,350.86,1040.0,350.83,351.09,351.93,351.41,351.23,350.96,350.97,351.51,362.16,359.16,350.99,390,351.01,351.54,351.33,367.9,361.15,260,650,351.25,0.18223552549215916,351.04,350.84
351.18,0.978147600733805,351.51,372.75,370.3,350.91,130.0,350.84,351.04,351.51,351.59,351.79,351.04,351.2,351.27,360.57,360.95,350.93,90,350.97,353.02,351.59,360.33,361.54,260,350,351.77,0.20791169081776223,351.33,350.86
351.6,0.9723699203976746,352.05,372.82,370.8,351.02,130.0,350.86,351.33,351.29,351.75,354.0,351.26,351.5,351.14,357.76,361.25,350.89,90,351.2,361.1,351.86,357.85,361.59,260,350,352.54,0.23344536385591408,351.73,350.91
353.34,0.9659258262890683,353.04,372.83,370.85,351.22,130.0,350.92,351.73,351.17,351.77,361.14,351.89,351.91,351.06,356.28,353.61,350.87,90,351.5,367.79,351.3,356.64,357.76,260,350,354.57,0.25881904510252074,352.33,350.98
362.14,0.9588197348681914,356.63,372.83,370.85,351.49,130.0,351.04,352.33,351.09,351.74,366.26,354.41,352.67,351.01,355.34,352.02,350.85,90,351.91,368.78,351.09,355.83,353.06,260,350,360.06,0.2840153447039283,353.85,351.06
367.97,0.9510565162951499,352.75,372.97,372.19,351.75,1040.0,351.25,353.85,351.04,351.02,367.69,361.82,351.5,350.97,351.28,351.51,350.84,390,352.67,368.96,350.99,351.41,351.93,260,650,355.07,0.3090169943749588,351.91,350.99
368.81,0.9426414910921774,351.89,372.97,372.18,351.95,1040.0,351.52,351.91,351.33,350.9,368.18,366.48,351.27,351.2,351.27,351.27,350.86,390,351.5,369.01,350.93,351.56,351.51,260,650,352.69,0.33380685923377373,351.5,350.93
356.87,0.9335804264971985,351.52,372.97,372.15,352.09,1040.0,351.34,351.5,351.73,350.92,368.39,353.6,351.14,351.5,351.53,351.14,350.91,390,351.27,369.03,350.89,352.2,351.29,260,650,351.91,0.3583679495453086,351.29,350.89
352.91,0.9238795325112867,351.32,372.95,371.98,352.18,1040.0,351.13,351.29,352.33,350.97,368.49,352.05,351.06,351.91,352.02,351.06,350.98,390,351.14,369.04,350.87,353.66,351.17,260,650,351.56,0.3826834323650898,351.17,350.87
351.94,0.9135454576425985,352.02,372.83,370.84,352.24,130.0,351.02,351.17,353.85,351.04,368.54,351.56,351.41,352.67,352.87,351.01,351.06,90,351.06,369.05,350.85,356.86,351.09,260,350,352.66,0.4067366430758056,351.65,350.89
351.55,0.9025852843498555,353.33,372.83,370.85,352.27,130.0,350.96,351.65,351.91,351.11,368.57,351.33,351.92,351.5,354.25,350.97,350.99,90,351.41,369.05,350.84,361.33,351.04,260,350,355.42,0.43051109680830585,352.42,350.96
351.95,0.8910065241883666,357.71,372.83,370.85,352.29,130.0,350.93,352.42,351.5,351.19,368.58,351.45,352.85,351.27,356.05,351.2,350.93,90,351.92,369.05,350.86,364.59,351.33,260,350,360.61,0.4539904997395494,354.36,351.06
355.62,0.878817112661961,361.24,372.83,370.85,352.3,130.0,350.97,354.36,351.29,351.25,368.59,352.49,355.82,351.14,357.9,351.5,350.89,90,352.85,369.05,350.91,366.22,351.73,260,350,361.57,0.4771587602596163,359.59,351.19
365.94,0.8660254037844387,355.65,372.97,372.19,352.31,1040.0,351.12,359.59,351.17,351.38,368.59,357.16,351.96,351.06,360.16,351.91,350.87,390,355.82,369.06,350.98,360.26,352.33,260,650,362.12,0.49999999999999994,352.92,351.08
368.52,0.8526401643540892,352.7,372.97,372.19,352.32,1040.0,351.36,352.92,351.65,351.55,368.6,364.51,351.48,351.41,357.48,352.67,350.89,390,351.96,369.06,351.06,357.77,353.85,260,650,354.93,0.5224985647159539,351.88,350.98
355.68,0.8386705679454175,351.87,372.97,372.18,352.32,1040.0,351.27,351.88,352.42,351.62,368.6,353.14,351.26,351.92,356.06,351.5,350.96,390,351.48,369.06,350.99,356.55,351.91,260,650,352.64,0.5446390350150371,351.48,350.93
352.63,0.824126188622014,351.51,372.97,372.15,352.32,1040.0,351.1,351.48,354.36,351.63,368.6,351.92,351.13,352.85,355.16,351.27,351.06,390,351.26,369.06,350.93,355.73,351.5,260,650,351.89,0.5664062369248353,351.28,350.89
351.84,0.8090169943749421,352.62,372.83,370.86,351.62,130.0,351.0,351.28,359.59,351.61,356.05,351.5,351.61,355.82,354.55,351.14,351.19,90,351.13,361.34,350.89,355.13,351.29,260,350,353.99,0.5877852522924804,351.98,350.92
351.5,0.7933533402912352,355.4,372.83,370.85,351.24,130.0,350.95,351.98,352.92,351.57,352.64,351.3,352.36,351.96,354.12,351.06,351.08,90,351.61,354.29,350.87,354.67,351.17,260,350,359.12,0.6087614290087207,353.29,351.0
351.32,0.7771459614569671,360.55,372.83,370.85,351.16,130.0,350.91,353.29,351.88,351.53,354.44,351.17,354.18,351.48,353.8,351.41,350.98,90,352.36,357.94,350.89,354.3,351.65,260,350,361.44,0.629320391049842,357.51,351.12
351.2,0.7604059656000233,361.55,372.83,370.85,351.33,130.0,350.88,357.51,351.48,351.5,359.16,351.1,358.83,351.26,353.55,351.92,350.93,90,354.18,361.15,350.96,354.02,352.42,260,350,361.63,0.6494480483301927,361.06,351.29
351.13,0.7431448254773922,358.31,372.97,372.19,351.59,1040.0,350.87,361.06,351.28,350.98,360.95,351.05,352.3,351.13,351.19,352.85,350.89,390,358.83,361.54,351.06,351.28,354.36,260,650,364.54,0.6691306063588603,353.81,351.13
351.08,0.7253743710122815,353.35,372.97,372.19,351.86,1040.0,350.85,353.81,351.98,350.88,361.25,351.01,351.61,351.61,351.1,355.82,350.92,390,352.3,361.59,351.19,351.24,359.59,260,650,356.92,0.6883545756937604,352.14,351.01
351.05,0.7071067811865476,352.09,372.97,372.18,351.3,1040.0,350.84,352.14,353.29,350.87,353.61,350.98,351.33,352.36,351.21,351.96,351.0,390,351.61,357.76,351.08,351.49,352.92,260,650,353.17,0.7071067811865475,351.6,350.94
351.02,0.6883545756937497,351.61,372.97,372.17,351.09,1040.0,350.84,351.6,357.51,350.91,352.02,350.97,351.17,354.18,351.46,351.48,351.12,390,351.33,353.06,350.98,352.04,351.88,260,650,352.09,0.7253743710122917,351.34,350.9
351.01,0.6691306063588495,353.01,372.83,370.86,350.99,130.0,350.83,351.34,361.06,350.94,351.51,350.95,351.71,358.83,352.39,351.26,351.29,90,351.17,351.93,350.93,353.83,351.48,260,350,354.98,0.7431448254774021,352.17,350.93
351.0,0.6494480483301814,356.83,372.83,370.85,350.93,130.0,350.83,352.17,353.81,351.01,351.27,350.95,352.63,352.3,353.0,351.13,351.13,90,351.71,351.51,350.89,354.18,351.28,260,350,360.21,0.7604059656000328,353.89,351.02
351.0,0.6293203910498305,361.05,372.83,370.85,350.89,130.0,350.82,353.89,352.14,351.09,351.14,350.94,355.1,351.61,353.19,351.61,351.01,90,352.63,351.29,350.92,354.08,351.98,260,350,361.54,0.7771459614569765,358.89,351.15
351.03,0.6087614290087207,361.59,372.83,370.85,350.87,130.0,350.83,358.89,351.6,351.17,351.06,350.96,359.67,351.33,353.19,352.36,350.94,90,355.1,351.17,351.0,353.9,353.29,260,350,361.63,0.7933533402912352,361.28,351.35
351.16,0.5877852522924684,359.43,372.97,372.19,350.85,1040.0,350.83,361.28,351.34,350.94,351.01,351.03,352.45,351.17,351.13,354.18,350.9,390,359.67,351.09,351.12,351.22,357.51,260,650,365.1,0.8090169943749509,354.24,351.15
351.54,0.5664062369248232,353.65,372.97,372.19,350.84,1040.0,350.86,354.24,352.17,350.87,350.97,351.23,351.67,351.71,351.08,358.83,350.93,390,352.45,351.04,351.29,351.22,361.06,260,650,357.83,0.8241261886220224,352.26,351.02
353.02,0.5446390350150246,352.18,372.97,372.18,350.86,1040.0,350.91,352.26,353.89,350.87,351.2,351.79,351.35,352.63,351.2,352.3,351.02,390,351.67,351.33,351.13,351.46,353.81,260,650,353.41,0.8386705679454256,351.65,350.95
361.1,0.5224985647159414,351.66,372.97,372.17,350.91,1040.0,351.02,351.65,358.89,350.9,351.5,354.0,351.19,355.1,351.43,351.61,351.15,390,351.35,351.73,351.01,351.98,352.14,260,650,352.18,0.8526401643540968,351.37,350.91
367.79,0.5000000000000001,351.4,372.96,372.09,350.98,1040.0,351.22,351.37,361.28,350.95,351.91,361.14,351.09,359.67,351.85,351.33,351.35,390,351.19,352.33,350.94,353.11,351.6,260,650,351.69,0.8660254037844386,351.21,350.88
368.78,0.4771587602596033,351.25,372.92,371.67,351.06,1040.0,351.49,351.21,354.24,351.02,352.67,366.26,351.03,352.45,352.58,351.17,351.15,390,351.09,353.85,350.9,355.73,351.34,260,650,351.44,0.8788171126619682,351.12,350.86
368.96,0.45399049973953637,351.15,372.71,370.01,350.99,1040.0,351.75,351.12,352.26,351.09,351.5,367.69,350.98,351.67,353.82,351.71,351.02,390,351.03,351.91,350.93,360.13,352.17,260,650,351.29,0.8910065241883732,351.06,350.84
369.01,0.43051109680829247,351.09,372.04,365.88,350.93,1040.0,351.95,351.06,351.65,351.17,351.27,368.18,350.95,351.35,355.52,352.63,350.95,390,350.98,351.5,351.02,363.86,353.89,260,650,351.2,0.9025852843498618,351.01,350.83
369.03,0.40673664307579205,351.43,372.63,369.56,350.89,130.0,352.09,351.01,351.37,351.24,351.14,368.39,351.16,351.19,357.41,355.1,350.91,90,350.95,351.29,351.15,365.88,358.89,260,350,351.65,0.9135454576426045,351.28,350.85
369.04,0.38268343236508984,351.89,372.81,370.72,350.87,130.0,352.18,351.28,351.21,351.29,351.06,368.49,351.44,351.09,359.0,359.67,350.88,90,351.16,351.17,351.35,366.82,361.28,260,350,352.27,0.9238795325112867,351.63,350.9
369.05,0.3583679495452948,352.62,372.83,370.85,350.89,130.0,352.24,351.63,351.12,351.33,351.41,368.54,351.78,351.03,360.15,352.45,350.86,90,351.44,351.65,351.15,367.3,354.24,260,350,353.58,0.9335804264972039,352.12,350.96
369.05,0.3338068592337598,354.86,372.83,370.85,350.96,130.0,352.27,352.12,351.06,351.36,351.92,368.57,352.36,350.98,360.92,351.67,350.84,90,351.78,352.42,351.02,367.56,352.26,260,350,358.41,0.9426414910921823,353.14,351.04
369.05,0.30901699437494473,352.37,372.97,372.18,351.06,1040.0,352.29,353.14,351.01,351.52,352.85,368.58,351.41,350.95,360.49,351.35,350.83,390,352.36,354.36,350.95,360.32,351.65,260,650,353.92,0.9510565162951544,351.74,350.97
369.05,0.2840153447039142,351.74,372.97,372.18,351.19,1040.0,352.3,351.74,351.28,351.69,355.82,368.59,351.22,351.16,357.7,351.19,350.85,390,351.41,359.59,350.91,357.83,351.37,260,650,352.36,0.9588197348681955,351.42,350.92
369.06,0.25881904510252074,351.44,372.97,372.12,351.08,1040.0,352.31,351.42,351.63,351.73,351.96,368.59,351.11,351.44,356.23,351.09,350.9,390,351.22,352.92,350.88,356.62,351.21,260,650,351.77,0.9659258262890683,351.24,350.88
369.06,0.23344536385589965,351.28,372.94,371.83,350.98,1040.0,352.32,351.24,352.12,351.71,351.48,368.6,351.04,351.78,355.29,351.03,350.96,390,351.11,351.88,350.86,355.81,351.12,260,650,351.49,0.972369920397678,351.14,350.86
369.06,0.20791169081774774,351.17,372.79,370.58,350.93,1040.0,352.32,351.14,353.14,351.66,351.26,368.6,350.99,352.36,354.65,350.98,351.04,390,351.04,351.48,350.84,355.2,351.06,260,650,351.32,0.9781476007338081,351.07,350.84
369.06,0.1822355254921444,351.1,372.26,367.05,350.89,1040.0,352.32,351.07,351.74,351.61,351.13,368.6,350.96,351.41,354.2,350.95,350.97,390,350.99,351.28,350.83,354.73,351.01,260,650,351.22,0.9832549075639552,351.02,350.83
361.34,0.15643446504022215,351.06,370.88,361.73,350.92,1040.0,351.62,351.02,351.42,351.56,351.61,356.05,350.93,351.22,353.86,351.16,350.92,390,350.96,351.98,350.85,354.35,351.28,260,650,351.15,0.9876883405951391,350.99,350.82
354.29,0.1305261922200517,351.03,368.45,357.69,351.0,1040.0,351.24,350.99,351.24,351.52,352.36,352.64,350.92,351.11,353.6,351.44,350.88,390,350.93,353.29,350.9,354.06,351.63,260,650,351.11,0.9914448613738104,350.97,350.82
357.94,0.10452846326764771,351.3,371.16,363.21,351.12,130.0,351.16,350.97,351.14,351.48,354.18,354.44,351.09,351.04,353.39,351.78,350.86,90,350.92,357.51,350.96,353.82,352.12,260,350,351.46,0.994521895368274,351.18,350.83
361.15,0.07845909572783305,351.64,372.57,369.26,351.29,130.0,351.33,351.18,351.07,351.44,358.83,359.16,351.31,350.99,353.22,352.36,350.84,90,351.09,361.06,351.04,353.62,353.14,260,350,351.88,0.996917333733129,351.46,350.88
361.54,0.052335956242940865,352.04,372.81,370.72,351.13,130.0,351.59,351.46,351.02,351.41,352.3,360.95,351.57,350.96,353.08,351.41,350.83,90,351.31,353.81,350.97,353.46,351.74,260,350,352.43,0.998629534754574,351.78,350.93
361.59,0.02617694830786426,352.77,372.83,370.85,351.01,130.0,351.86,351.78,350.99,351.39,351.61,361.25,351.89,350.93,352.97,351.22,350.82,90,351.57,352.14,350.92,353.32,351.42,260,350,353.82,0.9996573249755575,352.24,351.0
357.76,6.123233995736766e-17,351.74,372.97,372.18,350.94,1040.0,351.3,352.24,350.97,351.37,351.33,353.61,351.24,350.92,352.87,351.11,350.82,390,351.89,351.6,350.88,353.21,351.24,260,650,352.33,1.0,351.43,350.93
353.06,-0.02617694830787923,351.45,372.97,372.12,350.9,1040.0,351.09,351.43,351.18,351.35,351.17,352.02,351.12,351.09,352.79,351.04,350.83,390,351.24,351.34,350.86,353.11,351.14,260,650,351.78,0.9996573249755571,351.25,350.89
351.93,-0.052335956242955596,351.28,372.94,371.83,350.93,1040.0,350.99,351.25,351.46,351.33,351.71,351.51,351.04,351.31,352.72,350.99,350.88,390,351.12,352.17,350.84,353.03,351.07,260,650,351.49,0.9986295347545733,351.14,350.86
351.51,-0.07845909572784798,351.17,372.79,370.59,351.02,1040.0,350.93,351.14,351.78,351.32,352.63,351.27,350.99,351.57,352.66,350.96,350.93,390,351.04,353.89,350.83,352.95,351.02,260,650,351.32,0.9969173337331277,351.07,350.84
351.29,-0.10452846326766217,351.11,372.27,367.09,351.15,1040.0,350.89,351.07,352.24,351.3,355.1,351.14,350.96,351.89,352.61,350.93,351.0,390,350.99,358.89,350.82,352.89,350.99,260,650,351.22,0.9945218953682724,351.02,350.83
351.17,-0.1305261922200516,351.06,370.9,361.78,351.35,1040.0,350.87,351.02,351.43,351.29,359.67,351.06,350.93,351.24,352.56,350.92,350.93,390,350.96,361.28,350.82,352.84,350.97,260,650,351.15,0.9914448613738104,350.99,350.82
351.09,-0.15643446504023673,351.03,368.47,357.71,351.15,1040.0,350.85,350.99,351.25,351.28,352.45,351.01,350.92,351.12,352.52,351.09,350.89,390,350.93,354.24,350.83,352.79,351.18,260,650,351.11,0.9876883405951368,350.97,350.82
351.04,-0.1822355254921591,351.01,365.71,355.74,351.02,1040.0,350.84,350.97,351.14,351.27,351.67,350.97,350.91,351.04,352.48,351.31,350.86,390,350.92,352.26,350.88,352.75,351.46,260,650,351.08,0.9832549075639524,350.95,350.81
351.33,-0.20791169081776217,351.0,363.49,354.83,350.95,1040.0,350.86,350.95,351.07,350.94,351.35,351.2,350.9,350.99,351.11,351.57,350.84,390,350.91,351.65,350.93,351.19,351.78,260,650,351.07,0.978147600733805,350.94,350.81
351.73,-0.2334453638559142,350.99,362.01,354.38,350.91,1040.0,350.91,350.94,351.02,350.86,351.19,351.5,350.89,350.96,351.01,351.89,350.83,390,350.9,351.37,351.0,351.09,352.24,260,650,351.06,0.9723699203976744,350.94,350.81
352.33,-0.25881904510252063,350.99,361.12,354.15,350.88,1040.0,350.98,350.94,350.99,351.07,351.09,351.91,350.89,350.93,355.34,351.24,350.82,390,350.89,351.21,350.93,363.93,351.43,260,650,351.05,0.9659258262890683,350.93,350.8
353.85,-0.28401534470392836,350.98,360.59,354.02,350.86,1040.0,351.06,350.93,350.97,351.29,351.03,352.67,350.89,350.92,363.03,351.12,350.82,390,350.89,351.12,350.89,368.25,351.25,260,650,351.05,0.9588197348681914,350.93,350.8
351.91,-0.30901699437495855,351.22,364.3,355.59,350.84,130.0,350.99,350.93,350.95,351.56,350.98,351.5,351.04,350.91,366.83,351.04,350.81,90,350.89,351.06,350.86,368.86,351.14,260,350,351.35,0.95105651629515,351.12,350.82
351.5,-0.33380685923377373,351.52,369.76,360.22,350.83,130.0,350.93,351.12,350.94,351.81,350.95,351.27,351.25,350.9,367.86,350.99,350.81,90,351.04,351.01,350.84,368.98,351.07,260,350,351.7,0.9426414910921774,351.37,350.86
351.29,-0.35836794954530854,351.81,372.35,368.04,350.85,130.0,350.89,351.37,350.94,351.45,351.16,351.14,351.46,350.89,354.47,350.96,350.81,90,351.25,351.28,350.83,358.87,351.02,260,350,352.03,0.9335804264971985,351.62,350.92
351.17,-0.3826834323650895,352.13,372.79,370.62,350.9,130.0,350.87,351.62,350.93,351.18,351.44,351.06,351.67,350.89,352.28,350.93,350.8,90,351.46,351.63,350.82,353.41,350.99,260,350,352.46,0.9238795325112868,351.88,350.97
351.65,-0.40673664307580554,351.4,372.96,372.03,350.96,1040.0,350.89,351.88,350.93,351.04,351.78,351.41,351.12,350.89,351.65,350.92,350.8,390,351.67,352.12,350.82,352.1,350.97,260,650,351.66,0.9135454576425985,351.24,350.91
352.42,-0.43051109680830574,351.25,372.9,371.51,351.04,1040.0,350.96,351.24,351.12,350.97,352.36,351.92,351.03,351.04,351.37,350.91,350.82,390,351.12,353.14,350.81,351.63,350.95,260,650,351.42,0.9025852843498555,351.12,350.87
354.36,-0.45399049973954947,351.15,372.66,369.58,350.97,1040.0,351.06,351.12,351.37,350.92,351.41,352.85,350.98,351.25,351.22,350.9,350.86,390,351.03,351.74,350.81,351.39,350.94,260,650,351.28,0.8910065241883665,351.06,350.84
359.59,-0.4771587602596163,351.09,371.89,365.19,350.92,1040.0,351.19,351.06,351.62,350.89,351.22,355.82,350.95,351.46,351.13,350.89,350.92,390,350.98,351.42,350.81,351.25,350.94,260,650,351.19,0.878817112661961,351.01,350.83
352.92,-0.4999999999999998,351.42,372.59,369.31,350.88,130.0,351.08,351.01,351.88,350.87,351.11,351.96,351.15,351.67,351.07,350.89,350.97,90,350.95,351.24,350.8,351.16,350.93,260,350,351.63,0.8660254037844387,351.27,350.85
351.88,-0.5224985647159541,351.87,372.8,370.69,350.86,130.0,350.98,351.27,351.24,350.86,351.04,351.48,351.43,351.12,351.02,350.89,350.91,90,351.15,351.14,350.8,351.1,350.93,260,350,352.23,0.8526401643540891,351.62,350.9
351.48,-0.5446390350150369,352.56,372.83,370.84,350.84,130.0,350.93,351.62,351.12,350.85,350.99,351.26,351.76,351.03,351.01,351.04,350.87,90,351.43,351.07,350.82,351.1,351.12,260,350,353.43,0.8386705679454177,352.08,350.96
351.28,-0.5664062369248352,354.58,372.83,370.85,350.83,130.0,350.89,352.08,351.06,350.85,350.96,351.13,352.3,350.98,351.1,351.25,350.84,90,351.76,351.02,350.86,351.27,351.37,260,350,357.97,0.824126188622014,353.03,351.04
351.98,-0.5877852522924802,352.3,372.97,372.18,350.82,1040.0,350.92,353.03,351.01,350.88,350.93,351.61,351.39,350.95,351.39,351.46,350.83,390,352.3,350.99,350.92,351.89,351.62,260,650,353.73,0.8090169943749422,351.71,350.97
353.29,-0.6087614290087207,351.71,372.97,372.18,350.82,1040.0,351.0,351.71,351.27,350.95,350.92,352.36,351.21,351.15,352.34,351.67,350.85,390,351.39,350.97,350.97,355.03,351.88,260,650,352.3,0.7933533402912352,351.4,350.91
357.51,-0.629320391049842,351.43,372.97,372.12,350.83,1040.0,351.12,351.4,351.62,351.0,351.09,354.18,351.1,351.43,351.71,351.12,350.9,390,351.21,351.18,350.91,352.29,351.24,260,650,351.75,0.7771459614569671,351.23,350.88
361.06,-0.6494480483301927,351.27,372.93,371.79,350.88,1040.0,351.29,351.23,352.08,350.96,351.31,358.83,351.04,351.76,351.4,351.03,350.96,390,351.1,351.46,350.87,351.68,351.12,260,650,351.47,0.7604059656000232,351.13,350.86
353.81,-0.6691306063588602,351.17,372.77,370.42,350.93,1040.0,351.13,351.13,353.03,350.93,351.57,352.3,350.99,352.3,351.24,350.98,351.04,390,351.04,351.78,350.84,351.42,351.06,260,650,351.31,0.7431448254773925,351.06,350.84
352.14,-0.6883545756937606,351.1,372.2,366.7,351.0,1040.0,351.01,351.06,351.71,350.9,351.89,351.61,350.96,351.39,351.14,350.95,350.97,390,350.99,352.24,350.83,351.27,351.01,260,650,351.21,0.7253743710122814,351.02,350.83
351.6,-0.7071067811865475,351.06,370.74,361.37,350.93,1040.0,350.94,351.02,351.4,350.88,351.24,351.33,350.93,351.21,351.15,351.15,350.91,390,350.96,351.43,350.85,351.34,351.27,260,650,351.15,0.7071067811865476,350.99,350.82
351.34,-0.7253743710122916,351.03,368.25,357.49,350.89,1040.0,350.9,350.99,351.23,350.9,351.12,351.17,350.92,351.1,351.47,351.43,350.88,390,350.93,351.25,350.9,352.07,351.62,260,650,351.11,0.6883545756937498,350.96,350.82
352.17,-0.7431448254774021,351.01,365.51,355.63,350.86,1040.0,350.93,350.96,351.13,350.97,351.04,351.71,350.91,351.04,352.61,351.76,350.86,390,350.92,351.14,350.96,356.17,352.08,260,650,351.08,0.6691306063588495,350.95,350.81
353.89,-0.7604059656000329,351.0,363.34,354.78,350.84,1040.0,351.02,350.95,351.06,351.13,350.99,352.63,350.9,350.99,357.56,352.3,350.84,390,350.91,351.07,351.04,366.23,353.03,260,650,351.07,0.6494480483301813,350.94,350.81
358.89,-0.7771459614569765,350.99,361.92,354.36,350.83,1040.0,351.15,350.94,351.02,351.14,350.96,355.1,350.89,350.96,352.4,351.39,350.83,390,350.9,351.02,350.97,353.8,351.71,260,650,351.06,0.6293203910498305,350.94,350.81
361.28,-0.793353340291235,350.99,361.06,354.13,350.82,1040.0,351.35,350.94,350.99,351.04,350.93,359.67,350.89,350.93,351.68,351.21,350.82,390,350.89,350.99,350.91,352.16,351.4,260,650,351.05,0.6087614290087209,350.93,350.8
354.24,-0.8090169943749508,350.98,360.56,354.01,350.82,1040.0,351.15,350.93,350.96,350.97,350.92,352.45,350.89,350.92,351.39,351.1,350.82,390,350.89,350.97,350.88,351.65,351.23,260,650,351.05,0.5877852522924686,350.93,350.8
352.26,-0.8241261886220225,350.98,360.26,353.94,350.81,1040.0,351.02,350.93,350.95,350.93,350.91,351.67,350.89,350.91,351.23,351.04,350.81,390,350.89,350.95,350.86,351.4,351.13,260,650,351.05,0.566406236924823,350.93,350.8
351.65,-0.8386705679454256,350.98,360.09,353.9,350.81,1040.0,350.95,350.93,350.94,350.9,350.9,351.35,350.89,350.9,351.28,350.99,350.81,390,350.89,350.94,350.84,351.59,351.06,260,650,351.05,0.5446390350150246,350.93,350.8
351.37,-0.8526401643540968,350.98,359.99,353.87,350.81,1040.0,350.91,350.93,350.94,350.93,350.89,351.19,350.89,350.89,351.88,350.96,350.81,390,350.89,350.94,350.83,353.28,351.02,260,650,351.05,0.5224985647159414,350.93,350.8
351.21,-0.8660254037844387,351.22,363.58,355.33,350.8,130.0,350.88,350.93,350.93,351.04,350.89,351.09,351.04,350.89,354.42,350.93,350.8,90,350.89,350.93,350.82,362.17,350.99,260,350,351.35,0.49999999999999994,351.12,350.82
351.12,-0.8788171126619683,351.51,369.24,359.42,350.8,130.0,350.86,351.12,350.93,351.25,350.89,351.03,351.24,350.89,361.89,350.92,350.8,90,351.04,350.93,350.82,367.99,350.96,260,350,351.69,0.4771587602596032,351.37,350.86
351.06,-0.8910065241883732,351.8,372.22,367.41,350.82,130.0,350.84,351.37,350.93,351.21,351.04,350.98,351.46,350.89,352.8,350.91,350.8,90,351.24,351.12,350.81,354.79,350.95,260,350,352.02,0.4539904997395362,351.62,350.91
351.01,-0.9025852843498617,352.1,372.78,370.55,350.86,130.0,350.83,351.62,350.93,351.07,351.25,350.95,351.66,350.89,351.81,350.9,350.8,90,351.46,351.37,350.81,352.42,350.94,260,350,352.42,0.4305110968082927,351.87,350.97
351.28,-0.9135454576426044,351.39,372.95,371.99,350.92,1040.0,350.85,351.87,350.93,350.99,351.46,351.16,351.12,350.89,351.45,350.89,350.8,390,351.66,351.62,350.81,351.76,350.94,260,650,351.62,0.4067366430757923,351.23,350.91
351.63,-0.9238795325112867,351.23,372.88,371.37,350.97,1040.0,350.9,351.23,351.12,350.94,351.67,351.44,351.03,351.04,351.27,350.89,350.82,390,351.12,351.88,350.8,351.46,350.93,260,650,351.41,0.3826834323650899,351.12,350.86
352.12,-0.933580426497204,351.14,372.6,369.17,350.91,1040.0,350.96,351.12,351.37,350.91,351.12,351.78,350.98,351.24,351.34,350.89,350.86,390,351.03,351.24,350.8,351.72,350.93,260,650,351.27,0.35836794954529444,351.05,350.84
353.14,-0.9426414910921823,351.08,371.73,364.53,350.87,1040.0,351.04,351.05,351.62,350.95,351.03,352.36,350.95,351.46,352.1,350.89,350.91,390,350.98,351.12,350.8,354.06,350.93,260,650,351.19,0.33380685923375986,351.01,350.83
351.74,-0.9510565162951545,351.04,369.83,359.52,350.84,1040.0,350.97,351.01,351.87,351.07,350.98,351.41,350.93,351.66,355.4,350.89,350.97,390,350.95,351.06,350.8,364.02,350.93,260,650,351.13,0.30901699437494456,350.98,350.82
351.42,-0.9588197348681956,351.02,367.12,356.56,350.83,1040.0,350.92,350.98,351.23,351.29,350.95,351.22,350.91,351.12,363.12,350.89,350.91,390,350.93,351.01,350.8,368.27,350.93,260,650,351.1,0.28401534470391404,350.96,350.81
351.24,-0.9659258262890682,351.0,364.55,355.22,350.85,1040.0,350.88,350.96,351.12,351.24,351.15,351.11,350.9,351.03,352.94,351.04,350.86,390,350.91,351.27,350.82,355.16,351.12,260,650,351.08,0.258819045102521,350.95,350.81
351.14,-0.9723699203976779,350.99,362.7,354.58,350.9,1040.0,350.86,350.95,351.05,351.09,351.43,351.04,350.9,350.98,351.86,351.24,350.84,390,350.9,351.62,350.86,352.51,351.37,260,650,351.06,0.2334453638558999,350.94,350.81
351.07,-0.978147600733808,351.24,366.59,356.75,350.96,130.0,350.84,350.94,351.01,351.0,351.76,350.99,351.05,350.95,351.47,351.46,350.83,90,350.9,352.08,350.91,351.79,351.62,260,350,351.38,0.20791169081774802,351.13,350.82
351.02,-0.9832549075639551,351.54,371.11,363.19,351.04,130.0,350.83,351.13,350.98,350.94,352.3,350.96,351.26,350.93,351.28,351.66,350.82,90,351.05,353.03,350.97,351.48,351.87,260,350,351.73,0.18223552549214467,351.39,350.86
350.99,-0.9876883405951392,351.85,372.61,369.51,350.97,130.0,350.82,351.39,350.96,350.91,351.39,350.93,351.48,350.91,351.17,351.12,350.81,90,351.26,351.71,350.91,351.3,351.23,260,350,352.09,0.15643446504022177,351.65,350.92
350.97,-0.9914448613738104,352.22,372.81,370.76,350.91,130.0,350.82,351.65,350.95,350.88,351.21,350.92,351.71,350.9,351.09,351.03,350.81,90,351.48,351.4,350.86,351.2,351.12,260,350,352.64,0.130526192220052,351.94,350.98
351.18,-0.994521895368274,353.06,372.83,370.85,350.88,130.0,350.83,351.94,350.94,350.86,351.1,351.09,352.02,350.9,351.04,350.98,350.81,90,351.71,351.23,350.84,351.13,351.05,260,350,354.44,0.10452846326764756,352.42,351.04
351.46,-0.996917333733129,356.59,372.83,370.85,350.86,130.0,350.88,352.42,351.13,350.85,351.04,351.31,352.71,351.05,351.01,350.95,350.82,90,352.02,351.13,350.83,351.08,351.01,260,350,360.01,0.0784590957278331,353.87,351.11
351.78,-0.998629534754574,361.06,372.83,370.85,350.84,130.0,350.93,353.87,351.39,350.84,350.99,351.57,355.17,351.26,350.99,350.93,350.86,90,352.71,351.06,350.82,351.07,350.98,260,350,361.54,0.0523359562429407,358.95,351.21
352.24,-0.9996573249755575,361.59,372.83,370.85,350.83,130.0,351.0,358.95,351.65,350.84,350.96,351.89,359.78,351.48,351.06,350.91,350.92,90,355.17,351.02,350.81,351.2,350.96,260,350,361.63,0.026176948307864545,361.3,351.38
351.43,-1.0,359.81,372.97,372.19,350.82,1040.0,350.93,361.3,351.94,350.87,350.93,351.24,352.5,351.71,351.28,350.9,350.98,390,359.78,350.99,350.81,351.65,350.95,260,650,365.26,1.2246467991473532e-16,354.4,351.16
351.25,-0.9996573249755571,353.77,372.97,372.19,350.82,1040.0,350.89,354.4,352.42,350.93,350.92,351.12,351.69,352.02,351.96,350.9,351.04,390,352.5,350.96,350.81,353.6,350.94,260,650,358.16,-0.02617694830787895,352.3,351.03
351.14,-0.9986295347545733,352.22,372.97,372.18,350.81,1040.0,350.86,352.3,353.87,350.97,350.91,351.04,351.36,352.71,351.59,351.05,351.11,390,351.69,350.95,350.82,352.07,351.13,260,650,353.51,-0.05233595624295598,351.66,350.95
351.07,-0.9969173337331277,351.67,372.97,372.17,350.81,1040.0,350.84,351.66,358.95,350.95,350.9,350.99,351.19,355.17,351.34,351.26,351.21,390,351.36,350.94,350.86,351.59,351.39,260,650,352.21,-0.07845909572784747,351.38,350.91
351.02,-0.9945218953682724,353.25,372.83,370.86,350.81,130.0,350.83,351.38,361.3,350.92,350.89,350.96,351.77,359.78,351.21,351.48,351.38,90,351.19,350.94,350.92,351.37,351.65,260,350,355.57,-0.10452846326766232,352.28,350.94
350.99,-0.9914448613738104,357.56,372.83,370.85,350.8,130.0,350.82,352.28,354.4,350.89,350.89,350.93,352.78,352.5,351.12,351.71,351.16,90,351.77,350.93,350.98,351.24,351.94,260,350,360.57,-0.13052619222005177,354.25,351.03
350.97,-0.9876883405951368,361.2,372.83,370.85,350.8,130.0,350.82,354.25,352.3,350.87,350.89,350.92,355.62,351.69,351.06,352.02,351.03,90,352.78,350.93,351.04,351.15,352.42,260,350,361.57,-0.1564344650402369,359.42,351.17
350.95,-0.9832549075639525,361.6,372.83,370.85,350.8,130.0,350.81,359.42,351.66,350.86,350.89,350.91,359.97,351.36,351.02,352.71,350.95,90,355.62,350.93,351.11,351.1,353.87,260,350,361.64,-0.18223552549215882,361.35,351.38
350.94,-0.978147600733805,359.92,372.97,372.19,350.8,1040.0,350.81,361.35,351.38,350.85,350.89,350.9,352.52,351.19,350.99,355.17,350.91,390,359.97,350.93,351.21,351.06,358.95,260,650,365.31,-0.20791169081776212,354.44,351.17
350.94,-0.9723699203976746,353.8,372.97,372.19,350.8,1040.0,350.81,354.44,352.28,350.84,350.89,350.89,351.69,351.77,350.97,359.78,350.94,390,352.52,350.93,351.38,351.03,361.3,260,650,358.24,-0.2334453638559139,352.31,351.03
350.93,-0.9659258262890683,352.23,372.97,372.18,350.82,1040.0,350.8,352.31,354.25,350.83,351.04,350.89,351.36,352.78,350.96,352.5,351.03,390,351.69,351.12,351.16,351.02,354.4,260,650,353.53,-0.2588190451025208,351.67,350.95
350.93,-0.9588197348681915,351.67,372.97,372.17,350.86,1040.0,350.8,351.67,359.42,350.83,351.24,350.89,351.19,355.62,350.99,351.69,351.17,390,351.36,351.37,351.03,351.08,352.3,260,650,352.22,-0.28401534470392786,351.38,350.91
351.12,-0.9510565162951499,351.41,372.97,372.1,350.91,1040.0,350.82,351.38,361.35,350.85,351.46,351.04,351.09,359.97,351.11,351.36,351.38,390,351.19,351.62,350.95,351.31,351.66,260,650,351.71,-0.3090169943749587,351.22,350.88
351.37,-0.9426414910921773,351.25,372.92,371.72,350.97,1040.0,350.86,351.22,354.44,350.88,351.66,351.25,351.03,352.52,351.45,351.19,351.17,390,351.09,351.87,350.91,352.05,351.38,260,650,351.45,-0.33380685923377384,351.12,350.86
351.62,-0.9335804264971985,351.16,372.73,370.15,350.91,1040.0,350.92,351.12,352.31,350.92,351.12,351.46,350.98,351.69,351.38,351.77,351.03,390,351.03,351.23,350.94,351.68,352.28,260,650,351.3,-0.3583679495453087,351.06,350.84
351.88,-0.9238795325112868,351.1,372.09,366.16,350.86,1040.0,350.97,351.06,351.67,350.91,351.03,351.67,350.95,351.36,351.23,352.78,350.95,390,350.98,351.12,351.03,351.41,354.25,260,650,351.21,-0.38268343236508967,351.01,350.83
351.24,-0.9135454576425985,351.05,370.52,360.84,350.84,1040.0,350.91,351.01,351.38,350.89,350.98,351.12,350.93,351.19,351.14,355.62,350.91,390,350.95,351.05,351.17,351.27,359.42,260,650,351.14,-0.4067366430758055,350.98,350.82
351.12,-0.9025852843498555,351.02,367.95,357.21,350.83,1040.0,350.87,350.98,351.22,350.87,350.95,351.03,350.91,351.09,351.07,359.97,350.88,390,350.93,351.01,351.38,351.17,361.35,260,650,351.1,-0.4305110968083057,350.96,350.82
351.06,-0.8910065241883666,351.01,365.24,355.51,350.82,1040.0,350.84,350.96,351.12,350.86,350.93,350.98,350.9,351.03,351.03,352.52,350.86,390,350.91,350.98,351.17,351.11,354.44,260,650,351.08,-0.4539904997395494,350.95,350.81
351.01,-0.8788171126619614,351.0,363.16,354.72,350.81,1040.0,350.83,350.95,351.06,350.85,350.91,350.95,350.9,350.98,351.0,351.69,350.84,390,350.9,350.96,351.03,351.07,352.31,260,650,351.07,-0.47715876025961584,350.94,350.81
351.27,-0.8660254037844388,351.24,367.05,357.07,350.81,130.0,350.85,350.94,351.01,350.84,350.9,351.15,351.05,350.95,350.98,351.36,350.83,90,350.9,350.95,350.95,351.04,351.67,260,350,351.38,-0.4999999999999997,351.14,350.82
351.62,-0.8526401643540891,351.55,371.32,363.82,350.81,130.0,350.9,351.14,350.98,350.83,350.9,351.43,351.26,350.93,350.96,351.19,350.82,90,351.05,350.94,350.91,351.02,351.38,260,350,351.74,-0.522498564715954,351.39,350.87
352.08,-0.8386705679454175,351.86,372.65,369.71,350.82,130.0,350.96,351.39,350.96,350.83,351.05,351.76,351.49,350.91,350.95,351.09,350.82,90,351.26,351.13,350.88,351.01,351.22,260,350,352.11,-0.5446390350150372,351.66,350.92
353.03,-0.824126188622014,352.25,372.82,370.78,350.86,130.0,351.04,351.66,350.95,350.83,351.26,352.3,351.72,350.9,350.94,351.03,350.81,90,351.49,351.39,350.86,351.0,351.12,260,350,352.69,-0.5664062369248352,351.95,350.98
351.71,-0.8090169943749423,353.15,372.83,370.85,350.92,130.0,350.97,351.95,350.94,350.82,351.48,351.39,352.04,350.9,350.94,350.98,350.81,90,351.72,351.65,350.84,350.99,351.06,260,350,354.67,-0.5877852522924802,352.46,351.04
351.4,-0.7933533402912352,356.99,372.83,370.85,350.98,130.0,350.91,352.46,351.14,350.82,351.71,351.21,352.78,351.05,350.94,350.95,350.82,90,352.04,351.94,350.83,350.99,351.01,260,350,360.25,-0.6087614290087207,354.05,351.11
351.23,-0.7771459614569671,361.15,372.83,370.85,351.04,130.0,350.88,354.05,351.39,350.82,352.02,351.1,355.45,351.26,350.94,350.93,350.87,90,352.78,352.42,350.82,350.99,350.98,260,350,361.56,-0.629320391049842,359.24,351.21
351.13,-0.7604059656000235,361.6,372.83,370.85,351.11,130.0,350.86,359.24,351.66,350.82,352.71,351.04,359.94,351.49,350.95,350.91,350.92,90,355.45,353.87,350.82,351.02,350.96,260,350,361.63,-0.6494480483301923,361.34,351.4
351.06,-0.7431448254773925,361.63,372.83,370.85,351.21,130.0,350.84,361.34,351.95,350.83,355.17,350.99,361.08,351.72,351.01,350.9,350.98,90,359.94,358.95,350.81,351.12,350.95,260,350,361.64,-0.6691306063588602,361.56,351.67
351.02,-0.7253743710122814,361.64,372.83,370.85,351.38,130.0,350.83,361.56,352.46,350.85,359.78,350.96,361.29,352.04,351.17,350.9,351.04,90,361.08,361.3,350.81,351.43,350.94,260,350,361.64,-0.6883545756937606,361.59,351.92
350.99,-0.7071067811865479,361.64,372.83,370.85,351.16,130.0,350.82,361.59,354.05,350.88,352.5,350.93,361.35,352.78,351.2,351.05,351.11,90,361.29,354.4,350.82,351.39,351.14,260,350,361.64,-0.7071067811865471,361.6,352.09
350.96,-0.6883545756937498,361.64,372.83,370.85,351.03,130.0,350.82,361.6,359.24,350.88,351.69,350.92,361.38,355.45,351.13,351.26,351.21,90,361.35,352.3,350.87,351.26,351.39,260,350,361.64,-0.7253743710122916,361.61,352.19
350.95,-0.6691306063588496,361.64,372.83,370.85,350.95,130.0,350.81,361.61,361.34,350.87,351.36,350.91,361.4,359.94,351.07,351.49,351.4,90,361.38,351.66,350.92,351.17,351.66,260,350,361.64,-0.743144825477402,361.61,352.25
350.94,-0.6494480483301814,361.64,372.83,370.85,350.91,130.0,350.81,361.61,361.56,350.86,351.19,350.9,361.4,361.08,351.03,351.72,351.67,90,361.4,351.38,350.98,351.11,351.95,260,350,361.64,-0.7604059656000328,361.61,352.28
350.94,-0.6293203910498302,361.64,372.83,370.85,350.94,130.0,350.81,361.61,361.59,350.85,351.77,350.89,361.41,361.29,351.02,352.04,351.92,90,361.4,352.28,351.04,351.11,352.46,260,350,361.64,-0.7771459614569768,361.61,352.3
350.93,-0.6087614290087209,361.64,372.83,370.85,351.03,130.0,350.8,361.61,361.6,350.85,352.78,350.89,361.41,361.35,351.12,352.78,352.09,90,361.41,354.25,351.11,351.31,354.05,260,350,361.64,-0.7933533402912349,361.61,352.31
350.93,-0.5877852522924683,361.64,372.83,370.85,351.17,130.0,350.8,361.61,361.61,350.89,355.62,350.89,361.41,361.38,351.45,355.45,352.19,90,361.41,359.42,351.21,352.04,359.24,260,350,361.64,-0.809016994374951,361.61,352.32
350.93,-0.5664062369248233,361.64,372.83,370.85,351.38,130.0,350.8,361.61,361.61,350.97,359.97,350.89,361.41,361.4,352.55,359.94,352.25,90,361.41,361.35,351.4,355.91,361.34,260,350,361.64,-0.8241261886220222,361.61,352.32
350.93,-0.5446390350150248,361.64,372.83,370.85,351.17,130.0,350.8,361.61,361.61,351.01,352.52,350.89,361.41,361.4,351.77,361.08,352.28,90,361.41,354.44,351.67,352.4,361.56,260,350,361.64,-0.8386705679454256,361.61,352.32
350.93,-0.5224985647159418,361.64,372.83,370.85,351.03,130.0,350.8,361.61,361.61,350.97,351.69,350.89,361.41,361.41,351.42,361.29,352.3,90,361.41,352.31,351.92,351.72,361.59,260,350,361.64,-0.8526401643540965,361.61,352.32
351.12,-0.5000000000000004,365.57,372.97,372.19,350.95,1040.0,350.82,361.61,361.61,350.93,351.36,351.04,354.78,361.41,351.25,361.35,352.31,390,361.41,351.67,352.09,351.44,361.6,260,650,366.69,-0.8660254037844384,360.65,351.4
351.37,-0.47715876025960324,358.25,372.97,372.19,350.91,1040.0,350.86,360.65,361.61,350.9,351.19,351.24,352.29,361.41,351.15,361.38,352.32,390,354.78,351.38,352.19,351.28,361.61,260,650,364.51,-0.8788171126619682,353.79,351.13
351.62,-0.45399049973953587,352.13,357.1,353.95,350.88,130.0,350.91,353.79,361.61,350.88,351.09,351.46,351.77,361.41,351.08,361.4,352.32,340,352.29,351.22,352.25,351.18,361.61,260,600,352.32,-0.8910065241883734,351.95,351.03
351.87,-0.43051109680829275,352.25,357.12,353.95,350.86,130.0,350.97,351.95,361.61,350.86,351.03,351.66,351.88,361.41,351.03,361.4,352.32,340,351.77,351.12,352.28,351.12,361.61,260,600,352.43,-0.9025852843498617,352.07,351.07
351.23,-0.406736643075792,352.34,357.14,353.96,350.84,130.0,350.91,352.07,361.61,350.85,350.98,351.12,351.96,361.41,351.0,361.41,352.32,340,351.88,351.06,352.3,351.07,361.61,260,600,352.52,-0.9135454576426045,352.16,351.1
351.12,-0.3826834323650895,352.41,357.17,353.97,350.83,130.0,350.86,352.16,360.65,350.84,350.95,351.03,352.03,354.78,350.98,361.41,351.4,340,351.96,351.01,352.31,351.04,361.61,260,600,352.59,-0.9238795325112868,352.23,351.13
351.05,-0.3583679495452949,351.31,368.99,358.47,350.82,1040.0,350.84,352.23,353.79,350.83,350.93,350.98,351.14,352.29,350.96,361.41,351.13,340,352.03,350.98,352.32,351.02,361.61,260,600,351.42,-0.9335804264972039,351.22,350.95
351.01,-0.33380685923376036,351.12,370.2,360.18,350.82,1040.0,350.83,351.22,351.95,350.83,350.91,350.95,350.99,351.77,350.95,361.41,351.03,340,351.14,350.96,352.32,351.01,361.61,260,600,351.21,-0.9426414910921821,351.05,350.87
350.98,-0.30901699437494506,351.06,369.85,359.5,350.81,1040.0,350.82,351.05,352.07,350.83,350.9,350.93,350.94,351.88,350.95,361.41,351.07,340,350.99,350.95,352.32,351.0,361.61,260,600,351.14,-0.9510565162951543,350.99,350.84
350.96,-0.28401534470391415,351.03,369.12,358.41,350.81,1040.0,350.81,350.99,352.16,350.82,350.9,350.91,350.92,351.96,350.94,361.41,351.1,340,350.94,350.94,352.32,350.99,361.61,260,600,351.11,-0.9588197348681956,350.97,350.82
350.95,-0.25881904510252063,351.01,368.24,357.43,350.82,1040.0,350.81,350.97,352.23,350.82,351.05,350.9,350.91,352.03,350.94,354.78,351.13,340,350.92,351.14,351.4,350.99,360.65,260,600,351.09,-0.9659258262890683,350.96,350.81
350.94,-0.23344536385589998,351.01,367.37,356.7,350.87,1040.0,350.81,350.96,351.22,350.82,351.26,350.9,350.9,351.14,350.94,352.29,350.95,340,350.91,351.39,351.13,350.99,353.79,260,600,351.08,-0.9723699203976779,350.95,350.81
351.13,-0.20791169081774763,351.0,366.58,356.17,350.92,1040.0,350.82,350.95,351.05,350.82,351.49,351.05,350.9,350.99,350.94,351.77,350.87,340,350.9,351.66,351.03,350.99,351.95,260,600,351.07,-0.9781476007338081,350.94,350.81
351.39,-0.18223552549214428,351.0,365.92,355.8,350.98,1040.0,350.86,350.94,350.99,350.82,351.72,351.26,350.9,350.94,350.94,351.88,350.84,340,350.9,351.95,351.07,350.99,352.07,260,600,351.07,-0.9832549075639552,350.94,350.81
351.65,-0.15643446504022226,351.25,359.3,354.29,351.04,130.0,350.92,350.94,350.97,350.82,352.04,351.48,351.06,350.92,350.94,351.96,350.82,340,350.9,352.46,351.1,350.99,352.16,260,600,351.39,-0.9876883405951391,351.14,350.82
351.94,-0.13052619222005163,351.54,357.82,354.03,351.11,130.0,350.98,351.14,350.96,350.82,352.78,351.71,351.27,350.91,350.95,352.03,350.81,340,351.06,354.05,351.13,351.01,352.23,260,600,351.73,-0.9914448613738104,351.39,350.87
352.42,-0.10452846326764806,351.79,357.32,353.96,351.21,130.0,351.04,351.39,350.95,350.83,355.45,352.02,351.47,350.9,351.0,351.14,350.81,340,351.27,359.24,350.95,351.11,351.22,260,600,351.98,-0.994521895368274,351.63,350.92
353.87,-0.07845909572783318,351.99,357.16,353.95,351.4,130.0,351.11,351.63,350.94,350.85,359.94,352.71,351.64,350.9,351.16,350.99,350.81,340,351.47,361.34,350.87,351.4,351.05,260,600,352.18,-0.9969173337331289,351.81,350.98
358.95,-0.05233595624294076,351.21,366.96,356.55,351.67,1040.0,351.21,351.81,350.94,350.88,361.08,355.17,351.06,350.9,351.19,350.94,350.81,340,351.64,361.56,350.84,351.38,350.99,260,600,351.31,-0.998629534754574,351.13,350.9
361.3,-0.026176948307864604,351.08,368.13,357.36,351.92,1040.0,351.38,351.13,351.14,350.88,361.29,359.78,350.96,351.06,351.12,350.92,350.82,340,351.06,361.59,350.82,351.25,350.97,260,600,351.16,-0.9996573249755575,351.01,350.85
354.4,-1.8369701987210297e-16,351.03,367.81,357.06,352.09,1040.0,351.16,351.01,351.39,350.87,361.35,352.5,350.93,351.27,351.06,350.91,350.87,340,350.96,361.6,350.81,351.16,350.96,260,600,351.11,-1.0,350.97,350.83
352.3,0.02617694830787933,351.01,367.18,356.56,352.19,1040.0,351.03,350.97,351.63,350.86,361.38,351.69,350.91,351.47,351.02,350.9,350.92,340,350.93,361.61,350.81,351.1,350.95,260,600,351.09,-0.9996573249755571,350.96,350.82
351.66,0.05233595624295547,351.27,359.91,354.43,352.25,130.0,350.95,350.96,351.81,350.85,361.4,351.36,351.07,351.64,351.0,350.9,350.98,340,350.91,361.61,350.81,351.06,350.94,260,600,351.42,-0.9986295347545733,351.16,350.83
351.38,0.07845909572784786,351.57,358.08,354.09,352.28,130.0,350.91,351.16,351.13,350.84,361.4,351.19,351.28,351.06,350.97,350.9,350.9,340,351.07,361.61,350.81,351.04,350.94,260,600,351.75,-0.9969173337331277,351.41,350.87
352.28,0.10452846326766183,351.81,357.45,353.99,352.3,130.0,350.94,351.41,351.01,350.83,361.41,351.77,351.49,350.96,350.96,351.06,350.85,340,351.28,361.61,350.82,351.02,351.14,260,600,352.0,-0.9945218953682725,351.64,350.93
354.25,0.13052619222005127,352.0,357.22,353.96,352.31,130.0,351.03,351.64,350.97,350.83,361.41,352.78,351.65,350.93,350.95,351.27,350.83,340,351.49,361.61,350.87,351.01,351.39,260,600,352.19,-0.9914448613738105,351.83,350.98
359.42,0.1564344650402368,351.21,367.13,356.67,352.32,1040.0,351.17,351.83,350.96,350.83,361.41,355.62,351.06,350.91,350.95,351.47,350.82,340,351.65,361.61,350.92,351.0,351.63,260,600,351.31,-0.9876883405951368,351.13,350.9
361.35,0.18223552549215877,351.08,368.28,357.5,352.32,1040.0,351.38,351.13,351.16,350.83,361.41,359.97,350.96,351.07,350.96,351.64,350.83,340,351.06,361.61,350.98,351.04,351.81,260,600,351.16,-0.9832549075639525,351.02,350.85
354.44,0.20791169081776203,351.03,367.95,357.17,352.32,1040.0,351.17,351.02,351.41,350.84,361.41,352.52,350.93,351.28,351.04,351.06,350.87,340,350.96,361.61,350.9,351.18,351.13,260,600,351.11,-0.978147600733805,350.98,350.83
352.31,0.2334453638559143,351.01,367.3,356.65,352.32,1040.0,351.03,350.98,351.64,350.86,361.41,351.69,350.91,351.49,351.26,350.96,350.93,340,350.93,361.61,350.85,351.6,351.01,260,600,351.09,-0.9723699203976744,350.96,350.82
351.67,0.2588190451025203,351.27,359.97,354.44,351.4,130.0,350.95,350.96,351.83,350.92,354.78,351.36,351.07,351.65,351.89,350.93,350.98,340,350.91,360.65,350.83,353.34,350.97,260,600,351.42,-0.9659258262890684,351.16,350.83
351.38,0.28401534470392825,351.57,358.1,354.09,351.13,130.0,350.91,351.16,351.13,351.04,352.29,351.19,351.29,351.06,354.41,350.91,350.9,340,351.07,353.79,350.82,362.14,350.96,260,600,351.75,-0.9588197348681914,351.41,350.87
351.22,0.3090169943749582,351.81,357.46,353.99,351.03,130.0,350.88,351.41,351.02,351.25,351.77,351.09,351.49,350.96,361.82,351.07,350.85,340,351.29,351.95,350.83,367.97,351.16,260,600,352.0,-0.9510565162951501,351.64,350.93
351.12,0.3338068592337734,352.0,357.23,353.96,351.07,130.0,350.86,351.64,350.98,351.52,351.88,351.03,351.66,350.93,366.48,351.28,350.83,340,351.49,352.07,350.87,368.81,351.41,260,600,352.19,-0.9426414910921775,351.83,350.98
351.06,0.35836794954530865,351.21,367.14,356.68,351.1,1040.0,350.84,351.83,350.96,351.34,351.96,350.98,351.06,350.91,353.6,351.49,350.82,340,351.66,352.16,350.93,356.87,351.64,260,600,351.31,-0.9335804264971985,351.13,350.91
351.01,0.38268343236508917,351.08,368.29,357.52,351.13,1040.0,350.83,351.13,351.16,351.13,352.03,350.95,350.96,351.07,352.05,351.65,350.83,340,351.06,352.23,350.98,352.91,351.83,260,600,351.16,-0.923879532511287,351.02,350.85
350.98,0.4067366430758054,351.04,367.96,357.18,350.95,1040.0,350.82,351.02,351.41,351.02,351.14,350.93,350.93,351.29,351.56,351.06,350.87,340,350.96,351.22,350.9,351.94,351.13,260,600,351.11,-0.9135454576425985,350.98,350.83
350.96,0.43051109680830607,351.01,367.31,356.66,350.87,1040.0,350.82,350.98,351.64,350.96,350.99,350.91,350.91,351.49,351.33,350.96,350.93,340,350.93,351.05,350.85,351.55,351.02,260,600,351.09,-0.9025852843498554,350.96,350.82
350.95,0.4539904997395498,351.27,359.98,354.44,350.84,130.0,350.81,350.96,351.83,350.93,350.94,350.9,351.07,351.66,351.45,350.93,350.98,340,350.91,350.99,350.83,351.95,350.98,260,600,351.42,-0.8910065241883663,351.16,350.83
350.94,0.4771587602596162,351.57,358.11,354.09,350.82,130.0,350.81,351.16,351.13,350.97,350.92,350.9,351.29,351.06,352.49,350.91,350.91,340,351.07,350.97,350.82,355.62,350.96,260,600,351.75,-0.8788171126619612,351.42,350.87
351.14,0.5000000000000001,351.81,357.46,353.99,350.81,130.0,350.82,351.42,351.02,351.12,350.91,351.05,351.49,350.96,357.16,351.07,350.85,340,351.29,350.96,350.83,365.94,351.16,260,600,352.0,-0.8660254037844386,351.64,350.93
351.39,0.5224985647159536,352.0,357.23,353.96,350.81,130.0,350.87,351.64,350.98,351.36,350.9,351.26,351.66,350.93,364.51,351.29,350.83,340,351.49,350.95,350.87,368.52,351.41,260,600,352.19,-0.8526401643540893,351.83,350.98
351.66,0.5446390350150371,351.21,367.14,356.68,350.81,1040.0,350.92,351.83,350.96,351.27,350.9,351.49,351.06,350.91,353.14,351.49,350.82,340,351.66,350.94,350.93,355.68,351.64,260,600,351.31,-0.8386705679454175,351.13,350.91
351.95,0.5664062369248347,351.08,368.29,357.52,350.81,1040.0,350.98,351.13,351.16,351.1,350.9,351.72,350.96,351.07,351.92,351.66,350.83,340,351.06,350.94,350.98,352.63,351.83,260,600,351.16,-0.8241261886220144,351.02,350.85
352.46,0.5877852522924801,351.04,367.96,357.18,350.82,1040.0,351.04,351.02,351.42,351.0,351.06,352.04,350.93,351.29,351.5,351.06,350.87,340,350.96,351.14,350.91,351.84,351.13,260,600,351.11,-0.8090169943749423,350.98,350.83
354.05,0.6087614290087199,351.01,367.31,356.66,350.87,1040.0,351.11,350.98,351.64,350.95,351.27,352.78,350.91,351.49,351.3,350.96,350.93,340,350.93,351.39,350.85,351.5,351.02,260,600,351.09,-0.7933533402912357,350.96,350.82
359.24,0.6293203910498416,351.0,366.62,356.19,350.92,1040.0,351.21,350.96,351.83,350.91,351.47,355.45,350.9,351.66,351.17,350.93,350.98,340,350.91,351.63,350.83,351.32,350.98,260,600,351.08,-0.7771459614569675,350.95,350.81
361.34,0.6494480483301927,351.0,365.99,355.83,350.98,1040.0,351.4,350.95,351.13,350.88,351.64,359.94,350.9,351.06,351.1,350.91,350.91,340,350.9,351.81,350.82,351.2,350.96,260,600,351.07,-0.7604059656000233,350.94,350.81
361.56,0.6691306063588605,350.99,365.46,355.57,350.9,1040.0,351.67,350.94,351.02,350.87,351.06,361.08,350.9,350.96,351.05,351.07,350.85,340,350.9,351.13,350.83,351.13,351.16,260,600,351.07,-0.7431448254773922,350.94,350.81
361.59,0.6883545756937601,350.99,365.04,355.38,350.85,1040.0,351.92,350.94,350.98,350.85,350.96,361.29,350.89,350.93,351.01,351.29,350.83,340,350.9,351.01,350.87,351.08,351.42,260,600,351.06,-0.7253743710122817,350.94,350.81
361.6,0.7071067811865474,351.24,358.93,354.2,350.83,130.0,352.09,350.94,350.96,350.84,350.93,361.35,351.05,350.91,350.98,351.49,350.82,340,350.89,350.97,350.93,351.05,351.64,260,600,351.38,-0.7071067811865477,351.13,350.82
361.61,0.7253743710122919,351.54,357.66,354.0,350.82,130.0,352.19,351.13,350.95,350.84,350.91,361.38,351.26,350.9,350.97,351.66,350.81,340,351.05,350.96,350.98,351.02,351.83,260,600,351.72,-0.6883545756937495,351.39,350.86
361.61,0.7431448254774026,351.79,357.25,353.95,350.83,130.0,352.25,351.39,350.94,350.83,351.07,361.4,351.46,350.9,350.95,351.06,350.81,340,351.26,351.16,350.91,351.01,351.13,260,600,351.98,-0.6691306063588489,351.62,350.92
361.61,0.7604059656000328,351.98,357.12,353.94,350.87,130.0,352.28,351.62,350.94,350.83,351.28,361.4,351.64,350.9,350.95,350.96,350.81,340,351.46,351.41,350.85,351.0,351.02,260,600,352.17,-0.6494480483301814,351.81,350.98
361.61,0.7771459614569767,351.21,366.88,356.49,350.93,1040.0,352.3,351.81,350.94,350.82,351.49,361.41,351.06,350.89,350.94,350.93,350.81,340,351.64,351.64,350.83,351.0,350.98,260,600,351.31,-0.6293203910498303,351.13,350.9
361.61,0.7933533402912349,351.08,368.06,357.3,350.98,1040.0,352.31,351.13,351.13,350.83,351.65,361.41,350.96,351.05,350.96,350.91,350.82,340,351.06,351.83,350.82,351.03,350.96,260,600,351.16,-0.6087614290087209,351.01,350.85
361.61,0.809016994374951,351.03,367.75,357.0,350.9,1040.0,352.32,351.01,351.39,350.83,351.06,361.41,350.93,351.26,351.03,350.9,350.86,340,350.96,351.13,350.81,351.16,350.95,260,600,351.11,-0.5877852522924683,350.97,350.83
361.61,0.8241261886220221,351.01,367.13,356.53,350.85,1040.0,352.32,350.97,351.62,350.86,350.96,361.41,350.91,351.46,351.23,350.9,350.92,340,350.93,351.02,350.81,351.54,350.94,260,600,351.09,-0.5664062369248234,350.96,350.82
361.61,0.8386705679454255,351.0,366.46,356.1,350.83,1040.0,352.32,350.96,351.81,350.91,350.93,361.41,350.9,351.64,351.79,350.9,350.98,340,350.91,350.98,350.81,353.02,350.94,260,600,351.08,-0.5446390350150248,350.95,350.81
361.61,0.8526401643540965,351.0,365.86,355.77,350.82,1040.0,352.32,350.95,351.13,351.02,350.91,361.41,350.9,351.06,354.0,350.89,350.9,340,350.9,350.96,350.81,361.1,350.94,260,600,351.07,-0.5224985647159419,350.94,350.81
360.65,0.8660254037844384,350.99,365.36,355.53,350.83,1040.0,351.4,350.94,351.01,351.22,351.07,354.78,350.9,350.96,361.14,351.05,350.85,340,350.9,351.16,350.82,367.79,351.13,260,600,351.07,-0.5000000000000004,350.94,350.81
353.79,0.8788171126619677,350.99,364.96,355.35,350.87,1040.0,351.13,350.94,350.97,351.49,351.29,352.29,350.89,350.93,366.26,351.26,350.83,340,350.9,351.41,350.86,368.78,351.39,260,600,351.06,-0.4771587602596041,350.94,350.81
351.95,0.891006524188373,351.24,358.9,354.2,350.93,130.0,351.03,350.94,350.96,351.75,351.49,351.77,351.05,350.91,367.69,351.46,350.82,340,350.89,351.64,350.92,368.96,351.62,260,600,351.38,-0.4539904997395367,351.13,350.82
352.07,0.9025852843498621,351.53,357.64,354.0,350.98,130.0,351.07,351.13,350.95,351.95,351.66,351.88,351.26,350.9,368.18,351.64,350.81,340,351.05,351.83,350.98,369.01,351.81,260,600,351.72,-0.430511096808292,351.39,350.86
352.16,0.9135454576426045,351.79,357.24,353.95,350.91,130.0,351.1,351.39,350.94,352.09,351.06,351.96,351.46,350.9,368.39,351.06,350.81,340,351.26,351.13,350.9,369.03,351.13,260,600,351.97,-0.40673664307579205,351.62,350.92
352.23,0.9238795325112868,351.98,357.11,353.94,350.85,130.0,351.13,351.62,350.94,352.18,350.96,352.03,351.64,350.9,368.49,350.96,350.81,340,351.46,351.02,350.85,369.04,351.01,260,600,352.17,-0.38268343236508956,351.81,350.98
351.22,0.9335804264972037,351.21,366.87,356.49,350.83,1040.0,350.95,351.81,350.94,352.24,350.93,351.14,351.06,350.89,368.54,350.93,350.81,340,351.64,350.98,350.83,369.05,350.97,260,600,351.31,-0.35836794954529494,351.13,350.9
351.05,0.9426414910921824,351.08,368.05,357.29,350.82,1040.0,350.87,351.13,351.13,352.27,350.91,350.99,350.96,351.05,368.57,350.91,350.82,340,351.06,350.96,350.82,369.05,350.96,260,600,351.16,-0.3338068592337596,351.01,350.85
350.99,0.9510565162951543,351.03,367.74,357.0,350.83,1040.0,350.84,351.01,351.39,352.29,351.07,350.94,350.93,351.26,368.58,350.9,350.86,340,350.96,351.16,350.81,369.05,350.95,260,600,351.11,-0.3090169943749451,350.97,350.83
350.97,0.9588197348681955,351.01,367.12,356.52,350.87,1040.0,350.82,350.97,351.62,352.3,351.29,350.92,350.91,351.46,368.59,350.9,350.92,340,350.93,351.42,350.81,369.05,350.94,260,600,351.09,-0.2840153447039142,350.96,350.82
350.96,0.9659258262890681,351.0,366.46,356.1,350.93,1040.0,350.81,350.96,351.81,352.31,351.49,350.91,350.9,351.64,368.59,350.9,350.98,340,350.91,351.64,350.81,369.06,350.94,260,600,351.08,-0.25881904510252157,350.95,350.81
350.95,0.9723699203976779,351.0,365.86,355.77,350.98,1040.0,350.81,350.95,351.13,352.32,351.66,350.9,350.9,351.06,368.6,350.89,350.9,340,350.9,351.83,350.81,369.06,350.94,260,600,351.07,-0.23344536385590003,350.94,350.81
350.94,0.9781476007338081,350.99,365.36,355.53,350.91,1040.0,350.81,350.94,351.01,352.32,351.06,350.9,350.9,350.96,368.6,351.05,350.85,340,350.9,351.13,350.82,369.06,351.13,260,600,351.07,-0.20791169081774769,350.94,350.81
350.94,0.983254907563955,350.99,364.96,355.35,350.85,1040.0,350.81,350.94,350.97,352.32,350.96,350.9,350.89,350.93,368.6,351.26,350.83,340,350.9,351.02,350.86,369.06,351.39,260,600,351.06,-0.18223552549214522,350.94,350.81
351.14,0.9876883405951391,350.99,364.65,355.22,350.83,1040.0,350.82,350.94,350.96,351.62,350.93,351.06,350.89,350.91,356.05,351.46,350.82,340,350.89,350.98,350.92,361.34,351.62,260,600,351.06,-0.15643446504022232,350.94,350.8
351.39,0.9914448613738104,350.99,364.42,355.13,350.82,1040.0,350.87,350.94,350.95,351.24,350.91,351.27,350.89,350.9,352.64,351.64,350.81,340,350.89,350.96,350.98,354.29,351.81,260,600,351.06,-0.13052619222005168,350.93,350.8
351.63,0.994521895368274,350.99,364.25,355.07,350.81,1040.0,350.92,350.93,350.94,351.16,350.9,351.47,350.89,350.9,354.44,351.06,350.81,340,350.89,350.95,350.9,357.94,351.13,260,600,351.06,-0.10452846326764724,350.93,350.8
351.81,0.9969173337331289,350.99,364.12,355.02,350.81,1040.0,350.98,350.93,350.94,351.33,350.9,351.64,350.89,350.9,359.16,350.96,350.81,340,350.89,350.94,350.85,361.15,351.01,260,600,351.06,-0.07845909572783412,350.93,350.8
351.13,0.998629534754574,351.23,358.56,354.13,350.81,130.0,350.9,350.93,350.94,351.59,350.9,351.06,351.05,350.89,360.95,350.93,350.81,340,350.89,350.94,350.83,361.54,350.97,260,600,351.37,-0.05233595624294082,351.13,350.82
351.01,0.9996573249755575,351.53,357.5,353.97,350.81,130.0,350.85,351.13,350.94,351.86,350.89,350.96,351.26,350.89,361.25,350.91,350.8,340,351.05,350.94,350.82,361.59,350.96,260,600,351.71,-0.026176948307863778,351.38,350.86
350.97,1.0,351.78,357.17,353.94,350.82,130.0,350.83,351.38,350.93,351.3,351.05,350.93,351.46,350.89,353.61,350.9,350.8,340,351.26,351.13,350.81,357.76,350.95,260,600,351.97,0.0,351.61,350.92
350.96,0.9996573249755571,351.98,357.08,353.93,350.86,130.0,350.82,351.61,350.93,351.09,351.26,350.91,351.63,350.89,352.02,350.9,350.8,340,351.46,351.39,350.81,353.06,350.94,260,600,352.16,0.026176948307879103,351.8,350.97
351.16,0.9986295347545733,351.21,366.79,356.44,350.92,1040.0,350.83,351.8,350.93,350.99,351.46,351.07,351.06,350.89,351.51,350.9,350.8,340,351.63,351.62,350.81,351.93,350.94,260,600,351.3,0.05233595624295572,351.13,350.9
351.41,0.9969173337331277,351.08,367.99,357.23,350.98,1040.0,350.87,351.13,351.13,350.93,351.64,351.28,350.96,351.05,351.27,350.89,350.82,340,351.06,351.81,350.81,351.51,350.94,260,600,351.16,0.07845909572784791,351.01,350.85
351.64,0.9945218953682724,351.03,367.69,356.95,350.9,1040.0,350.93,351.01,351.38,350.89,351.06,351.49,350.93,351.26,351.14,350.89,350.86,340,350.96,351.13,350.8,351.29,350.94,260,600,351.11,0.10452846326766235,350.97,350.83
351.83,0.9914448613738104,351.01,367.08,356.49,350.85,1040.0,350.98,350.97,351.61,350.87,350.96,351.65,350.91,351.46,351.06,350.89,350.92,340,350.93,351.01,350.8,351.17,350.93,260,600,351.09,0.13052619222005157,350.96,350.82
351.13,0.9876883405951368,351.27,359.86,354.41,350.83,130.0,350.9,350.96,351.8,350.85,350.93,351.06,351.07,351.63,351.01,350.89,350.97,340,350.91,350.97,350.8,351.09,350.93,260,600,351.41,0.15643446504023675,351.16,350.83
351.02,0.9832549075639524,351.56,358.06,354.08,350.82,130.0,350.85,351.16,351.13,350.84,350.91,350.96,351.28,351.06,350.97,350.89,350.9,340,351.07,350.96,350.8,351.04,350.93,260,600,351.75,0.18223552549215916,351.41,350.87
350.98,0.978147600733805,351.81,357.44,353.99,350.81,130.0,350.83,351.41,351.01,350.86,350.9,350.93,351.49,350.96,351.2,351.05,350.85,340,351.28,350.95,350.82,351.33,351.13,260,600,352.0,0.20791169081776223,351.64,350.93
350.96,0.9723699203976746,352.0,357.22,353.96,350.81,130.0,350.82,351.64,350.97,350.91,350.9,350.91,351.65,350.93,351.5,351.26,350.83,340,351.49,350.94,350.86,351.73,351.38,260,600,352.19,0.23344536385591408,351.83,350.98
351.16,0.9659258262890683,351.21,367.12,356.66,350.81,1040.0,350.83,351.83,350.96,350.98,350.9,351.07,351.06,350.91,351.91,351.46,350.82,340,351.65,350.94,350.92,352.33,351.61,260,600,351.31,0.25881904510252074,351.13,350.9
351.41,0.9588197348681914,351.08,368.27,357.49,350.81,1040.0,350.87,351.13,351.16,351.06,350.89,351.29,350.96,351.07,352.67,351.63,350.83,340,351.06,350.94,350.97,353.85,351.8,260,600,351.16,0.2840153447039283,351.02,350.85
351.64,0.9510565162951499,351.03,367.94,357.16,350.82,1040.0,350.93,351.02,351.41,350.99,351.05,351.49,350.93,351.28,351.5,351.06,350.87,340,350.96,351.13,350.9,351.91,351.13,260,600,351.11,0.3090169943749588,350.98,350.83
351.83,0.9426414910921774,351.01,367.29,356.64,350.86,1040.0,350.98,350.98,351.64,350.93,351.26,351.66,350.91,351.49,351.27,350.96,350.93,340,350.93,351.39,350.85,351.5,351.01,260,600,351.09,0.33380685923377373,350.96,350.82
351.13,0.9335804264971985,351.0,366.6,356.18,350.92,1040.0,350.91,350.96,351.83,350.89,351.46,351.06,350.9,351.65,351.14,350.93,350.98,340,350.91,351.62,350.83,351.29,350.97,260,600,351.08,0.3583679495453086,350.95,350.81
351.02,0.9238795325112867,351.0,365.97,355.83,350.98,1040.0,350.85,350.95,351.13,350.87,351.64,350.96,350.9,351.06,351.06,350.91,350.9,340,350.9,351.81,350.82,351.17,350.96,260,600,351.07,0.3826834323650898,350.94,350.81
350.98,0.9135454576425985,350.99,365.45,355.57,350.9,1040.0,350.83,350.94,351.02,350.89,351.06,350.93,350.9,350.96,351.41,351.07,350.85,340,350.9,351.13,350.83,351.65,351.16,260,600,351.07,0.4067366430758056,350.94,350.81
350.96,0.9025852843498555,350.99,365.03,355.38,350.85,1040.0,350.82,350.94,350.98,350.96,350.96,350.91,350.89,350.93,351.92,351.28,350.83,340,350.9,351.01,350.87,352.42,351.41,260,600,351.06,0.43051109680830585,350.94,350.81
351.16,0.8910065241883666,350.99,364.7,355.24,350.83,1040.0,350.83,350.94,350.96,351.06,350.93,351.07,350.89,350.91,352.85,351.49,350.82,340,350.89,350.97,350.93,354.36,351.64,260,600,351.06,0.4539904997395494,350.94,350.8
351.42,0.878817112661961,350.99,364.46,355.15,350.82,1040.0,350.87,350.94,350.95,351.19,350.91,351.29,350.89,350.9,355.82,351.65,350.81,340,350.89,350.96,350.98,359.59,351.83,260,600,351.06,0.4771587602596163,350.93,350.8
351.64,0.8660254037844387,350.99,364.28,355.08,350.81,1040.0,350.93,350.93,350.94,351.08,350.9,351.49,350.89,350.9,351.96,351.06,350.81,340,350.89,350.95,350.9,352.92,351.13,260,600,351.06,0.49999999999999994,350.93,350.8
351.83,0.8526401643540892,350.99,364.14,355.03,350.81,1040.0,350.98,350.93,350.94,350.98,350.9,351.66,350.89,350.9,351.48,350.96,350.81,340,350.89,350.94,350.85,351.88,351.02,260,600,351.06,0.5224985647159539,350.93,350.8
351.13,0.8386705679454175,350.99,364.04,354.99,350.81,1040.0,350.91,350.93,350.94,350.93,350.9,351.06,350.89,350.89,351.26,350.93,350.81,340,350.89,350.94,350.83,351.48,350.98,260,600,351.06,0.5446390350150371,350.93,350.8
351.02,0.824126188622014,350.99,363.97,354.96,350.81,1040.0,350.85,350.93,350.94,350.89,350.89,350.96,350.89,350.89,351.13,350.91,350.8,340,350.89,350.94,350.82,351.28,350.96,260,600,351.06,0.5664062369248353,350.93,350.8
350.98,0.8090169943749421,350.99,363.92,354.94,350.8,1040.0,350.83,350.93,350.93,350.92,350.89,350.93,350.89,350.89,351.61,350.9,350.8,340,350.89,350.94,350.81,351.98,350.95,260,600,351.06,0.5877852522924804,350.93,350.8
350.96,0.7933533402912352,350.99,363.88,354.93,350.8,1040.0,350.82,350.93,350.93,351.0,350.89,350.91,350.89,350.89,352.36,350.9,350.8,340,350.89,350.93,350.81,353.29,350.94,260,600,351.06,0.6087614290087207,350.93,350.8
350.95,0.7771459614569671,351.23,358.47,354.11,350.8,130.0,350.81,350.93,350.93,351.12,350.89,350.9,351.05,350.89,354.18,350.9,350.8,340,350.89,350.93,350.81,357.51,350.94,260,600,351.37,0.629320391049842,351.13,350.82
350.94,0.7604059656000233,351.53,357.46,353.97,350.8,130.0,350.81,351.13,350.93,351.29,350.89,350.9,351.25,350.89,358.83,350.89,350.8,340,351.05,350.93,350.81,361.06,350.94,260,600,351.71,0.6494480483301927,351.38,350.86
350.94,0.7431448254773922,351.78,357.15,353.93,350.82,130.0,350.81,351.38,350.93,351.13,351.05,350.9,351.46,350.89,352.3,350.89,350.8,340,351.25,351.13,350.8,353.81,350.94,260,600,351.97,0.6691306063588603,351.61,350.92
350.94,0.7253743710122815,351.97,357.07,353.93,350.86,130.0,350.81,351.61,350.93,351.01,351.26,350.89,351.63,350.89,351.61,350.89,350.8,340,351.46,351.38,350.8,352.14,350.93,260,600,352.16,0.6883545756937604,351.8,350.97
351.13,0.7071067811865476,351.21,366.77,356.42,350.92,1040.0,350.82,351.8,350.93,350.94,351.46,351.05,351.06,350.89,351.33,350.89,350.8,340,351.63,351.61,350.8,351.6,350.93,260,600,351.3,0.7071067811865475,351.13,350.9
351.39,0.6883545756937497,351.08,367.97,357.22,350.97,1040.0,350.86,351.13,351.13,350.9,351.63,351.26,350.96,351.05,351.17,350.89,350.82,340,351.06,351.8,350.8,351.34,350.93,260,600,351.16,0.7253743710122917,351.01,350.85
351.62,0.6691306063588495,351.03,367.67,356.94,350.9,1040.0,350.92,351.01,351.38,350.93,351.06,351.46,350.93,351.25,351.71,350.89,350.86,340,350.96,351.13,350.8,352.17,350.93,260,600,351.11,0.7431448254774021,350.97,350.83
351.81,0.6494480483301814,351.01,367.06,356.48,350.85,1040.0,350.98,350.97,351.61,351.02,350.96,351.64,350.91,351.46,352.63,350.89,350.92,340,350.93,351.01,350.8,353.89,350.93,260,600,351.09,0.7604059656000328,350.96,350.82
351.13,0.6293203910498305,351.0,366.41,356.07,350.83,1040.0,350.9,350.96,351.8,351.15,350.93,351.06,350.9,351.63,355.1,350.89,350.97,340,350.91,350.97,350.8,358.89,350.93,260,600,351.08,0.7771459614569765,350.95,350.81
351.01,0.6087614290087207,351.0,365.82,355.75,350.82,1040.0,350.85,350.95,351.13,351.35,350.91,350.96,350.9,351.06,359.67,350.89,350.9,340,350.9,350.96,350.8,361.28,350.93,260,600,351.07,0.7933533402912352,350.94,350.81
350.97,0.5877852522924684,350.99,365.33,355.51,350.83,1040.0,350.83,350.94,351.01,351.15,351.07,350.93,350.9,350.96,352.45,351.05,350.85,340,350.9,351.16,350.82,354.24,351.13,260,600,351.07,0.8090169943749509,350.94,350.81
350.96,0.5664062369248232,350.99,364.94,355.34,350.87,1040.0,350.82,350.94,350.97,351.02,351.28,350.91,350.89,350.93,351.67,351.25,350.83,340,350.9,351.41,350.86,352.26,351.38,260,600,351.06,0.8241261886220224,350.94,350.81
350.95,0.5446390350150246,351.24,358.89,354.2,350.93,130.0,350.81,350.94,350.96,350.95,351.49,350.9,351.05,350.91,351.35,351.46,350.82,340,350.89,351.64,350.92,351.65,351.61,260,600,351.38,0.8386705679454256,351.13,350.82
350.94,0.5224985647159414,351.53,357.64,354.0,350.98,130.0,350.81,351.13,350.95,350.91,351.65,350.9,351.26,350.9,351.19,351.63,350.81,340,351.05,351.83,350.97,351.37,351.8,260,600,351.72,0.8526401643540968,351.39,350.86
350.94,0.5000000000000001,351.79,357.24,353.95,350.9,130.0,350.81,351.39,350.94,350.88,351.06,350.9,351.46,350.9,351.09,351.06,350.81,340,351.26,351.13,350.9,351.21,351.13,260,600,351.97,0.8660254037844386,351.62,350.92
350.94,0.4771587602596033,351.98,357.11,353.94,350.85,130.0,350.81,351.62,350.94,350.86,350.96,350.89,351.64,350.9,351.03,350.96,350.81,340,351.46,351.02,350.85,351.12,351.01,260,600,352.17,0.8788171126619682,351.81,350.98
351.13,0.45399049973953637,352.13,357.09,353.94,350.83,130.0,350.82,351.81,350.94,350.84,350.93,351.05,351.77,350.89,350.98,350.93,350.81,340,351.64,350.98,350.83,351.06,350.97,260,600,352.32,0.8910065241883732,351.95,351.03
351.39,0.43051109680829247,352.25,357.11,353.95,350.82,130.0,350.86,351.95,351.13,350.83,350.91,351.26,351.88,351.05,350.95,350.91,350.82,340,351.77,350.96,350.82,351.01,350.96,260,600,352.43,0.9025852843498618,352.07,351.07
351.62,0.40673664307579205,352.34,357.14,353.96,350.81,130.0,350.92,352.07,351.39,350.85,350.9,351.46,351.96,351.26,351.16,350.9,350.86,340,351.88,350.95,350.81,351.28,350.95,260,600,352.52,0.9135454576426045,352.16,351.1
351.81,0.38268343236508984,352.41,357.17,353.97,350.81,130.0,350.98,352.16,351.62,350.9,350.9,351.64,352.03,351.46,351.44,350.9,350.92,340,351.96,350.94,350.81,351.63,350.94,260,600,352.59,0.9238795325112867,352.23,351.13
351.13,0.3583679495452948,351.31,368.99,358.47,350.81,1040.0,350.9,352.23,351.81,350.96,350.9,351.06,351.14,351.64,351.78,350.9,350.98,340,352.03,350.94,350.81,352.12,350.94,260,600,351.42,0.9335804264972039,351.22,350.95
351.01,0.3338068592337598,351.12,370.2,360.18,350.81,1040.0,350.85,351.22,351.95,351.04,350.89,350.96,350.99,351.77,352.36,350.89,351.03,340,351.14,350.94,350.81,353.14,350.94,260,600,351.21,0.9426414910921823,351.05,350.87
350.97,0.30901699437494473,351.06,369.85,359.5,350.8,1040.0,350.83,351.05,352.07,350.97,350.89,350.93,350.94,351.88,351.41,351.05,351.07,340,350.99,350.94,350.82,351.74,351.13,260,600,351.14,0.9510565162951544,350.99,350.83
350.96,0.2840153447039142,351.03,369.11,358.4,350.8,1040.0,350.82,350.99,352.16,350.92,350.89,350.91,350.92,351.96,351.22,351.26,351.1,340,350.94,350.93,350.86,351.42,351.39,260,600,351.11,0.9588197348681955,350.97,350.82
350.95,0.25881904510252074,351.3,361.05,354.71,350.8,130.0,350.81,350.97,352.23,350.88,350.89,350.9,351.09,352.03,351.11,351.46,351.13,340,350.92,350.93,350.92,351.24,351.62,260,600,351.45,0.9659258262890683,351.18,350.84
350.94,0.23344536385589965,351.6,358.57,354.19,350.8,130.0,350.81,351.18,351.22,350.86,350.89,350.9,351.31,351.14,351.04,351.64,350.95,340,351.09,350.93,350.98,351.14,351.81,260,600,351.78,0.972369920397678,351.44,350.88
350.94,0.20791169081774774,351.84,357.68,354.03,350.8,130.0,350.81,351.44,351.05,350.84,350.89,350.9,351.51,350.99,350.99,351.77,350.87,340,351.31,350.93,351.03,351.07,351.95,260,600,352.03,0.9781476007338081,351.67,350.93
350.94,0.1822355254921444,352.03,357.34,353.98,350.8,130.0,350.81,351.67,350.99,350.83,350.89,350.89,351.67,350.94,350.96,351.88,350.83,340,351.51,350.93,351.07,351.02,352.07,260,600,352.22,0.9832549075639552,351.85,350.99
350.94,0.15643446504022215,351.22,367.4,356.87,350.8,1040.0,350.8,351.85,350.97,350.82,350.89,350.89,351.07,350.92,350.93,351.96,350.82,340,351.67,350.93,351.1,350.99,352.16,260,600,351.32,0.9876883405951391,351.14,350.91
350.93,0.1305261922200517,351.08,368.51,357.74,350.8,1040.0,350.8,351.14,351.18,350.82,350.89,350.89,350.97,351.09,350.92,352.03,350.84,340,351.07,350.93,351.13,350.97,352.23,260,600,351.16,0.9914448613738104,351.02,350.85
350.93,0.10452846326764771,351.04,368.15,357.36,350.82,1040.0,350.8,351.02,351.44,350.83,351.05,350.89,350.93,351.31,351.09,351.14,350.88,340,350.97,351.13,350.95,351.18,351.22,260,600,351.12,0.994521895368274,350.98,350.83
350.93,0.07845909572783305,351.02,367.48,356.79,350.86,1040.0,350.8,350.98,351.67,350.88,351.25,350.89,350.91,351.51,351.31,350.99,350.93,340,350.93,351.38,350.87,351.46,351.05,260,600,351.09,0.996917333733129,350.96,350.82
351.13,0.052335956242940865,351.0,366.76,356.28,350.92,1040.0,350.82,350.96,351.85,350.93,351.46,351.05,350.9,351.67,351.57,350.94,350.99,340,350.91,351.61,350.83,351.78,350.99,260,600,351.08,0.998629534754574,350.95,350.81
351.38,0.02617694830786426,351.0,366.11,355.9,350.97,1040.0,350.86,350.95,351.14,351.0,351.63,351.26,350.9,351.07,351.89,350.92,350.91,340,350.9,351.8,350.82,352.24,350.97,260,600,351.07,0.9996573249755575,350.94,350.81
351.61,6.123233995736766e-17,350.99,365.55,355.62,350.9,1040.0,350.92,350.94,351.02,350.93,351.06,351.46,350.9,350.97,351.24,351.09,350.85,340,350.9,351.13,350.84,351.43,351.18,260,600,351.07,1.0,350.94,350.81
351.8,-0.02617694830787923,350.99,365.11,355.41,350.85,1040.0,350.97,350.94,350.98,350.89,350.96,351.63,350.89,350.93,351.12,351.31,350.83,340,350.9,351.01,350.88,351.25,351.44,260,600,351.06,0.9996573249755571,350.94,350.81
351.13,-0.052335956242955596,350.99,364.76,355.27,350.83,1040.0,350.9,350.94,350.96,350.86,350.93,351.06,350.89,350.91,351.04,351.51,350.82,340,350.89,350.97,350.93,351.14,351.67,260,600,351.06,0.9986295347545733,350.94,350.8
351.01,-0.07845909572784798,350.99,364.5,355.16,350.82,1040.0,350.85,350.94,350.95,350.84,350.91,350.96,350.89,350.9,350.99,351.67,350.81,340,350.89,350.96,350.99,351.07,351.85,260,600,351.06,0.9969173337331277,350.93,350.8
350.97,-0.10452846326766217,350.99,364.31,355.09,350.81,1040.0,350.83,350.93,350.94,350.83,350.9,350.93,350.89,350.9,350.96,351.07,350.81,340,350.89,350.95,350.91,351.02,351.14,260,600,351.06,0.9945218953682724,350.93,350.8
350.96,-0.1305261922200516,350.99,364.17,355.03,350.81,1040.0,350.82,350.93,350.94,350.82,350.9,350.91,350.89,350.9,350.93,350.97,350.81,340,350.89,350.94,350.85,350.99,351.02,260,600,351.06,0.9914448613738104,350.93,350.8
351.16,-0.15643446504023673,351.23,358.58,354.13,350.81,130.0,350.83,350.93,350.94,350.82,350.9,351.07,351.05,350.89,350.92,350.93,350.81,340,350.89,350.94,350.83,350.97,350.98,260,600,351.37,0.9876883405951368,351.13,350.82
351.41,-0.1822355254921591,351.53,357.51,353.97,350.81,130.0,350.87,351.13,350.94,350.81,350.89,351.28,351.26,350.89,350.91,350.91,350.8,340,351.05,350.94,350.82,350.95,350.96,260,600,351.71,0.9832549075639524,351.38,350.86
351.64,-0.20791169081776217,351.78,357.17,353.94,350.82,130.0,350.93,351.38,350.93,350.81,351.05,351.49,351.46,350.89,350.9,350.9,350.8,340,351.26,351.13,350.81,350.94,350.95,260,600,351.97,0.978147600733805,351.61,350.92
351.83,-0.2334453638559142,351.98,357.08,353.93,350.86,130.0,350.98,351.61,350.93,350.81,351.26,351.65,351.63,350.89,350.89,350.9,350.8,340,351.46,351.39,350.81,350.94,350.94,260,600,352.16,0.9723699203976744,351.8,350.97
351.13,-0.25881904510252063,352.13,357.08,353.94,350.92,130.0,350.9,351.8,350.93,350.8,351.46,351.06,351.77,350.89,350.89,350.9,350.8,340,351.63,351.62,350.81,350.93,350.94,260,600,352.31,0.9659258262890683,351.95,351.03
351.02,-0.28401534470392836,352.25,357.1,353.95,350.98,130.0,350.85,351.95,351.13,350.8,351.64,350.96,351.88,351.05,350.89,350.89,350.82,340,351.77,351.81,350.81,350.93,350.94,260,600,352.43,0.9588197348681914,352.07,351.07
350.98,-0.30901699437495855,352.34,357.14,353.96,351.03,130.0,350.83,352.07,351.38,350.82,351.77,350.93,351.96,351.26,351.04,350.89,350.86,340,351.88,351.95,350.8,351.12,350.94,260,600,352.52,0.95105651629515,352.16,351.1
350.96,-0.33380685923377373,352.41,357.17,353.97,351.07,130.0,350.82,352.16,351.61,350.86,351.88,350.91,352.02,351.46,351.25,350.89,350.92,340,351.96,352.07,350.8,351.37,350.93,260,600,352.59,0.9426414910921774,352.23,351.13
350.95,-0.35836794954530854,352.47,357.2,353.98,351.1,130.0,350.81,352.23,351.8,350.92,351.96,350.9,352.08,351.63,351.46,350.89,350.97,340,352.02,352.16,350.8,351.62,350.93,260,600,352.64,0.9335804264971985,352.28,351.15
350.94,-0.3826834323650895,352.51,357.22,353.99,351.13,130.0,350.81,352.28,351.95,350.97,352.03,350.9,352.11,351.77,351.67,350.89,351.03,340,352.08,352.23,350.8,351.88,350.93,260,600,352.69,0.9238795325112868,352.33,351.16
350.94,-0.40673664307580554,352.55,357.24,353.99,350.95,130.0,350.81,352.33,352.07,350.91,351.14,350.9,352.15,351.88,351.12,351.05,351.07,340,352.11,351.22,350.82,351.24,351.13,260,600,352.72,0.9135454576425985,352.36,351.17
350.94,-0.43051109680830574,352.58,357.26,354.0,350.87,130.0,350.81,352.36,352.16,350.87,350.99,350.89,352.17,351.96,351.03,351.26,351.1,340,352.15,351.05,350.86,351.12,351.38,260,600,352.75,0.9025852843498555,352.39,351.18
350.94,-0.45399049973954947,352.6,357.27,354.0,350.83,130.0,350.8,352.39,352.23,350.84,350.94,350.89,352.19,352.02,350.98,351.46,351.13,340,352.17,350.99,350.92,351.06,351.61,260,600,352.77,0.8910065241883665,352.41,351.19
350.93,-0.4771587602596163,352.62,357.28,354.0,350.82,130.0,350.8,352.41,352.28,350.83,350.92,350.89,352.2,352.08,350.95,351.63,351.15,340,352.19,350.97,350.97,351.01,351.8,260,600,352.79,0.878817112661961,352.43,351.19
350.93,-0.4999999999999998,352.63,357.29,354.0,350.84,130.0,350.8,352.43,352.33,350.85,351.09,350.89,352.22,352.11,351.15,351.77,351.16,340,352.2,351.18,351.03,351.27,351.95,260,600,352.8,0.8660254037844387,352.44,351.2
350.93,-0.5224985647159541,352.64,357.3,354.01,350.88,130.0,350.8,352.44,352.36,350.9,351.31,350.89,352.23,352.15,351.43,351.88,351.17,340,352.22,351.44,351.07,351.62,352.07,260,600,352.81,0.8526401643540891,352.45,351.2
350.93,-0.5446390350150369,352.65,357.3,354.01,350.93,130.0,350.8,352.45,352.39,350.96,351.51,350.89,352.23,352.17,351.76,351.96,351.18,340,352.23,351.67,351.1,352.08,352.16,260,600,352.82,0.8386705679454177,352.46,351.2
350.93,-0.5664062369248352,352.66,357.31,354.01,350.99,130.0,350.8,352.46,352.41,351.04,351.67,350.89,352.24,352.19,352.3,352.02,351.19,340,352.23,351.85,351.13,353.03,352.23,260,600,352.83,0.824126188622014,352.46,351.2
350.93,-0.5877852522924802,352.66,357.31,354.01,350.91,130.0,350.8,352.46,352.43,350.97,351.07,350.89,352.24,352.2,351.39,352.08,351.19,340,352.24,351.14,351.15,351.71,352.28,260,600,352.84,0.8090169943749422,352.47,351.21
350.93,-0.6087614290087207,352.67,357.32,354.01,350.85,130.0,350.8,352.47,352.44,350.91,350.97,350.89,352.25,352.22,351.21,352.11,351.2,340,352.24,351.02,351.16,351.4,352.33,260,600,352.84,0.7933533402912352,352.47,351.21
351.13,-0.629320391049842,351.36,370.13,360.27,350.83,1040.0,350.82,352.47,352.45,350.88,350.93,351.05,351.18,352.23,351.1,352.15,351.2,340,352.25,350.98,351.17,351.23,352.36,260,600,351.47,0.7771459614569671,351.26,350.97
351.38,-0.6494480483301927,351.14,371.16,362.53,350.82,1040.0,350.86,351.26,352.46,350.86,350.91,351.25,351.01,352.23,351.04,352.17,351.2,340,351.18,350.96,351.18,351.13,352.39,260,600,351.24,0.7604059656000232,351.07,350.88
